Protocolo;data;hora;natureza;situacao;bairro;endereco;numero;detalhe_endereco_acidente;complemento;bairro_cruzamento;num_semaforo;sentido_via;tipo;auto;moto;ciclom;ciclista;pedestre;onibus;caminhao;viatura;outros;vitimas;vitimasfatais;acidente_verificado;tempo_clima;situacao_semaforo;sinalizacao;condicao_via;conservacao_via;ponto_controle;situacao_placa;velocidade_max_via;mao_direcao;divisao_via1;divisao_via2;divisao_via3
202201979,0;2022-01-30;;1;FINALIZADA;CORDEIRO;AV CAXANGA;1220,0;RUA GREGORIO JUNIOR;PROX A FUNERARIA SANTA PAULA,  FUNERÁRIA SÃO JORGE;CORDEIRO;236,0;SUBURBIO;COLISÃO LATERAL;0,0;1,0;0,0;0,0;0,0;1,0;0,0;0,0;0,0;2,0;0,0;Cruzamento;Bom;Sem defeito;Perfeito estado;Seca;Perfeito estado;Faixa de pedestre;R-25d;60 km/h;Dupla;Faixa contínua;Canteiro central;
202201982,0;2022-01-30;;1;FINALIZADA;PORTO DA MADEIRA;AV BEBERIBE;;LAD DO SAPOTI;DALVA DE OLIVEIRA;PORTO DA MADEIRA;3677,0;;COLISÃO TRANSVERSAL;1,0;1,0;0,0;0,0;0,0;0,0;0,0;0,0;0,0;2,0;0,0;Cruzamento;Bom;Sem defeito;Perfeito estado;Seca;Perfeito estado;Não existe;Outras;;Dupla;Não existe;;
202201997,0;2022-01-30;;1;FINALIZADA;BOMBA DO HEMETÉRIO;RUA CHA DE ALEGRIA;20,0;;PRÓX AO ESPETINHO DA CEÇA;BOMBA DO HEMETÉRIO;;SUBURBIO;CHOQUE;1,0;0,0;0,0;0,0;0,0;0,0;0,0;0,0;0,0;2,0;0,0;Longo da via;Bom;Não existe;Perfeito estado;Seca;Mal conservada;Não existe;Outras;30 km/h;Dupla;Não existe;;
202202000,0;2022-01-30;;2;FINALIZADA;PARNAMIRIM;EST DO ENCANAMENTO;;;PRÓX À SMART FIT E À DROGASIL;PARNAMIRIM;;;COLISÃO TRASEIRA;2,0;0,0;0,0;0,0;0,0;0,0;0,0;0,0;0,0;0,0;0,0;;;;;;;;;;;;;
202202006,0;2022-01-30;;1;FINALIZADA;CAMPO GRANDE;EST DE BELEM;1335,0;;PRÓX A LOJA DONA  SAMAMBAIA;CAMPO GRANDE;;;ATROPELAMENTO DE ANIMAL;0,0;0,0;0,0;0,0;0,0;0,0;0,0;0,0;0,0;1,0;0,0;;;;;;;;;;;;;
202202007,0;2022-01-30;;2;FINALIZADA;MADALENA;RUA DOM JOAO DE SOUZA;333,0;;E/F AO EDF PRAÇA DAS FIGUEIRAS;MADALENA;;;CHOQUE;0,0;0,0;0,0;0,0;0,0;0,0;0,0;0,0;0,0;0,0;0,0;;;;;;;;;;;;;
202202010,0;2022-01-30;;1;FINALIZADA;CASA AMARELA;RUA OSCAR DE BARROS;150,0;RUA XAVANTES;E/F A CLINICA DE OLHOS CASA AMARELA;CASA AMARELA;;;COLISÃO TRANSVERSAL;1,0;1,0;0,0;0,0;0,0;0,0;0,0;0,0;0,0;1,0;0,0;Cruzamento;Bom;Não existe;Perfeito estado;Seca;Perfeito estado;Faixa de retenção;R-6a;;Dupla;Não existe;;
202202012,0;2022-01-30;;2;CANCELADA;BOMBA DO HEMETÉRIO;RUA PROFESSOR JOSE AMARINO DOS REIS;660,0;;PRÓX AO CLUBE DO TEIMOSO;BOMBA DO HEMETÉRIO;;;COLISÃO TRASEIRA;0,0;0,0;0,0;0,0;0,0;0,0;0,0;0,0;0,0;0,0;0,0;;;;;;;;;;;;;
202202032,0;2022-01-31;;1;FINALIZADA;JOANA BEZERRA;AV GOVERNADOR AGAMENON MAGALHAES;;;VIADUTO CAPITAO TEMUDO;JOANA BEZERRA;;SUBURBIO;COLISÃO TRANSVERSAL;1,0;1,0;0,0;0,0;0,0;0,0;0,0;0,0;0,0;1,0;0,0;Viaduto;Bom;Não existe;Perfeito estado;Seca;Perfeito estado;Não existe;Não há placas;;Única;Faixa seccionada;;
202202035,0;2022-01-31;;3;FINALIZADA;CABANGA;VIADUTO CAPITAO TEMUDO;;;PRÓXIMO A ALÇA DE ACESSO PARA VIA MANGUE;CABANGA;;SUBURBIO;COLISÃO LATERAL;1,0;1,0;0,0;0,0;0,0;0,0;0,0;0,0;0,0;0,0;1,0;Viaduto;Bom;Não existe;Perfeito estado;Seca;Perfeito estado;;Não há placas;60 km/h;Dupla;Canteiro central;;
202202046,0;2022-01-31;;2;FINALIZADA;APIPUCOS;AV DEZESSETE DE AGOSTO;;;PRÓXIMO AO AÇUDE DE APIPUCOS;APIPUCOS;;;COLISÃO LATERAL;0,0;0,0;0,0;0,0;0,0;0,0;0,0;0,0;0,0;0,0;0,0;Longo da via;Bom;Sem defeito;Perfeito estado;Seca;Perfeito estado;;Outras;;Dupla;Faixa contínua;;
202202052,0;2022-01-31;;2;CANCELADA;SANTO AMARO;RUA PRINCESA IZABEL;;;ENTRE O TREZE DE MAIO  E  FACULDADE DE DIREITO;SANTO AMARO;;;COLISÃO LATERAL;2,0;0,0;0,0;0,0;0,0;0,0;0,0;0,0;0,0;0,0;0,0;;;;;;;;;;;;;
202202060,0;2022-01-31;;1;CANCELADA;BOA VISTA;AV CONDE DA BOA VISTA;;;E/F A FAFIRE;BOA VISTA;;;COLISÃO FRONTAL;1,0;0,0;0,0;0,0;0,0;1,0;0,0;0,0;0,0;1,0;0,0;;;;;;;;;;;;;
202202064,0;2022-01-31;;1;FINALIZADA;AFOGADOS;AV SUL;;RUA ANTONIO MACARIO;E/F AO POSTO PETRONAC;AFOGADOS;;CIDADE;COLISÃO LATERAL;1,0;1,0;0,0;0,0;0,0;0,0;0,0;0,0;0,0;1,0;0,0;Longo da via;Bom;Não existe;Perfeito estado;Seca;Perfeito estado;Não existe;Não há placas;;Única;Faixa seccionada;;
202202066,0;2022-01-31;;1;FINALIZADA;ENCRUZILHADA;AV NORTE MIGUEL ARRAES DE ALENCAR;;;AO LADO DA RENAULT S/T SUB;ENCRUZILHADA;665,0;SUBURBIO;COLISÃO LATERAL;1,0;1,0;0,0;0,0;0,0;0,0;0,0;0,0;0,0;1,0;0,0;Longo da via;Bom;Sem defeito;Perfeito estado;Seca;Perfeito estado;Faixa de pedestre;R-6a;;Dupla;Canteiro central;;
202202079,0;2022-01-31;;2;CANCELADA;IPUTINGA;RUA DR VIRGINIO MARQUES;274,0;;PRÓX A IGREJA CATÓLICA DA IPUTINGA;IPUTINGA;;;CHOQUE;0,0;0,0;0,0;0,0;0,0;0,0;0,0;0,0;0,0;0,0;0,0;;;;;;;;;;;;;
202202082,0;2022-01-31;;2;FINALIZADA;PINA;AV BOA VIAGEM;;;PRÓXIMO AO NÚCLEO DA POLICIA MILITAR;PINA;;CIDADE;COLISÃO TRASEIRA;2,0;0,0;0,0;0,0;0,0;0,0;0,0;0,0;0,0;0,0;0,0;;;;;;;;;;;;;
202202112,0;2022-02-01;;1;FINALIZADA;PARNAMIRIM;AV PARNAMIRIM;416,0;;E/F A TROIS BARBEARIA;PARNAMIRIM;;;QUEDA;0,0;1,0;0,0;0,0;0,0;1,0;0,0;0,0;0,0;1,0;0,0;Longo da via;Bom;Não existe;Perfeito estado;Seca;Perfeito estado;Outros;Outras;;Única;Faixa seccionada;;
202202135,0;2022-02-01;;1;FINALIZADA;IPSEP;RUA ITANAGE;11,0;;E/F IPSEP MOVEIS;IPSEP;;SUBURBIO;COLISÃO TRASEIRA;1,0;1,0;0,0;0,0;0,0;0,0;0,0;0,0;0,0;1,0;0,0;Longo da via;Bom;Não existe;Perfeito estado;Seca;Perfeito estado;Não existe;Não há placas;;Dupla;Não existe;;
202202143,0;2022-02-01;;1;CANCELADA;CAXANGÁ;AV JOAQUIM RIBEIRO;1250,0;;PRÓX À DISTRIBUIDORA DE ÁGUA PURELEVE - SENTIDO CAMARAGIBE;CAXANGÁ;;;COLISÃO FRONTAL;1,0;1,0;0,0;0,0;0,0;0,0;0,0;0,0;0,0;1,0;0,0;;;;;;;;;;;;;
202202156,0;2022-02-01;;1;FINALIZADA;SÃO JOSÉ;C SANTA RITA;;;TERMINAL CAIS DE SANTA RITA;SÃO JOSÉ;571,0;CIDADE;ATROPELAMENTO DE PESSOA;0,0;0,0;0,0;0,0;1,0;1,0;0,0;0,0;0,0;1,0;0,0;Outros;Bom;Sem defeito;Incompleta;Seca;Mal conservada;Não existe;Não há placas;;Dupla;Outros;;
202202164,0;2022-02-01;;2;FINALIZADA;JARDIM SÃO PAULO;AV SAO PAULO;426,0;;ENFRENTE AO RENDI MAIS;JARDIM SÃO PAULO;;;COLISÃO FRONTAL;1,0;1,0;0,0;0,0;0,0;0,0;0,0;0,0;0,0;0,0;0,0;;;;;;;;;;;;;
202202188,0;2022-02-01;;1;FINALIZADA;VÁRZEA;RUA DIOGO DE VASCONCELOS;608,0;;ENFRENTE AO BAR ALTO JATO;VÁRZEA;;CIDADE;COLISÃO TRASEIRA;5,0;0,0;0,0;0,0;0,0;1,0;0,0;0,0;0,0;1,0;0,0;Longo da via;Bom;Não existe;Ilegível;Seca;Perfeito estado;Não existe;Não há placas;;Dupla;Não existe;;
202202222,0;2022-02-02;;1;FINALIZADA;SANTO AMARO;AV GOVERNADOR AGAMENON MAGALHAES;;;PROXIMO DO POSTO BR, ANTES DO RETORNO PARA SANTO AMARO;SANTO AMARO;;;COLISÃO TRANSVERSAL;1,0;1,0;0,0;0,0;0,0;0,0;0,0;0,0;0,0;1,0;0,0;Longo da via;Bom;Sem defeito;Perfeito estado;Seca;Perfeito estado;Faixa de pedestre;Outras;;Dupla;Canteiro central;;
202202223,0;2022-02-02;;1;FINALIZADA;IMBIRIBEIRA;AV MARECHAL MASCARENHAS DE MORAES;3963,0;;EM FRENTE A TUPAN;IMBIRIBEIRA;;CIDADE;COLISÃO LATERAL;1,0;1,0;0,0;0,0;0,0;0,0;0,0;0,0;0,0;1,0;0,0;Longo da via;Bom;Não existe;Perfeito estado;Seca;Perfeito estado;Não existe;Não há placas;;Dupla;Canteiro central;;
202202238,0;2022-02-02;;1;FINALIZADA;PINA;AV ANTONIO DE GOES;534,0;RUA JOSE MARIANO FILHO;;PINA;538,0;;COLISÃO FRONTAL;1,0;1,0;0,0;0,0;0,0;0,0;0,0;0,0;0,0;1,0;0,0;Cruzamento;Bom;Sem defeito;;Seca;Perfeito estado;Faixa de pedestre;R-19;60 km/h;Única;Faixa contínua;Faixa seccionada;Canteiro central
202202255,0;2022-02-02;;1;FINALIZADA;PARNAMIRIM;RUA JOAO TUDE DE MELO;;RUA VIRGINIA LORETO;RUA VIRGINIA LORETO;PARNAMIRIM;649,0;CARREFOUR;COLISÃO LATERAL;1,0;1,0;0,0;0,0;0,0;0,0;0,0;0,0;1,0;1,0;0,0;Longo da via;Bom;Sem defeito;Perfeito estado;Seca;Perfeito estado;Não existe;Não há placas;;Única;Faixa contínua;;
202202257,0;2022-02-02;;1;FINALIZADA;IMBIRIBEIRA;AV MARECHAL MASCARENHAS DE MORAES;1681,0;;CENTRO DE DISTRIBUIÇÃO DA  LAZER ELETRO;IMBIRIBEIRA;;CIDADE;COLISÃO LATERAL;1,0;1,0;0,0;0,0;0,0;0,0;0,0;0,0;0,0;1,0;0,0;Longo da via;Bom;Não existe;Perfeito estado;Seca;Perfeito estado;Não existe;Não há placas;;Única;Faixa seccionada;;
202202260,0;2022-02-02;;1;CANCELADA;IMBIRIBEIRA;AV MARECHAL MASCARENHAS DE MORAES;;;E/F A HONDA  S/T CID;IMBIRIBEIRA;;;COLISÃO LATERAL;1,0;1,0;0,0;0,0;0,0;0,0;0,0;0,0;0,0;1,0;0,0;;;;;;;;;;;;;
202202263,0;2022-02-02;;1;FINALIZADA;CAMPO GRANDE;RUA JERONIMO VILELA;;RUA DR JOSE MACHADO;ESQUINA DA PADARIA SANTO ANTONIO;CAMPO GRANDE;565,0;CIDADE;COLISÃO LATERAL;1,0;1,0;0,0;0,0;0,0;0,0;0,0;0,0;0,0;1,0;0,0;Cruzamento;Bom;Desligado;Perfeito estado;Seca;Perfeito estado;Faixa de pedestre;R-6a;;Dupla;Faixa contínua;;
202202273,0;2022-02-02;;1;FINALIZADA;JOANA BEZERRA;PTE JOSE DE BARROS LIMA;;;;JOANA BEZERRA;;SUBURBIO;COLISÃO TRANSVERSAL;1,0;1,0;0,0;0,0;0,0;0,0;0,0;0,0;0,0;1,0;0,0;Viaduto;Bom;Não existe;Perfeito estado;Seca;Perfeito estado;Não existe;Não há placas;60 km/h;;Faixa contínua;Faixa seccionada;
202202284,0;2022-02-02;;1;FINALIZADA;DOIS IRMÃOS;RUA PROF CLAUDIO SELVA;20,0;;ESCOLA MUNIC. SOCIÓLOGO GILBERTO FREIRE;DOIS IRMÃOS;;SUBURBIO;QUEDA;0,0;1,0;0,0;0,0;0,0;0,0;0,0;0,0;0,0;1,0;0,0;Esquina;Bom;Não existe;Perfeito estado;Seca;Perfeito estado;Não existe;Outras;;Dupla;Não existe;;
202202297,0;2022-02-03;;1;FINALIZADA;DOIS UNIDOS;AV HILDEBRANDO DE VASCONCELOS;;RUA MARCIA MENDES;PROXIMO AO CT DO SANTA CRUZ;DOIS UNIDOS;;SUBURBIO;COLISÃO TRANSVERSAL;1,0;1,0;0,0;0,0;0,0;0,0;0,0;0,0;0,0;2,0;0,0;Cruzamento;Bom;Não existe;Perfeito estado;Seca;Perfeito estado;Faixa de pedestre;"Placas ""Pare""";;Dupla;Faixa seccionada;;
202202327,0;2022-02-03;;2;FINALIZADA;BOA VIAGEM;RUA TENENTE JOAO CICERO;486,0;RUA MINISTRO NELSON HUNGRIA;ED. PRAIA DE IPANEMA;BOA VIAGEM;;SUBURBIO;CHOQUE;1,0;0,0;0,0;0,0;0,0;0,0;0,0;0,0;0,0;0,0;0,0;Cruzamento;Bom;Não existe;Perfeito estado;Seca;Perfeito estado;Faixa de pedestre;Outras;;Única;Não existe;;
202202343,0;2022-02-03;;1;FINALIZADA;GRAÇAS;RUA DO FUTURO;480,0;;E/F AO EDIFICIO CHAMPERY;GRAÇAS;;CIDADE;COLISÃO COM CICLISTA;1,0;0,0;0,0;1,0;0,0;0,0;0,0;0,0;0,0;1,0;0,0;Longo da via;Bom;Não existe;Perfeito estado;Seca;Perfeito estado;Não existe;Outras;;Única;Faixa seccionada;;
202202397,0;2022-02-03;;2;FINALIZADA;AREIAS;AV TAPAJOS;73,0;;OPOSTO CANTINHO DO BINA;AREIAS;620,0;;COLISÃO TRASEIRA;1,0;0,0;0,0;0,0;0,0;0,0;0,0;1,0;0,0;0,0;0,0;Longo da via;Bom;Sem defeito;Incompleta;Seca;Perfeito estado;Não existe;R-6c;;Dupla;Não existe;;
202202408,0;2022-02-03;;1;FINALIZADA;BOA VIAGEM;RUA VISCONDE DE JEQUITINHONHA;;RUA BALTAZAR PASSOS;;BOA VIAGEM;154,0;SUBURBIO;COLISÃO LATERAL;1,0;1,0;0,0;0,0;0,0;0,0;0,0;0,0;0,0;1,0;0,0;Cruzamento;Bom;Sem defeito;Perfeito estado;Seca;Perfeito estado;Faixa de pedestre;"Placas ""Dê a preferência""";;;Faixa seccionada;;
202202409,0;2022-02-03;;1;FINALIZADA;IBURA;LAD DA COHAB;;;NA SUBIDA DA LADEIRA;IBURA;;CIDADE;COLISÃO LATERAL;1,0;1,0;0,0;0,0;0,0;0,0;0,0;0,0;0,0;1,0;0,0;Outros;Bom;Não existe;Ilegível;Seca;Perfeito estado;Não existe;Não há placas;;Dupla;Faixa contínua;;
202202410,0;2022-02-03;;1;FINALIZADA;PORTO DA MADEIRA;AV CIDADE DE MONTEIRO;;RUA RIO BEBERIBE;E/F AO ARMAZEN CORAL;PORTO DA MADEIRA;;SUBURBIO;COLISÃO TRANSVERSAL;0,0;1,0;0,0;0,0;0,0;1,0;0,0;0,0;0,0;1,0;0,0;Cruzamento;Bom;Não existe;Perfeito estado;Seca;Perfeito estado;Faixa de pedestre;R-6a;;Dupla;Faixa contínua;Faixa seccionada;
202202440,0;2022-02-04;;1;FINALIZADA;CAXANGÁ;AV CAXANGA;4973,0;;LADO OPOSTO AO GOLF CLUB;CAXANGÁ;;CIDADE;COLISÃO TRASEIRA;1,0;1,0;0,0;0,0;0,0;0,0;0,0;0,0;0,0;1,0;0,0;Longo da via;Bom;Não existe;Perfeito estado;Seca;Perfeito estado;Não existe;Não há placas;;Única;;;
202202454,0;2022-02-04;;2;FINALIZADA;BONGI;AV ENGENHEIRO ABDIAS DE CARVALHO;1749,0;;PRÓX AO COMPAZ;BONGI;;;CHOQUE;0,0;0,0;0,0;0,0;0,0;0,0;0,0;0,0;0,0;0,0;0,0;Longo da via;Bom;Não existe;Perfeito estado;Seca;Perfeito estado;Não existe;;;Dupla;Canteiro central;;
202202474,0;2022-02-04;;1;FINALIZADA;TORRÕES;AV ENGENHEIRO ABDIAS DE CARVALHO;90,0;;EM FRENTE A MEGA PEDRAS, SENTIDO CENTRO;TORRÕES;;;COLISÃO LATERAL;1,0;1,0;0,0;0,0;0,0;0,0;0,0;0,0;0,0;1,0;0,0;Longo da via;Bom;Não existe;Não existente;Seca;Perfeito estado;Não existe;Não há placas;60 km/h;Dupla;Canteiro central;;
202202475,0;2022-02-04;;1;FINALIZADA;BOA VIAGEM;AVENIDA CELSO FURTADO (VIA MANGUE);;;PRÓXIMO À BIFURCAÇÃO (PRIMEIRA) QUE DÁ ACESSO À RUA ANTÔNIO FALCÃO;BOA VIAGEM;;SUBURBIO;COLISÃO LATERAL;1,0;1,0;0,0;0,0;0,0;0,0;0,0;0,0;0,0;1,0;0,0;Longo da via;Bom;Não existe;Perfeito estado;Seca;Perfeito estado;Não existe;Não há placas;;Dupla;Blocos;;
202202478,0;2022-02-04;;1;FINALIZADA;IMBIRIBEIRA;VIADUTO TANCREDO NEVES;;;NA DESCIDA DO VIADUTO/ SENTIDO AV. RECIFE - ALÇA DE ACESSO A AV MAL MASCARENHAS DE MORAIS;IMBIRIBEIRA;;AV RECIFE;COLISÃO TRASEIRA;1,0;1,0;0,0;0,0;0,0;0,0;0,0;0,0;0,0;1,0;0,0;Viaduto;Bom;Não existe;Perfeito estado;Seca;Perfeito estado;Não existe;Não há placas;;Única;Faixa seccionada;;
202202492,0;2022-02-04;;1;FINALIZADA;SANTO AMARO;AV DR JAYME DA FONTE;66,0;AV GOVERNADOR AGAMENON MAGALHAES;PROXIMO AO SEMÁFORO 049 / LADO OPOSTO AO CAMPO DO 11;SANTO AMARO;;SUBURBIO;COLISÃO LATERAL;1,0;1,0;0,0;0,0;0,0;0,0;0,0;0,0;0,0;1,0;0,0;Longo da via;Bom;Não existe;Perfeito estado;Seca;Perfeito estado;Não existe;Não há placas;;Dupla;Canteiro central;;
202202496,0;2022-02-04;;1;CANCELADA;BOA VIAGEM;RUA CAPITAO ZUZINHA;237,0;RUA FELICIANO JOSE DE FARIAS;PRÓX A VITORIA PRAIA HOTEL;BOA VIAGEM;;;COLISÃO LATERAL;0,0;0,0;0,0;0,0;0,0;0,0;0,0;0,0;0,0;1,0;0,0;;;;;;;;;;;;;
202202511,0;2022-02-04;;1;FINALIZADA;ÁGUA FRIA;RUA MANOEL SILVA;361,0;;E/F AO ESPETINHO DO BEU;ÁGUA FRIA;;CIDADE;COLISÃO LATERAL;2,0;1,0;0,0;0,0;0,0;0,0;0,0;0,0;0,0;1,0;0,0;Longo da via;Bom;Não existe;Perfeito estado;Seca;Perfeito estado;Não existe;Não há placas;;Dupla;Não existe;;
202202571,0;2022-02-06;;2;FINALIZADA;CAMPO GRANDE;AV GOVERNADOR AGAMENON MAGALHAES;;RUA ODORICO MENDES;;CAMPO GRANDE;;;CAPOTAMENTO;2,0;0,0;0,0;0,0;0,0;0,0;0,0;0,0;0,0;0,0;0,0;;;;;;;;;;;;;
202202576,0;2022-02-06;;1;CANCELADA;IBURA;AV JORNALISTA COSTA PORTO;190,0;;EM FRENTE A COMPESA  /;IBURA;;;COLISÃO FRONTAL;1,0;1,0;0,0;0,0;0,0;0,0;0,0;0,0;0,0;1,0;0,0;;;;;;;;;;;;;
202202580,0;2022-02-06;;1;FINALIZADA;IBURA;AV SANTOS;160,0;;EM FRENTE A COMPESA  /;IBURA;;CIDADE;COLISÃO TRANSVERSAL;1,0;1,0;0,0;0,0;0,0;0,0;0,0;0,0;0,0;1,0;0,0;Longo da via;Bom;Não existe;Perfeito estado;Seca;Perfeito estado;Não existe;Não há placas;;Dupla;Não existe;;
202202581,0;2022-02-06;;1;FINALIZADA;SÃO JOSÉ;RUA IMPERIAL;987,0;TRV DO RAPOSO;EM FRENTE A CM FERRAGENS /;SÃO JOSÉ;510,0;SUBURBIO;COLISÃO TRANSVERSAL;1,0;1,0;0,0;0,0;0,0;0,0;0,0;0,0;0,0;1,0;0,0;Cruzamento;Bom;Sem defeito;Perfeito estado;Seca;Perfeito estado;Faixa de pedestre;Outras;;Única;;;
202202597,0;2022-02-06;;1;FINALIZADA;PINA;RUA MANOEL DE BRITO;207,0;RUA MELQUI RIBEIRO ROMA;PROXIMO AO BATALHÃO 19º / AO LADO DO CORPUS MOTEL;PINA;;CIDADE;COLISÃO LATERAL;1,0;1,0;0,0;0,0;0,0;0,0;0,0;0,0;0,0;1,0;0,0;Longo da via;Bom;Não existe;Perfeito estado;Seca;Perfeito estado;Não existe;Não há placas;;Única;Faixa contínua;;
202202620,0;2022-02-06;;1;CANCELADA;BOMBA DO HEMETÉRIO;RUA BOMBA DO HEMETERIO;;;E/F A ESCOLA MARDONIO COELHO;BOMBA DO HEMETÉRIO;;;ATROPELAMENTO DE PESSOA;1,0;0,0;0,0;0,0;1,0;0,0;0,0;0,0;0,0;1,0;0,0;;;;;;;;;;;;;
202202621,0;2022-02-06;;1;FINALIZADA;TEJIPIÓ;AV DR JOSE RUFINO;2984,0;;VIADUTO DO BARRO, SNT JABOATAO / PRÓX AO COLÉGIO ALBERTO TORRE;TEJIPIÓ;;SUBURBIO;COLISÃO TRASEIRA;2,0;1,0;0,0;0,0;0,0;0,0;0,0;0,0;0,0;1,0;0,0;Longo da via;Bom;Não existe;Perfeito estado;Seca;Perfeito estado;Não existe;Não há placas;;Dupla;Faixa contínua;;
202202624,0;2022-02-06;;2;FINALIZADA;AFOGADOS;RUA SAO MIGUEL;;;EM FRENTE AO DEPATRI;AFOGADOS;;;COLISÃO TRANSVERSAL;0,0;0,0;0,0;0,0;0,0;0,0;0,0;0,0;0,0;0,0;0,0;;;;;;;;;;;;;
202202651,0;2022-02-07;;2;FINALIZADA;BOA VIAGEM;AVENIDA CELSO FURTADO (VIA MANGUE);;;SENT. BOA VIAGEM;BOA VIAGEM;;;COLISÃO TRASEIRA;1,0;1,0;0,0;0,0;0,0;0,0;0,0;0,0;0,0;0,0;0,0;;;;;;;;;;;;;
202202658,0;2022-02-07;;2;CANCELADA;TORRÕES;RUA TUMIRITINGA;115,0;;NA RUA DA PADARIA MAX PÃO;TORRÕES;;;QUEDA;0,0;0,0;0,0;0,0;0,0;0,0;0,0;0,0;0,0;0,0;0,0;;;;;;;;;;;;;
202202665,0;2022-02-07;;1;FINALIZADA;SANTO AMARO;AV CRUZ CABUGA;165,0;;EM FRENTE A IGREJA UNIVERSAL DA CABUGÁ;SANTO AMARO;;;COLISÃO LATERAL;1,0;1,0;0,0;0,0;0,0;0,0;0,0;0,0;0,0;2,0;0,0;Longo da via;Bom;Não existe;Perfeito estado;Seca;Perfeito estado;;Outras;;Dupla;Faixa contínua;Faixa seccionada;
202202776,0;2022-02-08;;1;CANCELADA;AFOGADOS;RUA SAO MIGUEL;1428,0;;E/F AO BODE DO NO;AFOGADOS;;;COLISÃO LATERAL;0,0;0,0;0,0;0,0;0,0;0,0;0,0;0,0;0,0;1,0;0,0;;;;;;;;;;;;;
202202800,0;2022-02-09;;1;FINALIZADA;SANTO ANTÔNIO;PRC DA REPUBLICA;S/N;;EM FRENTE AO PALACIO DO GOVERNO;SANTO ANTÔNIO;488,0;SUBURBIO;COLISÃO COM CICLISTA;1,0;0,0;0,0;1,0;0,0;0,0;0,0;0,0;0,0;1,0;0,0;Cruzamento;Bom;Sem defeito;Perfeito estado;Seca;Perfeito estado;Faixa de pedestre;Outras;40 km/h;Única;Faixa seccionada;;
202202806,0;2022-02-09;;1;FINALIZADA;SANTO AMARO;RUA DO POMBAL;;RUA PEDRO AFONSO;EM FRENTE AO IML;SANTO AMARO;;SUBURBIO;COLISÃO TRANSVERSAL;1,0;1,0;0,0;0,0;0,0;0,0;0,0;0,0;0,0;2,0;0,0;Cruzamento;Bom;Não existe;Perfeito estado;Seca;Perfeito estado;Faixa de retenção;Outras;;Dupla;Faixa seccionada;;
202202830,0;2022-02-09;;2;FINALIZADA;AFLITOS;AV CONS ROSA E SILVA;1433,0;;;AFLITOS;;SUBURBIO;;2,0;0,0;0,0;0,0;0,0;0,0;0,0;0,0;0,0;0,0;0,0;Longo da via;Bom;Não existe;Perfeito estado;Seca;Perfeito estado;Não existe;R-6a;;Única;Faixa seccionada;;
202202848,0;2022-02-09;;1;FINALIZADA;BOA VISTA;RUA JOAO FERNANDES VIEIRA;560,0;;QUASE ENFRENTE A SUBWAI;BOA VISTA;;CIDADE;COLISÃO TRASEIRA;0,0;1,0;0,0;0,0;0,0;0,0;0,0;1,0;0,0;1,0;0,0;Longo da via;Bom;Não existe;Perfeito estado;Seca;Perfeito estado;Não existe;R-6a;;Única;Faixa seccionada;;
202202863,0;2022-02-09;;1;FINALIZADA;APIPUCOS;RUA DE APIPUCOS;400,0;;PRÓX À CAMATEX - COLCHÕES E ACESSÓRIOS;APIPUCOS;;CIDADE;COLISÃO TRASEIRA;1,0;1,0;0,0;0,0;0,0;0,0;0,0;0,0;0,0;1,0;0,0;Longo da via;Bom;Não existe;Perfeito estado;Seca;Perfeito estado;Não existe;Não há placas;40 km/h;Dupla;Faixa contínua;;
202202876,0;2022-02-09;;1;FINALIZADA;BEBERIBE;AV BEBERIBE;2315,0;;EM FRENTE AO DEPÓSITO DO ITALIANO;BEBERIBE;;SUBURBIO;COLISÃO FRONTAL;1,0;0,0;1,0;0,0;0,0;0,0;0,0;0,0;0,0;1,0;0,0;Longo da via;Bom;Não existe;Ilegível;Seca;Perfeito estado;Não existe;R-6a;60 km/h;Dupla;Faixa contínua;;
202202904,0;2022-02-10;;2;FINALIZADA;SAN MARTIN;RUA DELMIRO GOUVEIA;333,0;;EM FRENTE A CHESF;SAN MARTIN;;;COLISÃO LATERAL;2,0;0,0;0,0;0,0;0,0;0,0;0,0;0,0;0,0;0,0;0,0;;;;;;;;;;;;;
202202915,0;2022-02-10;;1;FINALIZADA;ILHA DO RETIRO;PTE PREFEITO LIMA DE CASTRO;;;SOBRE A PONTE PREFEITO LIMA DE CASTRO;ILHA DO RETIRO;;CIDADE;COLISÃO TRASEIRA;1,0;1,0;0,0;0,0;0,0;0,0;0,0;0,0;0,0;1,0;0,0;Ponte;Bom;Não existe;Perfeito estado;Seca;Perfeito estado;Não existe;Não há placas;;Dupla;Faixa contínua;;
202202919,0;2022-02-10;;1;FINALIZADA;SANTO ANTÔNIO;RUA SIQUEIRA CAMPOS;;AV MARTINS DE BARROS;POR TRAS DO BANDO SANTANDER;SANTO ANTÔNIO;;CIDADE;COLISÃO LATERAL;1,0;1,0;0,0;0,0;0,0;0,0;0,0;0,0;0,0;1,0;0,0;Esquina;Bom;Não existe;Perfeito estado;Seca;Perfeito estado;Não existe;R-6a;60 km/h;Única;Faixa contínua;Faixa seccionada;