Protocolo;data;hora;natureza;situacao;bairro;endereco;numero;detalhe_endereco_acidente;complemento;bairro_cruzamento;num_semaforo;sentido_via;tipo;auto;moto;ciclom;ciclista;pedestre;onibus;caminhao;viatura;outros;vitimas;vitimasfatais;acidente_verificado;tempo_clima;situacao_semaforo;sinalizacao;condicao_via;conservacao_via;ponto_controle;situacao_placa;velocidade_max_via;mao_direcao;divisao_via1;divisao_via2;divisao_via3
202205435,0;2022-03-11;;1;FINALIZADA;BOA VIAGEM;RUA VISCONDE DE JEQUITINHONHA;;;LADO OPOSTO AO EDIFICIO COSTA ATLANTICA E PROXIMO AO KUMON;BOA VIAGEM;;SUBURBIO;COLISÃO TRASEIRA;1,0;1,0;0,0;0,0;0,0;0,0;0,0;0,0;0,0;1,0;0,0;Longo da via;Bom;Não existe;Não existente;Seca;Perfeito estado;Não existe;Não há placas;;Única;Faixa seccionada;;
202205457,0;2022-03-11;;1;FINALIZADA;CORDEIRO;AV INACIO MONTEIRO;;RUA DR MIGUEL VIEIRA FERREIRA;E/F A FARMACIA DROGARIA CORDEIRO;CORDEIRO;566,0;SUBURBIO;COLISÃO FRONTAL;1,0;1,0;0,0;0,0;0,0;0,0;0,0;0,0;0,0;1,0;0,0;Cruzamento;Bom;Sem defeito;Incompleta;Seca;Perfeito estado;Faixa de pedestre;Não há placas;;Dupla;Faixa contínua;;
202205466,0;2022-03-11;;1;FINALIZADA;VÁRZEA;AV PROFESSOR ARTUR DE SA;1190,0;;PRÓXIMO AO CEMITÉRIO DA VÁRZEA;VÁRZEA;;CIDADE;COLISÃO TRANSVERSAL;1,0;1,0;0,0;0,0;0,0;0,0;0,0;0,0;0,0;1,0;0,0;Longo da via;Bom;Não existe;Perfeito estado;Seca;Perfeito estado;Não existe;Não há placas;;Dupla;Faixa contínua;;
202205499,0;2022-03-12;;1;FINALIZADA;BARRO;AV DR JOSE RUFINO;2365,0;;EM FRENTE A IGREJA DO BARRO;BARRO;;SUBURBIO;COLISÃO FRONTAL;1,0;1,0;0,0;0,0;0,0;0,0;0,0;0,0;0,0;2,0;0,0;Longo da via;Bom;Não existe;Incompleta;Seca;Perfeito estado;Não existe;Outras;;Dupla;Não existe;;
202205505,0;2022-03-12;;1;FINALIZADA;TORREÃO;RUA DJALMA FARIAS;365,0;RUA OTHON PARAISO;EM FRENTE AO DELICIA DO AÇAI;TORREÃO;;SUBURBIO;COLISÃO COM CICLISTA;1,0;0,0;0,0;1,0;0,0;0,0;0,0;0,0;0,0;1,0;0,0;Cruzamento;Bom;Não existe;Incompleta;Seca;Perfeito estado;Não existe;Outras;;Dupla;Canteiro central;;
202205514,0;2022-03-12;;2;FINALIZADA;APIPUCOS;RUA DOIS IRMAOS;;;PROX  HABSEVI  CONSTRUÇOES;APIPUCOS;;;COLISÃO TRASEIRA;2,0;0,0;0,0;0,0;0,0;0,0;0,0;0,0;0,0;0,0;0,0;;;;;;;;;;;;;
202205523,0;2022-03-12;;1;FINALIZADA;MACAXEIRA;AV NORTE MIGUEL ARRAES DE ALENCAR;;;PROX A INTEGRAÇAO DA MACAXEIRA  S/T  SUB;MACAXEIRA;;;COLISÃO LATERAL;1,0;1,0;0,0;0,0;0,0;0,0;0,0;0,0;0,0;1,0;0,0;;;;;;;;;;;;;
202205546,0;2022-03-12;;2;FINALIZADA;POÇO DA PANELA;RUA LUIZ GUIMARAES;;;VILLA ROSARGADA;POÇO DA PANELA;;SUBURBIO;CHOQUE;1,0;0,0;0,0;0,0;0,0;0,0;0,0;1,0;0,0;0,0;0,0;Longo da via;Bom;Não existe;Perfeito estado;Seca;Perfeito estado;Não existe;R-6a;;Dupla;Não existe;;
202205547,0;2022-03-12;;2;FINALIZADA;BOA VIAGEM;AV CONSELHEIRO AGUIAR;;RUA ANTONIO FALCAO;BANCA J.C 24;BOA VIAGEM;6,0;CIDADE;;1,0;0,0;0,0;0,0;0,0;0,0;0,0;1,0;0,0;0,0;0,0;Cruzamento;Bom;Sem defeito;Perfeito estado;Seca;Perfeito estado;Faixa de pedestre;Outras;;Única;Não existe;;
202205557,0;2022-03-13;;1;FINALIZADA;BOA VIAGEM;RUA RIBEIRO DE BRITO;1002,0;RUA TENENTE DOMINGOS DE BRITO;PROX A DROGASIL;BOA VIAGEM;;CIDADE;COLISÃO TRANSVERSAL;1,0;0,0;0,0;0,0;0,0;1,0;0,0;0,0;0,0;1,0;0,0;Cruzamento;Chuvoso;Sem defeito;Perfeito estado;Molhada;Perfeito estado;Faixa de pedestre;Outras;;Única;Faixa seccionada;;
202205586,0;2022-03-13;;1;FINALIZADA;CAMPO GRANDE;RUA JERONIMO VILELA;409,0;RUA FRANKLIN TAVORA;CRUZAMENTO DA VIA;CAMPO GRANDE;282,0;CIDADE;COLISÃO TRANSVERSAL;0,0;2,0;0,0;0,0;0,0;0,0;0,0;0,0;0,0;2,0;0,0;Cruzamento;Bom;Sem defeito;Perfeito estado;Seca;Perfeito estado;Faixa de pedestre;R-6a;;Dupla;Faixa contínua;Faixa seccionada;
202205592,0;2022-03-13;;3;FINALIZADA;APIPUCOS;RUA DOIS IRMAOS;389,0;;;APIPUCOS;535,0;SUBURBIO;COLISÃO COM CICLISTA;0,0;0,0;0,0;1,0;0,0;1,0;0,0;0,0;0,0;0,0;1,0;Longo da via;Bom;Sem defeito;Perfeito estado;Seca;Perfeito estado;Faixa de pedestre;Outras;60 km/h;Dupla;Faixa contínua;Faixa seccionada;
202205606,0;2022-03-13;;2;CANCELADA;PINA;AV ANTONIO DE GOES;218,0;;E/F AO POSTO BR;PINA;;;COLISÃO LATERAL;2,0;0,0;0,0;0,0;0,0;0,0;0,0;0,0;0,0;0,0;0,0;;;;;;;;;;;;;
202205608,0;2022-03-13;;1;FINALIZADA;IBURA;AV DOIS RIOS;;;AO LADO DA PAGUE MENOS/ PRÓX AO SEMÁFORO 323;IBURA;;SUBURBIO;COLISÃO TRANSVERSAL;1,0;1,0;0,0;0,0;0,0;0,0;0,0;0,0;0,0;1,0;0,0;Longo da via;Bom;Não existe;Perfeito estado;Seca;Perfeito estado;Não existe;Não há placas;;Dupla;Faixa seccionada;;
202205621,0;2022-03-14;;1;FINALIZADA;MUSTARDINHA;RUA VINTE E UM DE ABRIL;1321,0;;PRÓXIMO A ROCK PIZZA;MUSTARDINHA;;SUBURBIO;COLISÃO TRANSVERSAL;1,0;1,0;0,0;0,0;0,0;0,0;0,0;0,0;0,0;1,0;0,0;Longo da via;Chuvoso;Sem defeito;Perfeito estado;Molhada;Perfeito estado;Não existe;Não há placas;;Dupla;Faixa seccionada;;
202205646,0;2022-03-14;;1;FINALIZADA;BAIRRO DO RECIFE;AV MILITAR;;;EM FRENTE AO MEMORIAL DE JUSTIÇA DE PERNAMBUCO;BAIRRO DO RECIFE;;SUBURBIO;QUEDA;0,0;1,0;0,0;0,0;0,0;0,0;0,0;0,0;0,0;1,0;0,0;Longo da via;Bom;Não existe;Perfeito estado;Seca;Perfeito estado;Não existe;Não há placas;;Única;Faixa seccionada;;
202205648,0;2022-03-14;;2;FINALIZADA;SÃO JOSÉ;C SANTA RITA;;;SEMÁFORO 473;SÃO JOSÉ;473,0;CIDADE;;5,0;0,0;0,0;0,0;0,0;0,0;0,0;0,0;0,0;0,0;0,0;Longo da via;Bom;Sem defeito;Perfeito estado;Seca;Perfeito estado;Não existe;Não há placas;;Dupla;Canteiro central;;
202205683,0;2022-03-15;;1;FINALIZADA;BARRO;AV DR JOSE RUFINO;2612,0;;E/F A ASSISNTENCIA TECNICA EM REFRIGERAÇÃO;BARRO;615,0;SUBURBIO;COLISÃO TRASEIRA;1,0;0,0;0,0;0,0;0,0;1,0;0,0;0,0;0,0;1,0;0,0;Longo da via;Bom;Sem defeito;Ilegível;Seca;Perfeito estado;Faixa de pedestre;Outras;40 km/h;Dupla;Faixa contínua;Faixa seccionada;
202205697,0;2022-03-15;;1;FINALIZADA;AFOGADOS;RUA JOAO IVO DA SILVA;120,0;RUA PADRE TEOFILO TWORZ;E/F A TUPAN HOME CENTER;AFOGADOS;503,0;CIDADE;COLISÃO TRANSVERSAL;1,0;1,0;0,0;0,0;0,0;0,0;0,0;0,0;0,0;2,0;0,0;Cruzamento;Bom;Sem defeito;Perfeito estado;Seca;Perfeito estado;Não existe;R-32;;Dupla;Faixa contínua;Canteiro central;
202205719,0;2022-03-15;;1;FINALIZADA;IPUTINGA;RUA SAO MATEUS;344,0;;EM FRENTE  AIGREJA UNIVERSAL;IPUTINGA;;SUBURBIO;COLISÃO FRONTAL;1,0;1,0;0,0;0,0;0,0;0,0;0,0;0,0;0,0;1,0;0,0;Longo da via;Bom;Não existe;Incompleta;Seca;Perfeito estado;Não existe;Não há placas;;Dupla;Não existe;;
202205722,0;2022-03-15;;1;FINALIZADA;BOA VIAGEM;AV ENGENHEIRO DOMINGOS FERREIRA;;RUA FELIX DE BRITO E MELO;EM FRENTE A  CLINICA  A  MAIS;BOA VIAGEM;545,0;SUBURBIO;COLISÃO TRANSVERSAL;1,0;1,0;0,0;0,0;0,0;0,0;0,0;0,0;0,0;1,0;0,0;Cruzamento;Bom;Sem defeito;Perfeito estado;Seca;Perfeito estado;Faixa de pedestre;Outras;60 km/h;Única;Faixa contínua;;
202205728,0;2022-03-15;;2;FINALIZADA;CAXANGÁ;AV JOAQUIM RIBEIRO;;RUA RIBEIRO PESSOA;UPA DA CAXANGA;CAXANGÁ;281,0;CIDADE;COLISÃO TRANSVERSAL;2,0;0,0;0,0;0,0;0,0;0,0;0,0;0,0;0,0;0,0;0,0;Cruzamento;Bom;Sem defeito;Perfeito estado;Seca;Perfeito estado;Agente;Não há placas;60 km/h;Única;Canteiro central;;
202205747,0;2022-03-15;;1;FINALIZADA;DOIS IRMÃOS;RUA DOIS IRMAOS;;;EM FRENTE AO HORTO  E AO LAFEPE;DOIS IRMÃOS;;;COLISÃO LATERAL;1,0;1,0;0,0;0,0;0,0;0,0;0,0;0,0;0,0;2,0;0,0;Longo da via;Bom;Não existe;Não existente;Seca;Perfeito estado;Não existe;Não há placas;;Única;Não existe;;
202205750,0;2022-03-15;;2;FINALIZADA;CABANGA;AV ENGENHEIRO JOSE ESTELITA;;;E/F A OBRA DA MOURA DUBEX S/T BOA VIAGEM  PROX AO VIADUTO;CABANGA;;;COLISÃO LATERAL;1,0;0,0;0,0;0,0;0,0;0,0;1,0;0,0;0,0;0,0;0,0;;;;;;;;;;;;;
202205760,0;2022-03-15;;1;FINALIZADA;ESPINHEIRO;RUA BARAO DE ITAMARACA;;RUA DO ESPINHEIRO;EM FRENTE A DROGASIL;ESPINHEIRO;86,0;SUBURBIO;COLISÃO TRANSVERSAL;1,0;1,0;0,0;0,0;0,0;0,0;0,0;0,0;0,0;1,0;0,0;Cruzamento;Bom;Sem defeito;Perfeito estado;Seca;Perfeito estado;Faixa de pedestre;Outras;;Dupla;Faixa contínua;Faixa seccionada;
202205764,0;2022-03-15;;1;FINALIZADA;BOA VISTA;RUA DOM BOSCO;1000,0;;E/F  RADIO RECIFE  E A CNBB;BOA VISTA;;CIDADE;COLISÃO LATERAL;1,0;1,0;0,0;0,0;0,0;0,0;0,0;0,0;0,0;1,0;0,0;Longo da via;Bom;Não existe;Perfeito estado;Seca;Perfeito estado;Não existe;Não há placas;;Dupla;Faixa contínua;;
202205767,0;2022-03-15;;1;FINALIZADA;CORDEIRO;AV ENGENHEIRO ABDIAS DE CARVALHO;;;NO SEMAFORO 688 S/T CURADO / EF COMPAZ;CORDEIRO;688,0;SUBURBIO;COLISÃO TRASEIRA;0,0;2,0;0,0;0,0;0,0;0,0;0,0;0,0;0,0;1,0;0,0;Longo da via;Bom;Sem defeito;Perfeito estado;Seca;Perfeito estado;Faixa de retenção;Não há placas;60 km/h;Única;Faixa contínua;;
202205786,0;2022-03-15;;2;FINALIZADA;SANTO AMARO;AV NORTE MIGUEL ARRAES DE ALENCAR;;RUA NUMA POMPILHO;PRÓX AO POSTO ALVORADA;SANTO AMARO;;;COLISÃO FRONTAL;0,0;0,0;0,0;0,0;0,0;0,0;0,0;0,0;0,0;0,0;0,0;;;;;;;;;;;;;
202205797,0;2022-03-16;;1;FINALIZADA;JOANA BEZERRA;AV CENTRAL;S/N;;AO LADO DO  CLUBE MOCIDADE E ASSEMBLÉIA DE DEUS;JOANA BEZERRA;;SUBURBIO;ATROPELAMENTO DE PESSOA;1,0;0,0;0,0;0,0;1,0;0,0;0,0;0,0;0,0;1,0;0,0;Outros;Bom;Não existe;Não existente;Seca;Mal conservada;Não existe;Não há placas;;Dupla;Não existe;;
202205810,0;2022-03-16;;1;FINALIZADA;TAMARINEIRA;RUA PADRE ROMA;;;APÓS A CASA JOSÉ ARAÚJO. COSTELA DO MATUTO-PRIME. LADO OPOSTO AO NÚMERO 413;TAMARINEIRA;;SUBURBIO;COLISÃO TRASEIRA;0,0;2,0;0,0;0,0;0,0;0,0;0,0;0,0;0,0;1,0;0,0;Longo da via;Bom;Não existe;Perfeito estado;Seca;Perfeito estado;Não existe;R-6a;;Única;Faixa seccionada;Canteiro central;
202205816,0;2022-03-16;;1;FINALIZADA;CORDEIRO;RUA GOMES TABORDA;1644,0;RUA FIRMINO DE BARROS;EM FRENTE A BATERIA MOURA;CORDEIRO;;CIDADE;COLISÃO LATERAL;1,0;1,0;0,0;0,0;0,0;0,0;0,0;0,0;0,0;2,0;0,0;Cruzamento;Bom;Não existe;Incompleta;Seca;Perfeito estado;Não existe;Não há placas;;Dupla;Faixa seccionada;;
202205818,0;2022-03-16;;1;DUPLICIDADE;CORDEIRO;RUA GOMES TABORDA;1583,0;;E/F A EDIFICIO JARDIM DO PRADO;CORDEIRO;;;COLISÃO LATERAL;1,0;1,0;0,0;0,0;0,0;0,0;0,0;0,0;0,0;2,0;0,0;;;;;;;;;;;;;
202205828,0;2022-03-16;;2;FINALIZADA;IBURA;RUA EXP FRANCISCO VITORIANO;67,0;;;IBURA;;;CHOQUE;1,0;0,0;0,0;0,0;0,0;0,0;0,0;0,0;0,0;0,0;0,0;;;;;;;;;;;;;
202205832,0;2022-03-16;;2;FINALIZADA;FUNDÃO;RUA DALVA DE OLIVEIRA;;;AO LADO DA IGREJA BATISTA DO VALE;FUNDÃO;;;;2,0;0,0;0,0;0,0;0,0;0,0;0,0;0,0;0,0;0,0;0,0;Cruzamento;Bom;Não existe;;Seca;Perfeito estado;Não existe;Não há placas;;Dupla;;;
202205833,0;2022-03-16;;1;FINALIZADA;VÁRZEA;AV CAXANGA;;;LADO OPOSTO À UPA DA CAXANGÁ;VÁRZEA;;CIDADE;COLISÃO TRASEIRA;1,0;1,0;0,0;0,0;0,0;0,0;0,0;0,0;0,0;1,0;0,0;Longo da via;Bom;Não existe;Perfeito estado;Seca;Perfeito estado;Faixa de pedestre;Não há placas;;Dupla;Faixa seccionada;Canteiro central;
202205838,0;2022-03-16;;1;FINALIZADA;IPUTINGA;AV CAXANGA;;RUA MANOEL JOAQUIM DE ALMEIDA;LADO OPOSTO À LOJA IPUTINGA AUTOMÓVEIS;IPUTINGA;;SUL;COLISÃO LATERAL;0,0;2,0;0,0;0,0;0,0;0,0;0,0;0,0;0,0;2,0;0,0;Longo da via;Chuvoso;Sem defeito;Perfeito estado;Molhada;Perfeito estado;Agente;R-6a;40 km/h;Única;Não existe;;
202205845,0;2022-03-16;;1;FINALIZADA;SANTO AMARO;AV VISCONDE DE SUASSUNA;775,0;RUA GOUVEIA DE BARROS;PROXIMO AO SENAC;SANTO AMARO;;SUBURBIO;COLISÃO LATERAL;1,0;1,0;0,0;0,0;0,0;0,0;0,0;0,0;0,0;1,0;0,0;Cruzamento;Bom;Não existe;Perfeito estado;Seca;Perfeito estado;Não existe;R-6a;40 km/h;;Faixa seccionada;;
202205848,0;2022-03-16;;1;FINALIZADA;BOA VIAGEM;RUA VISCONDE DE JEQUITINHONHA;;;PROXIMO A PADARIA SANTO CRISTO. POSTE B007493;BOA VIAGEM;;SUBURBIO;COLISÃO LATERAL;1,0;1,0;0,0;0,0;0,0;0,0;0,0;0,0;0,0;1,0;0,0;Longo da via;Chuvoso;Não existe;Perfeito estado;Molhada;Perfeito estado;Não existe;Não há placas;;Única;Faixa seccionada;Canteiro central;
202205866,0;2022-03-16;;1;FINALIZADA;ARRUDA;RUA DAS MOCAS;1071,0;RUA DA REGENERACAO;SEMÁFORO 472;ARRUDA;472,0;CIDADE;COLISÃO FRONTAL;1,0;1,0;0,0;0,0;0,0;0,0;0,0;0,0;0,0;1,0;0,0;Cruzamento;Bom;Sem defeito;Perfeito estado;Seca;Perfeito estado;Faixa de pedestre;Não há placas;30 km/h;Dupla;Não existe;;
202205887,0;2022-03-17;;1;FINALIZADA;ILHA DO LEITE;AV GOVERNADOR AGAMENON MAGALHAES;4775,0;RUA DR JOAO ASFORA;EM FRENTE AO EMPRESARIAL TOMAS / SENTIDO OLINDA;ILHA DO LEITE;672,0;OLINDA;ATROPELAMENTO DE PESSOA;0,0;1,0;0,0;0,0;1,0;0,0;0,0;0,0;0,0;1,0;0,0;Longo da via;Bom;Sem defeito;Perfeito estado;Seca;Perfeito estado;Faixa de pedestre;Não há placas;60 km/h;Dupla;Canteiro central;;
202205917,0;2022-03-17;;1;FINALIZADA;BOA VIAGEM;AV ENGENHEIRO DOMINGOS FERREIRA;315,0;RUA ERNESTO DE PAULA SANTOS;PROX. A FORNERIA DOM FERREIRA;BOA VIAGEM;217,0;SUBURBIO;COLISÃO COM CICLISTA;1,0;0,0;0,0;1,0;0,0;0,0;0,0;0,0;0,0;1,0;0,0;Longo da via;Bom;Sem defeito;Perfeito estado;Seca;Perfeito estado;;"Placas ""Pare""";;Dupla;Canteiro central;;
202205934,0;2022-03-17;;1;FINALIZADA;TORRÕES;AV ENGENHEIRO ABDIAS DE CARVALHO;790,0;;AO LADO DA UPA DOS TORRÕES;TORRÕES;;SUBURBIO;ATROPELAMENTO DE PESSOA;2,0;0,0;0,0;0,0;1,0;0,0;0,0;0,0;0,0;1,0;0,0;Longo da via;Bom;Não existe;Perfeito estado;Seca;Perfeito estado;Não existe;Outras;60 km/h;Dupla;Faixa seccionada;;
202205970,0;2022-03-17;;1;FINALIZADA;IMBIRIBEIRA;RUA SARGENTO SILVINO DE MACEDO;550,0;;POR TRAS DO SHOPPING RECIFE PROX AO COLEGIO GGE. FLOW GARAGE (OFICINA);IMBIRIBEIRA;;SUBURBIO;COLISÃO TRANSVERSAL;1,0;1,0;0,0;0,0;0,0;0,0;0,0;0,0;0,0;2,0;0,0;Longo da via;Bom;Não existe;Não existente;Seca;Perfeito estado;Não existe;Não há placas;;Dupla;Não existe;;
202205992,0;2022-03-18;;1;FINALIZADA;ILHA JOANA BEZERRA;AV BEIRA RIO;;;SOB A PONTE JOSE DE BARROS LIMA;ILHA JOANA BEZERRA;;SUBURBIO;COLISÃO TRASEIRA;0,0;1,0;0,0;0,0;0,0;0,0;1,0;0,0;0,0;1,0;0,0;Longo da via;Bom;Não existe;Não existente;Seca;Perfeito estado;Não existe;Não há placas;60 km/h;Dupla;Não existe;;
202206010,0;2022-03-18;;1;FINALIZADA;IMBIRIBEIRA;VIADUTO TANCREDO NEVES;;;DESCIDA DO VIADUTO, SENTIDO AVENIDA RECIFE;IMBIRIBEIRA;;SUBURBIO;COLISÃO LATERAL;1,0;1,0;0,0;0,0;0,0;0,0;0,0;0,0;0,0;2,0;0,0;Longo da via;Bom;Não existe;Perfeito estado;Seca;Perfeito estado;Não existe;Não há placas;;Dupla;Blocos;;
202206012,0;2022-03-18;;2;FINALIZADA;SAN MARTIN;AV CONSUL VILARES FRAGOSO;;AV GENERAL SAN MARTIN;BATALHÃO DE CAVALARIA;SAN MARTIN;326,0;SUBURBIO;;1,0;1,0;0,0;0,0;0,0;0,0;0,0;0,0;0,0;0,0;0,0;Cruzamento;Bom;Sem defeito;Perfeito estado;Seca;Perfeito estado;Faixa de pedestre;Outras;;Dupla;Faixa contínua;;
202206016,0;2022-03-18;;1;CANCELADA;BOA VIAGEM;AVENIDA CELSO FURTADO (VIA MANGUE);;;PRÓXIMO AO BOMPREÇO;BOA VIAGEM;;;COLISÃO LATERAL;0,0;0,0;0,0;0,0;0,0;0,0;0,0;0,0;0,0;2,0;0,0;;;;;;;;;;;;;
202206050,0;2022-03-19;;1;FINALIZADA;PRADO;AV ENGENHEIRO ABDIAS DE CARVALHO;1233,0;;EM FRENTE A ENGEFRIO;PRADO;;CIDADE;TOMBAMENTO;0,0;1,0;0,0;0,0;0,0;0,0;0,0;0,0;0,0;1,0;0,0;Longo da via;Bom;Sem defeito;Perfeito estado;Molhada;Perfeito estado;Não existe;R-6a;60 km/h;Dupla;Canteiro central;;
202206073,0;2022-03-19;;2;FINALIZADA;TEJIPIÓ;AV DR JOSE RUFINO;;;AO LADO DA ESTAÇÃO DO METRÔ DE TEJIPIÓ ( ALÇA DE ACESSO);TEJIPIÓ;;SUBURBIO;;2,0;0,0;0,0;0,0;0,0;0,0;0,0;0,0;0,0;0,0;0,0;Longo da via;Bom;Não existe;Não existente;Seca;Perfeito estado;Não existe;Não há placas;;Única;Não existe;;
202206098,0;2022-03-20;;1;FINALIZADA;CASA AMARELA;EST DO ARRAIAL;;;EM FRENTE A IGREJA JESUS CRISTO DOS SANTOS DOS ULTIMOS DIAS;CASA AMARELA;291,0;SUBURBIO;COLISÃO COM CICLISTA;1,0;0,0;0,0;1,0;0,0;0,0;0,0;0,0;0,0;1,0;0,0;Longo da via;Bom;Sem defeito;Perfeito estado;Seca;Perfeito estado;Faixa de pedestre;Outras;;Única;;;
202206130,0;2022-03-20;;1;FINALIZADA;BOA VIAGEM;AV CONSELHEIRO AGUIAR;333,0;;E/F A RENOVE BATERIAS. POSTE B010360;BOA VIAGEM;;CIDADE;COLISÃO LATERAL;2,0;0,0;0,0;0,0;0,0;0,0;0,0;0,0;0,0;1,0;0,0;Longo da via;Bom;Não existe;;Seca;Perfeito estado;Não existe;R-6a;;Única;Faixa seccionada;;
202206133,0;2022-03-20;;1;FINALIZADA;NOVA DESCOBERTA;AV VEREADOR OTACILIO AZEVEDO;3018,0;;PROXIMO AO CAMPO DO FLUMINENSE E CASA PRIMAVERA RECEPÇÕES;NOVA DESCOBERTA;;SUBURBIO;COLISÃO TRANSVERSAL;0,0;1,0;0,0;0,0;0,0;0,0;0,0;1,0;0,0;1,0;0,0;Longo da via;Chuvoso;Não existe;Perfeito estado;Molhada;Perfeito estado;;;;Dupla;Faixa seccionada;;
202206148,0;2022-03-21;;2;FINALIZADA;BOA VIAGEM;RUA PADRE BERNADINO PESSOA;778,0;;PROX. AO COLEGIO SANTA MARIA;BOA VIAGEM;;;COLISÃO LATERAL;2,0;0,0;0,0;0,0;0,0;0,0;0,0;0,0;0,0;0,0;0,0;;;;;;;;;;;;;
202206152,0;2022-03-21;;1;FINALIZADA;BOA VIAGEM;AVENIDA CELSO FURTADO (VIA MANGUE);;;AO LADO DO RESIDENCIAL LE PARK / BIFURCAÇÃO COM VIADUTO DOM JOÃO VI;BOA VIAGEM;;SUBURBIO;COLISÃO TRASEIRA;1,0;1,0;0,0;0,0;0,0;0,0;0,0;0,0;0,0;1,0;0,0;Longo da via;Bom;Não existe;Perfeito estado;Seca;Perfeito estado;Não existe;R-6a;60 km/h;Dupla;Canteiro central;;
202206154,0;2022-03-21;;1;FINALIZADA;SANTO AMARO;AV GOVERNADOR AGAMENON MAGALHAES;;;EN  FRENTE A UPE / SENT OLINDA. ANTES DO SEMÁFORO 684;SANTO AMARO;684,0;OLINDA;COLISÃO LATERAL;1,0;1,0;0,0;0,0;0,0;0,0;0,0;0,0;0,0;1,0;0,0;Longo da via;Bom;Sem defeito;Perfeito estado;Seca;Perfeito estado;;;;Dupla;Faixa seccionada;Canteiro central;
202206155,0;2022-03-21;;1;FINALIZADA;IPSEP;AV RECIFE;2528,0;RUA ADERBAL DE MELO;SENTIDO CEASA. LADO OPOSTO AO ATACAMAX 2528;IPSEP;;BR-101;ATROPELAMENTO DE PESSOA;0,0;1,0;0,0;0,0;1,0;0,0;0,0;0,0;0,0;2,0;0,0;Longo da via;Bom;Não existe;Não existente;Seca;Perfeito estado;Não existe;Não há placas;;Dupla;Canteiro central;;
202206156,0;2022-03-21;;2;FINALIZADA;BOA VIAGEM;AV MARECHAL JUAREZ TAVORA;;;EM FRENTE A  CONSTRUTORA SANTO ANTONIO;BOA VIAGEM;556,0;SUBURBIO;;2,0;0,0;0,0;0,0;0,0;0,0;0,0;0,0;0,0;0,0;0,0;Longo da via;Bom;Sem defeito;Perfeito estado;Seca;Perfeito estado;Faixa de pedestre;Outras;;Única;Faixa contínua;Faixa seccionada;
202206161,0;2022-03-21;;2;FINALIZADA;VÁRZEA;RUA TAMBIA;114,0;;PRÓXIMO A CASA LOTÉRICA LOTERIAS MEGA FÁCIL;VÁRZEA;;SUBURBIO;;0,0;0,0;0,0;0,0;0,0;1,0;0,0;0,0;0,0;0,0;0,0;Longo da via;Bom;Não existe;Perfeito estado;Seca;Perfeito estado;Não existe;R-6a;30 km/h;Dupla;Não existe;;
202206169,0;2022-03-21;;1;FINALIZADA;ILHA DO RETIRO;RUA SPORT CLUBE DO RECIFE;;;EM FRENTE A LOJA OFICIAL DO SPORTE CLUBE;ILHA DO RETIRO;367,0;CIDADE;COLISÃO LATERAL;1,0;1,0;0,0;0,0;0,0;0,0;0,0;0,0;0,0;1,0;0,0;Longo da via;Bom;Sem defeito;Perfeito estado;Seca;Perfeito estado;Faixa de pedestre;Não há placas;;Dupla;Canteiro central;;
202206181,0;2022-03-21;;1;FINALIZADA;BOA VIAGEM;AV BOA VIAGEM;306,0;;EM FRENTE AO EDIFICIO VERDE MAR;BOA VIAGEM;119,0;CIDADE;COLISÃO TRASEIRA;3,0;0,0;0,0;0,0;0,0;0,0;0,0;0,0;0,0;1,0;0,0;Longo da via;Bom;Sem defeito;Perfeito estado;Seca;Perfeito estado;Faixa de pedestre;R-4a;;Única;Faixa contínua;;
202206201,0;2022-03-21;;1;FINALIZADA;SAN MARTIN;AV JOAO CABRAL DE MELO NETO;2702,0;RUA TENENTE MINDELO;APOS  O GIRADOURO DA PRAÇA DE SAN MARTIN S/T AV RECIFE;SAN MARTIN;250,0;SUBURBIO;COLISÃO LATERAL;1,0;1,0;0,0;0,0;0,0;0,0;0,0;0,0;0,0;2,0;0,0;Esquina;Chuvoso;Sem defeito;Perfeito estado;Molhada;Perfeito estado;Faixa de pedestre;Outras;60 km/h;Dupla;Faixa contínua;Faixa seccionada;Canteiro central
202206209,0;2022-03-21;;1;FINALIZADA;IMBIRIBEIRA;AV MARECHAL MASCARENHAS DE MORAES;2967,0;RUA ITACARE;EM FRENTE À FERREIRA COSTA / BANCO  DO BRASIL.;IMBIRIBEIRA;386,0;CIDADE;COLISÃO LATERAL;1,0;1,0;0,0;0,0;0,0;0,0;0,0;0,0;0,0;1,0;0,0;Longo da via;Bom;Sem defeito;Perfeito estado;Seca;Perfeito estado;Outros;Outras;;Única;Faixa seccionada;;