Protocolo;data;hora;natureza;situacao;bairro;endereco;numero;detalhe_endereco_acidente;complemento;bairro_cruzamento;num_semaforo;sentido_via;tipo;auto;moto;ciclom;ciclista;pedestre;onibus;caminhao;viatura;outros;vitimas;vitimasfatais;acidente_verificado;tempo_clima;situacao_semaforo;sinalizacao;condicao_via;conservacao_via;ponto_controle;situacao_placa;velocidade_max_via;mao_direcao;divisao_via1;divisao_via2;divisao_via3
202206218,0;2022-03-21;;2;FINALIZADA;CASA FORTE;AV DEZESSETE DE AGOSTO;;;LADO OPOSTO AO EDIFÍCIO DE ESTACIONAMENTO DO SHOPPING PLAZA;CASA FORTE;;SUBURBIO;COLISÃO TRASEIRA;2,0;0,0;0,0;0,0;0,0;0,0;0,0;0,0;0,0;0,0;0,0;Longo da via;Chuvoso;Não existe;Perfeito estado;Molhada;Perfeito estado;Não existe;;;Dupla;Faixa seccionada;;
202206219,0;2022-03-21;;1;FINALIZADA;FUNDÃO;AV BEBERIBE;2616,0;;E/F AO COLEGIO PEDRO ALGUSTO;FUNDÃO;;SUBURBIO;ATROPELAMENTO DE PESSOA;1,0;0,0;0,0;0,0;1,0;0,0;0,0;0,0;0,0;1,0;0,0;Longo da via;Chuvoso;Não existe;Perfeito estado;Molhada;Perfeito estado;Não existe;Não há placas;;Dupla;Faixa seccionada;;
202206221,0;2022-03-21;;2;FINALIZADA;IPUTINGA;AV CAXANGA;3342,0;;POR BAIXO DO VIADUTO / E/F AO SANTANDER;IPUTINGA;;;COLISÃO LATERAL;2,0;0,0;0,0;0,0;0,0;0,0;0,0;0,0;0,0;0,0;0,0;;;;;;;;;;;;;
202206245,0;2022-03-22;;1;FINALIZADA;ZUMBI;RUA SOUZA BANDEIRA;;RUA TOMAZ GONZAGA;NA ESQUINA DO COLÉGIO LUBIESKA;ZUMBI;448,0;CIDADE;COLISÃO FRONTAL;1,0;1,0;0,0;0,0;0,0;0,0;0,0;0,0;0,0;1,0;0,0;Cruzamento;Chuvoso;Sem defeito;Perfeito estado;Molhada;Perfeito estado;Faixa de pedestre;Outras;;Única;Outros;;
202206246,0;2022-03-22;;1;FINALIZADA;IBURA;RUA EXP FRANCISCO VITORIANO;98,0;;EM FRENTE AO SUPERMECADO TREVO E ALBANY CONFECÇÕES;IBURA;;SUBURBIO;COLISÃO LATERAL;1,0;1,0;0,0;0,0;0,0;0,0;0,0;0,0;0,0;1,0;0,0;Longo da via;Chuvoso;Não existe;Perfeito estado;Molhada;Perfeito estado;Não existe;R-6a;30 km/h;Dupla;Faixa seccionada;;
202206299,0;2022-03-22;;2;FINALIZADA;VÁRZEA;RUA EVARISTO FERREIRA DA SILVA;472,0;;;VÁRZEA;;CIDADE;CHOQUE;3,0;0,0;0,0;0,0;0,0;0,0;0,0;0,0;0,0;0,0;0,0;Longo da via;Chuvoso;Não existe;Não existente;Molhada;Mal conservada;Não existe;Não há placas;;Dupla;Não existe;;
202206312,0;2022-03-22;;1;FINALIZADA;SÃO JOSÉ;RUA IMPERIAL;2194,0;;E/F AO MOTEL LUA DE MEL;SÃO JOSÉ;;SUBURBIO;COLISÃO LATERAL;1,0;1,0;0,0;0,0;0,0;0,0;0,0;0,0;0,0;1,0;0,0;Longo da via;Bom;Não existe;Perfeito estado;Molhada;Perfeito estado;Não existe;Não há placas;;Única;Não existe;;
202206318,0;2022-03-22;;2;FINALIZADA;AREIAS;AV CAPITAO GREGORIO DE CALDAS;;AV RECIFE;EM FRENTE AO BIG BOMPREÇO;AREIAS;494,0;;;1,0;0,0;0,0;0,0;0,0;0,0;0,0;1,0;0,0;0,0;0,0;Cruzamento;Chuvoso;Sem defeito;;Molhada;Perfeito estado;Não existe;R-4a;30 km/h;Única;Canteiro central;;
202206324,0;2022-03-22;;1;FINALIZADA;ÁGUA FRIA;RUA SAO SEBASTIAO;130,0;;POR TRÁS DO GIGANTE DOI SAMBA,  EM FRENTE AO ESPETINHO DA NEIDE;ÁGUA FRIA;;SUBURBIO;COLISÃO COM CICLISTA;1,0;0,0;0,0;1,0;0,0;0,0;0,0;0,0;0,0;1,0;0,0;Longo da via;Chuvoso;Não existe;Perfeito estado;Molhada;Perfeito estado;Não existe;Não há placas;;Dupla;Faixa contínua;;
202206337,0;2022-03-22;;1;FINALIZADA;PARNAMIRIM;RUA LEONARDO BEZERRA CAVALCANTE;587,0;RUA JOAO TUDE DE MELO;MUNDO PET;PARNAMIRIM;;;COLISÃO LATERAL;1,0;1,0;0,0;0,0;0,0;0,0;0,0;0,0;0,0;1,0;0,0;Longo da via;Chuvoso;Não existe;Perfeito estado;Molhada;Perfeito estado;Não existe;Outras;;;Não existe;;
202206345,0;2022-03-23;;1;FINALIZADA;BOA VIAGEM;RUA JORNALISTA FRANCISCO ALMEIDA;;AV CONSELHEIRO AGUIAR;PROX. AO POSTO POLICIAL E PRAÇA CIDADE DO PORTO;BOA VIAGEM;;;COLISÃO COM CICLISTA;1,0;0,0;0,0;1,0;0,0;0,0;0,0;0,0;0,0;1,0;0,0;;;;;;;;;;;;;
202206347,0;2022-03-23;;1;FINALIZADA;SANTO ANTÔNIO;AV MARTINS DE BARROS;;;EM FRENTE A SECRETÁRIA DA FAZENDA;SANTO ANTÔNIO;;;CHOQUE;3,0;0,0;0,0;0,0;0,0;0,0;0,0;0,0;0,0;1,0;0,0;Longo da via;Bom;Sem defeito;Perfeito estado;Seca;Perfeito estado;Faixa de pedestre;Não há placas;;Única;Faixa seccionada;;
202206368,0;2022-03-23;;2;CANCELADA;SANTO AMARO;RUA DA UNIAO;;RUA MAMEDE SIMOES;AO LADO DO BAR BOI NEON;SANTO AMARO;;;COLISÃO TRANSVERSAL;1,0;0,0;0,0;0,0;0,0;1,0;0,0;0,0;0,0;0,0;0,0;Cruzamento;Bom;Não existe;Perfeito estado;Seca;Perfeito estado;Não existe;"Placas ""Pare""";;Única;Não existe;;
202206379,0;2022-03-23;;1;FINALIZADA;DERBY;AV GOVERNADOR CARLOS DE LIMA CAVALCANTI;229,0;AV GOVERNADOR AGAMENON MAGALHAES;LADO OPOSTO AO MC'DONALDS;DERBY;75,0;CIDADE;ATROPELAMENTO DE PESSOA;0,0;0,0;0,0;0,0;1,0;1,0;0,0;0,0;0,0;1,0;0,0;Cruzamento;Bom;Sem defeito;Perfeito estado;Seca;Perfeito estado;Faixa de pedestre;Não há placas;40 km/h;Dupla;Canteiro central;;
202206397,0;2022-03-23;;1;FINALIZADA;BOA VIAGEM;RUA VISCONDE DE JEQUITINHONHA;1656,0;RUA JOSE MOREIRA LEAL;PROX AO POSTO DE GASOLINA  SEM BANDEIRA;BOA VIAGEM;;SUBURBIO;COLISÃO LATERAL;1,0;1,0;0,0;0,0;0,0;0,0;0,0;0,0;0,0;1,0;0,0;Cruzamento;Chuvoso;Não existe;Perfeito estado;Molhada;Perfeito estado;Não existe;Não há placas;30 km/h;Única;Faixa seccionada;Canteiro central;
202206400,0;2022-03-23;;2;FINALIZADA;CASA AMARELA;AV NORTE MIGUEL ARRAES DE ALENCAR;5359,0;;EM FRENTE A SUZY BIKE;CASA AMARELA;;CIDADE;COLISÃO TRASEIRA;2,0;0,0;0,0;0,0;0,0;0,0;0,0;0,0;0,0;0,0;0,0;Longo da via;Bom;Sem defeito;Perfeito estado;Seca;Perfeito estado;Não existe;R-6a;;Dupla;Canteiro central;;
202206437,0;2022-03-23;;1;FINALIZADA;SANTO AMARO;RUA DO POMBAL;;PRC DO CAMPO SANTO;AO LADO DA DELAGIA DA MULHER;SANTO AMARO;;SUBURBIO;COLISÃO LATERAL;1,0;1,0;0,0;0,0;0,0;0,0;0,0;0,0;0,0;1,0;0,0;Longo da via;Chuvoso;Não existe;Perfeito estado;Molhada;Perfeito estado;;;;;;;
202206440,0;2022-03-23;;1;FINALIZADA;IMBIRIBEIRA;AV MARECHAL MASCARENHAS DE MORAES;898,0;RUA OLIVIA MENELAU;E/F A GRILO FLORES,;IMBIRIBEIRA;396,0;SUBURBIO;COLISÃO LATERAL;1,0;1,0;0,0;0,0;0,0;0,0;0,0;0,0;0,0;1,0;0,0;Longo da via;Bom;Sem defeito;Perfeito estado;Seca;Perfeito estado;Faixa de pedestre;Não há placas;;Única;Faixa contínua;;
202206450,0;2022-03-23;;2;FINALIZADA;AFOGADOS;EST DOS REMEDIOS;1030,0;;PROX A FARMA PAULA;AFOGADOS;;;COLISÃO FRONTAL;2,0;0,0;0,0;0,0;0,0;0,0;0,0;0,0;0,0;0,0;0,0;;;;;;;;;;;;;
202206451,0;2022-03-23;;1;FINALIZADA;COQUEIRAL;RUA APRIGIO GUIMARAES;;RUA MATOSO DA CAMARA;PROX AO HOSPITAL OTAVIO DE FREITAS;COQUEIRAL;;;COLISÃO TRANSVERSAL;1,0;1,0;0,0;0,0;0,0;0,0;0,0;0,0;0,0;1,0;0,0;Cruzamento;Chuvoso;Não existe;Perfeito estado;Molhada;Perfeito estado;Faixa de retenção;Não há placas;;Dupla;Não existe;;
202206484,0;2022-03-24;;1;FINALIZADA;ILHA DO RETIRO;AV ENGENHEIRO ABDIAS DE CARVALHO;;EST DOS REMEDIOS;PRÓX À FARMÁCIA DROGASIL;ILHA DO RETIRO;52,0;SUBURBIO;QUEDA;0,0;1,0;0,0;0,0;0,0;0,0;0,0;0,0;0,0;1,0;0,0;Cruzamento;Chuvoso;Sem defeito;Perfeito estado;Molhada;Perfeito estado;Faixa de pedestre;Não há placas;60 km/h;Dupla;Canteiro central;;
202206489,0;2022-03-24;;1;FINALIZADA;CASA AMARELA;AV NORTE MIGUEL ARRAES DE ALENCAR;6465,0;;E/F A MATERNIDADE BARROS LIMA S/T CID;CASA AMARELA;256,0;CIDADE;ATROPELAMENTO DE PESSOA;0,0;1,0;0,0;0,0;1,0;0,0;0,0;0,0;0,0;2,0;0,0;Longo da via;Chuvoso;Sem defeito;Perfeito estado;Molhada;Perfeito estado;Faixa de pedestre;R-6a;40 km/h;Dupla;Canteiro central;;
202206492,0;2022-03-22;;1;FINALIZADA;BOA VISTA;RUA DOS PALMARES;130,0;;;BOA VISTA;;SUBURBIO;CAPOTAMENTO;0,0;1,0;0,0;0,0;0,0;0,0;0,0;0,0;0,0;1,0;0,0;Longo da via;Chuvoso;Não existe;Incompleta;Molhada;Outros;Não existe;Não há placas;;Única;Faixa seccionada;;
202206531,0;2022-03-24;;1;FINALIZADA;CAMPO GRANDE;RUA ODORICO MENDES;292,0;;PROX AO CLUBE DAS PAS;CAMPO GRANDE;;SUBURBIO;COLISÃO TRANSVERSAL;2,0;2,0;0,0;0,0;0,0;0,0;0,0;0,0;0,0;1,0;0,0;Longo da via;Bom;Não existe;Perfeito estado;Seca;Perfeito estado;Não existe;R-6a;;Dupla;Faixa seccionada;;
202206536,0;2022-03-24;;1;FINALIZADA;BOA VIAGEM;RUA TENENTE JOAO CICERO;;;PROX A VIA MANGUE;BOA VIAGEM;;CIDADE;COLISÃO LATERAL;1,0;1,0;0,0;0,0;0,0;0,0;0,0;0,0;0,0;1,0;0,0;Esquina;Bom;Não existe;Perfeito estado;Seca;Perfeito estado;;Outras;60 km/h;Única;;;
202206553,0;2022-03-25;;2;FINALIZADA;VASCO DA GAMA;AV VEREADOR OTACILIO AZEVEDO;811,0;;EM FRENTE A THASIA SALLES STUDIO DE BELEZA;VASCO DA GAMA;;SUBURBIO;;0,0;0,0;0,0;0,0;0,0;1,0;0,0;1,0;0,0;0,0;0,0;Longo da via;Bom;Não existe;Perfeito estado;Seca;Perfeito estado;Não existe;Não há placas;30 km/h;Dupla;Faixa seccionada;;
202206556,0;2022-03-25;;1;FINALIZADA;PINA;AVENIDA CELSO FURTADO (VIA MANGUE);508,0;;EMBAIXO DA PASSARELA DO SHOPPING RIOMAR;PINA;;SUBURBIO;COLISÃO TRASEIRA;1,0;1,0;0,0;0,0;0,0;0,0;0,0;0,0;0,0;1,0;0,0;Longo da via;Bom;Não existe;Perfeito estado;Seca;Perfeito estado;Não existe;Não há placas;60 km/h;Única;Faixa seccionada;Canteiro central;
202206558,0;2022-03-25;;1;FINALIZADA;PINA;PTE GOVERNADOR PAULO GUERRA;;;INICIO DA VIA MANGUE, SENT. BOA VIAGEM;PINA;;SUBURBIO;COLISÃO LATERAL;1,0;1,0;0,0;0,0;0,0;0,0;0,0;0,0;0,0;1,0;0,0;Ponte;Bom;Não existe;Perfeito estado;Seca;Perfeito estado;Não existe;Outras;60 km/h;Dupla;Faixa contínua;;
202206560,0;2022-03-25;;1;FINALIZADA;ILHA JOANA BEZERRA;PTE JOSE DE BARROS LIMA;;AV GOVERNADOR AGAMENON MAGALHAES;ACIDENTE 1, ENVOLVENDO CICLISTA, NO SENTIDO PAISSANDU / ILHA DO LEITE. SAMU NO LOCAL PRESTANDO SOCORRO.  EQUIPE DE BAT DA CTTU EM DESLOCAMENTO;ILHA JOANA BEZERRA;;SUBURBIO;QUEDA;0,0;0,0;0,0;1,0;0,0;0,0;0,0;0,0;0,0;1,0;0,0;Viaduto;Bom;Não existe;Perfeito estado;Seca;Perfeito estado;Não existe;Não há placas;60 km/h;Dupla;Canteiro central;;
202206565,0;2022-03-25;;1;FINALIZADA;CASA AMARELA;AV NORTE MIGUEL ARRAES DE ALENCAR;;;EM FRENTE A UPINHA;CASA AMARELA;;CIDADE;COLISÃO TRASEIRA;1,0;1,0;0,0;0,0;0,0;0,0;0,0;0,0;0,0;1,0;0,0;Longo da via;Bom;Não existe;Não existente;Seca;Perfeito estado;Não existe;Não há placas;60 km/h;Dupla;Canteiro central;;
202206574,0;2022-03-25;;2;FINALIZADA;ILHA DO LEITE;PTE JOSE DE BARROS LIMA;;;;ILHA DO LEITE;;;;0,0;0,0;0,0;0,0;0,0;0,0;1,0;1,0;0,0;0,0;0,0;Ponte;Bom;Não existe;Perfeito estado;Seca;Perfeito estado;Não existe;;;Dupla;Faixa seccionada;;
202206578,0;2022-03-25;;1;FINALIZADA;CASA AMARELA;RUA DA HARMONIA;89,0;;NA RUA DA FARMÁCIA BOM JESUS // 50 METROS ANTES DA BR TECNOLOGIA;CASA AMARELA;;CIDADE;COLISÃO LATERAL;1,0;1,0;0,0;0,0;0,0;0,0;0,0;0,0;0,0;1,0;0,0;Longo da via;Bom;Não existe;Perfeito estado;Seca;Perfeito estado;Não existe;Outras;30 km/h;;Não existe;;
202206605,0;2022-03-25;;1;FINALIZADA;SANCHO;AV LIBERDADE;1259,0;AV TEMPO FELIZ;EM FRENTE A OFINA PLANALTO PEÇAS E PROXIMO AO PARQUE DAS FLORES;SANCHO;;SUBURBIO;COLISÃO LATERAL;1,0;1,0;0,0;0,0;0,0;0,0;0,0;0,0;0,0;1,0;0,0;Cruzamento;Bom;Não existe;Ilegível;Seca;Perfeito estado;Faixa de retenção;Não há placas;;Dupla;Não existe;;
202206628,0;2022-03-25;;1;FINALIZADA;CAMPO GRANDE;RUA ODORICO MENDES;123,0;;PRÓX. AO COLÉGIO JESUS CRUCIFICADO.;CAMPO GRANDE;;SUBURBIO;COLISÃO FRONTAL;1,0;1,0;0,0;0,0;0,0;0,0;0,0;0,0;0,0;1,0;0,0;Longo da via;Bom;Não existe;Perfeito estado;Seca;Perfeito estado;Não existe;Não há placas;;Dupla;Canteiro central;;
202206638,0;2022-03-25;;2;FINALIZADA;MADALENA;AV VISCONDE DE ALBUQUERQUE;434,0;RUA BARTOLOMEU DE GUSMAO;EM FRENTE AO Nº 434;MADALENA;;SUBURBIO;COLISÃO TRANSVERSAL;1,0;0,0;0,0;0,0;0,0;0,0;0,0;1,0;0,0;0,0;0,0;Longo da via;Bom;Não existe;Perfeito estado;Seca;Perfeito estado;Não existe;Não há placas;60 km/h;Única;Faixa seccionada;;
202206652,0;2022-03-26;;1;FINALIZADA;BOA VIAGEM;AV CONSELHEIRO AGUIAR;;RUA TOME GIBSON;;BOA VIAGEM;2,0;SUBURBIO;COLISÃO FRONTAL;2,0;1,0;0,0;0,0;0,0;0,0;0,0;0,0;0,0;1,0;0,0;Cruzamento;Bom;Sem defeito;Perfeito estado;Seca;Perfeito estado;Faixa de retenção;Não há placas;;Única;Faixa seccionada;;
202206653,0;2022-03-26;;1;FINALIZADA;VÁRZEA;AV CAXANGA;;;EM FRENTE AO GOLF CLUB;VÁRZEA;609,0;SUBURBIO;COLISÃO TRANSVERSAL;1,0;1,0;0,0;0,0;0,0;0,0;0,0;0,0;0,0;1,0;0,0;Longo da via;Bom;Sem defeito;Perfeito estado;Seca;Perfeito estado;Faixa de pedestre;Não há placas;60 km/h;Única;Faixa contínua;Faixa seccionada;Canteiro central
202206666,0;2022-03-26;;1;CANCELADA;IPSEP;AV RECIFE;;;EM FRENTE O POSTO SHELL;IPSEP;;CIDADE;COLISÃO LATERAL;1,0;0,0;0,0;0,0;0,0;0,0;1,0;0,0;0,0;1,0;0,0;;;;;;;;;;;;;
202206671,0;2022-03-26;;1;FINALIZADA;BOA VIAGEM;AV BOA VIAGEM;6592,0;RUA PADRE LEANDRO CAMELO;EDIF. PORTO DE ALEXANDRIA;BOA VIAGEM;190,0;CIDADE;COLISÃO LATERAL;1,0;1,0;0,0;0,0;0,0;0,0;0,0;0,0;0,0;1,0;0,0;Longo da via;Bom;Sem defeito;Perfeito estado;Seca;Perfeito estado;Faixa de retenção;Não há placas;;Única;Faixa contínua;;
202206673,0;2022-03-26;;2;FINALIZADA;BOA VISTA;RUA MARQUES AMORIM;234,0;RUA VISCONDE DE GOIANA;;BOA VISTA;;CIDADE;COLISÃO TRANSVERSAL;1,0;0,0;0,0;0,0;0,0;0,0;0,0;1,0;0,0;0,0;0,0;Cruzamento;Chuvoso;Não existe;Perfeito estado;Molhada;Perfeito estado;Faixa de retenção;"Placas ""Pare""";;;Não existe;;
202206675,0;2022-03-26;;1;FINALIZADA;DOIS IRMÃOS;RUA MANUEL DE MEDEIROS;S/N;;EM FRENTE AO  CEGOE;DOIS IRMÃOS;224,0;CIDADE;ATROPELAMENTO DE PESSOA;0,0;1,0;0,0;0,0;1,0;0,0;0,0;0,0;0,0;2,0;0,0;Longo da via;Chuvoso;Sem defeito;Incompleta;Molhada;Perfeito estado;Não existe;Outras;40 km/h;Dupla;Faixa seccionada;;
202206686,0;2022-03-26;;1;FINALIZADA;TORRE;RUA JOSE BONIFACIO;1143,0;RUA MARCOS ANDRE;AO DO CARREFOUR;TORRE;487,0;CIDADE;COLISÃO LATERAL;1,0;1,0;0,0;0,0;0,0;0,0;0,0;0,0;0,0;1,0;0,0;Cruzamento;Bom;Sem defeito;Perfeito estado;Seca;Perfeito estado;Faixa de pedestre;R-6a;;Única;Faixa seccionada;;
202206716,0;2022-03-26;;1;FINALIZADA;BOA VIAGEM;AV CONSELHEIRO AGUIAR;4599,0;RUA DOM JOSE LOPES;PROX AO SUPERMERCADO EXTRA;BOA VIAGEM;;CIDADE;COLISÃO TRANSVERSAL;0,0;1,0;0,0;0,0;0,0;1,0;0,0;0,0;0,0;1,0;0,0;Longo da via;Bom;Não existe;Perfeito estado;Seca;Perfeito estado;;Outras;;Única;Faixa seccionada;;
202206750,0;2022-03-27;;1;FINALIZADA;ESTÂNCIA;AV ESTANCIA;80,0;RUA MORAIS E SILVA;PRÓX À ESTAÇÃO SANTA LUZIA;ESTÂNCIA;;SUBURBIO;COLISÃO TRANSVERSAL;1,0;1,0;0,0;0,0;0,0;0,0;0,0;0,0;0,0;1,0;0,0;Cruzamento;Bom;Não existe;Perfeito estado;Seca;Perfeito estado;Não existe;Não há placas;;Única;Não existe;;
202206771,0;2022-03-28;;1;FINALIZADA;DOIS UNIDOS;AV HILDEBRANDO DE VASCONCELOS;963A;RUA SIMPLICIO MENDES;PRÓXIMO AO CIPCÃES PM/PE;DOIS UNIDOS;;SUBURBIO;CHOQUE;1,0;0,0;0,0;0,0;0,0;1,0;0,0;0,0;0,0;1,0;0,0;Longo da via;Chuvoso;Não existe;Incompleta;Molhada;Mal conservada;Não existe;Outras;;Dupla;Faixa seccionada;;
202206772,0;2022-03-28;;2;FINALIZADA;AFOGADOS;RUA JACIRA;151,0;RUA CINCO DE NOVEMBRO;;AFOGADOS;;SUBURBIO;COLISÃO TRANSVERSAL;1,0;0,0;0,0;0,0;0,0;0,0;0,0;1,0;0,0;0,0;0,0;Cruzamento;Chuvoso;Não existe;Não existente;Molhada;Perfeito estado;Não existe;Não há placas;;Dupla;Não existe;;
202206815,0;2022-03-28;;2;FINALIZADA;BOA VIAGEM;RUA JOAO CARDOSO AIRES;647,0;;HAP VIDA - SETÚBAL;BOA VIAGEM;;;PROTESTO;0,0;0,0;0,0;0,0;0,0;0,0;0,0;0,0;0,0;0,0;0,0;;;;;;;;;;;;;
202206817,0;2022-03-28;;1;FINALIZADA;ENCRUZILHADA;RUA AMARO COUTINHO;380,0;RUA PROFESSOR OTAVIO DE FREITAS;RUA DO BAR DO TONHÃO;ENCRUZILHADA;;;COLISÃO LATERAL;2,0;0,0;0,0;0,0;0,0;0,0;0,0;0,0;0,0;1,0;0,0;;;;;;;;;;;;;
202206841,0;2022-03-28;;1;FINALIZADA;TORRÕES;AV ENGENHEIRO ABDIAS DE CARVALHO;603,0;;PROX A DLP E/F AO POSTO SHELL  S/T CID;TORRÕES;;CIDADE;COLISÃO COM CICLISTA;1,0;0,0;0,0;1,0;0,0;0,0;0,0;0,0;0,0;1,0;0,0;Longo da via;Bom;Não existe;Perfeito estado;Seca;Perfeito estado;Não existe;Outras;60 km/h;Dupla;Canteiro central;;
202206852,0;2022-03-28;;1;FINALIZADA;BARRO;RUA AMADOR ARAUJO;135,0;RUA DA ESPERANCA;COM A RUA DA ESPERANÇA;BARRO;;;COLISÃO TRANSVERSAL;0,0;2,0;0,0;0,0;0,0;0,0;0,0;0,0;0,0;2,0;0,0;Cruzamento;Bom;;Perfeito estado;Seca;Perfeito estado;Não existe;Não há placas;;Única;;;
202206895,0;2022-03-29;;2;FINALIZADA;CASA AMARELA;AV NORTE MIGUEL ARRAES DE ALENCAR;;;EM FRENTE A UPINHA;CASA AMARELA;;;COLISÃO TRASEIRA;1,0;1,0;0,0;0,0;0,0;1,0;0,0;0,0;0,0;0,0;0,0;;;;;;;;;;;;;
202206896,0;2022-03-29;;1;FINALIZADA;ARRUDA;AV BEBERIBE;1303,0;;LADO OPOSTO AO ARMAZEM CORAL;ARRUDA;;CIDADE;ATROPELAMENTO DE PESSOA;0,0;1,0;0,0;0,0;1,0;0,0;0,0;0,0;0,0;1,0;0,0;Longo da via;Bom;Não existe;Perfeito estado;Seca;Perfeito estado;Não existe;Não há placas;60 km/h;Dupla;Faixa contínua;;
202206903,0;2022-03-29;;1;FINALIZADA;IBURA;LAD DA COHAB;42,0;;PROXIMO A POLICLINICA;IBURA;;CIDADE;QUEDA;0,0;1,0;0,0;0,0;0,0;0,0;0,0;0,0;0,0;1,0;0,0;Longo da via;Chuvoso;Não existe;Ilegível;Molhada;Perfeito estado;Não existe;Não há placas;;Dupla;Não existe;;
202206913,0;2022-03-29;;1;FINALIZADA;SANTO AMARO;RUA COELHO LEITE;570,0;;LATERAL DA ANTIGA CTTU / BATEDOR CARLOS LIMA MOTO 05 NO QTH;SANTO AMARO;;SUBURBIO;CHOQUE;1,0;1,0;0,0;0,0;0,0;0,0;0,0;0,0;0,0;1,0;0,0;Longo da via;Bom;Não existe;Incompleta;Seca;;;;;Dupla;Não existe;;
202206915,0;2022-03-29;;1;FINALIZADA;IPSEP;AV RECIFE;616,0;RUA GONCALVES DE MAGALHAES;AO LADO DO RESTAURANTE SAL E BRASA;IPSEP;393,0;SUBURBIO;QUEDA;0,0;1,0;0,0;0,0;0,0;0,0;0,0;0,0;0,0;1,0;0,0;Longo da via;Bom;Sem defeito;Perfeito estado;Seca;Perfeito estado;Não existe;R-4a;;Dupla;Faixa contínua;;
202206921,0;2022-03-29;;1;FINALIZADA;BOA VIAGEM;AV ENGENHEIRO DOMINGOS FERREIRA;1274,0;;E/F AO CANAL DA CONSTRUÇÃO & CONDOMÍNIOS. PISTA OESTE.;BOA VIAGEM;;SUBURBIO;ATROPELAMENTO DE PESSOA;1,0;0,0;0,0;0,0;1,0;0,0;0,0;0,0;0,0;1,0;0,0;Longo da via;Bom;Não existe;Perfeito estado;Seca;Perfeito estado;Não existe;Não há placas;;Única;Faixa contínua;Faixa seccionada;
202206942,0;2022-03-29;;2;FINALIZADA;IBURA;RUA MARECHAL TAUMATURGO;346,0;;FRENTE GARAGEM AUTO  SERVICE;IBURA;;CIDADE;CHOQUE;1,0;0,0;0,0;0,0;0,0;0,0;0,0;0,0;0,0;0,0;0,0;Longo da via;Bom;Não existe;Perfeito estado;Seca;Perfeito estado;Não existe;Não há placas;;Dupla;Não existe;;
202206950,0;2022-03-29;;2;DUPLICIDADE;IBURA;RUA MARECHAL TAUMATURGO;;;APOS O TERMINAL DE ONIBUS DA UR 5 E/F A OFICINA DE MAURICIO;IBURA;;;CHOQUE;1,0;0,0;0,0;0,0;0,0;0,0;0,0;0,0;0,0;0,0;0,0;;;;;;;;;;;;;
202206961,0;2022-03-29;;1;FINALIZADA;IPSEP;RUA POTENGI;87,0;RUA ARARAQUARA;REF: PRAÇA DA MAURICEIA;IPSEP;;SUBURBIO;COLISÃO COM CICLISTA;0,0;1,0;0,0;1,0;0,0;0,0;0,0;0,0;0,0;1,0;0,0;Cruzamento;Bom;Não existe;Incompleta;Seca;Perfeito estado;Não existe;Não há placas;;Única;Não existe;;
202206974,0;2022-03-30;;2;FINALIZADA;BOA VIAGEM;RUA ERNESTO DE PAULA SANTOS;;AV FERNANDO SIMOES BARBOSA;;BOA VIAGEM;;;COLISÃO TRANSVERSAL;1,0;0,0;0,0;0,0;0,0;0,0;1,0;0,0;0,0;0,0;0,0;;;;;;;;;;;;;
202206984,0;2022-03-30;;1;FINALIZADA;BOA VIAGEM;AV BOA VIAGEM;6732,0;RUA BRIGADEIRO CYRO;APÓS O CLUB DA AERONÁUTICA;BOA VIAGEM;;CIDADE;COLISÃO LATERAL;1,0;1,0;0,0;0,0;0,0;0,0;0,0;0,0;0,0;1,0;0,0;Longo da via;Bom;Não existe;Perfeito estado;Seca;Perfeito estado;Não existe;Não há placas;60 km/h;Única;Faixa seccionada;;
202206996,0;2022-03-30;;1;FINALIZADA;SANTO AMARO;AV CRUZ CABUGA;;;EM FRENTE AO HOSPITAL NAVAL;SANTO AMARO;;SUBURBIO;ATROPELAMENTO DE PESSOA;0,0;1,0;0,0;0,0;1,0;0,0;0,0;0,0;0,0;2,0;0,0;Longo da via;Bom;Não existe;Perfeito estado;Seca;Perfeito estado;Não existe;Não há placas;60 km/h;Dupla;Faixa contínua;;
202207005,0;2022-03-30;;2;FINALIZADA;AREIAS;RUA JOSE NATARIO;;;EM FRENTE A DROGASIL;AREIAS;;;COLISÃO TRASEIRA;1,0;1,0;0,0;0,0;0,0;0,0;0,0;1,0;0,0;0,0;0,0;Longo da via;Bom;Não existe;Perfeito estado;Seca;Perfeito estado;Não existe;R-6a;;Dupla;Faixa seccionada;;