Protocolo;data;hora;natureza;situacao;bairro;endereco;numero;detalhe_endereco_acidente;complemento;bairro_cruzamento;num_semaforo;sentido_via;tipo;auto;moto;ciclom;ciclista;pedestre;onibus;caminhao;viatura;outros;vitimas;vitimasfatais;acidente_verificado;tempo_clima;situacao_semaforo;sinalizacao;condicao_via;conservacao_via;ponto_controle;situacao_placa;velocidade_max_via;mao_direcao;divisao_via1;divisao_via2;divisao_via3
202207997,0;2022-04-10;;1;FINALIZADA;PINA;AV BRASILIA FORMOSA;;RUA PORAQUE;NA ORLA DA BRASILIA TEIMOSA. BAR LULA PÉ DE PORCO.;PINA;;SUBURBIO;CHOQUE;1,0;1,0;0,0;0,0;0,0;0,0;0,0;0,0;0,0;2,0;0,0;Longo da via;Bom;Não existe;Não existente;Seca;Perfeito estado;;Não há placas;40 km/h;Dupla;Faixa contínua;;
202208035,0;2022-04-10;;3;FINALIZADA;PINA;AV BOA VIAGEM;500,0;RUA PEREIRA DA COSTA;EM FRENTE AO HOTEL TRANSAMERICA. EDF CHATEAU MOUTON;PINA;110,0;CIDADE;ATROPELAMENTO DE PESSOA;0,0;1,0;0,0;0,0;1,0;0,0;0,0;0,0;0,0;1,0;1,0;Cruzamento;Bom;Sem defeito;Perfeito estado;Seca;Perfeito estado;Faixa de pedestre;Outras;60 km/h;Única;Faixa contínua;;
202208045,0;2022-04-10;;1;FINALIZADA;CORDEIRO;AV ENGENHEIRO ABDIAS DE CARVALHO;;RUA ANTONIO VALDEVINO COSTA;AO LADO DO COMPAZ ARIANO SUASSUNA;CORDEIRO;688,0;SUBURBIO;COLISÃO LATERAL;1,0;1,0;0,0;0,0;0,0;0,0;0,0;0,0;0,0;1,0;0,0;Longo da via;Bom;Sem defeito;Perfeito estado;Seca;Perfeito estado;Faixa de retenção;R-5a;;Dupla;Blocos;;
202208065,0;2022-04-10;;1;CANCELADA;ALTO SANTA TERESINHA;RUA PROFESSOR JOSE AMARINO DOS REIS;315,0;;PROX DA BARRACA DE SALU DEPOIS DO TEIMOSO;ALTO SANTA TERESINHA;;;COLISÃO TRASEIRA;1,0;1,0;0,0;0,0;0,0;0,0;0,0;0,0;0,0;1,0;0,0;;;;;;;;;;;;;
202208071,0;2022-04-10;;1;FINALIZADA;BONGI;EST DO BONGI;468,0;RUA SANTA EDWIRGES;PROX A ANTIGA FACULDADE NOVA ROMA;BONGI;;;COLISÃO FRONTAL;1,0;1,0;0,0;0,0;0,0;0,0;0,0;0,0;0,0;1,0;0,0;Cruzamento;Bom;Não existe;Não existente;Seca;Mal conservada;Não existe;Não há placas;;Dupla;Não existe;;
202208072,0;2022-04-10;;1;CANCELADA;VASCO DA GAMA;RUA DOIS DE FEVEREIRO;187,0;;ENFRENTE AO BAR DO PAULO;VASCO DA GAMA;;;COLISÃO FRONTAL;1,0;1,0;0,0;0,0;0,0;0,0;0,0;0,0;0,0;1,0;0,0;;;;;;;;;;;;;
202208074,0;2022-04-10;;1;FINALIZADA;CASA AMARELA;RUA ALTO JOSE BONIFACIO;192,0;;PROX A FEIRA DA RODINHA, SUBINDO A LADEIRA DA BOMBA DO HEMETÉRIO;CASA AMARELA;;SUBURBIO;COLISÃO FRONTAL;2,0;0,0;0,0;0,0;0,0;0,0;0,0;0,0;0,0;1,0;0,0;Longo da via;Bom;Não existe;Não existente;Seca;Perfeito estado;Não existe;Não há placas;;Dupla;Não existe;;
202208096,0;2022-04-11;;1;FINALIZADA;BOA VISTA;RUA GERVASIO PIRES;271,0;AV CONDE DA BOA VISTA;E/F A DROGASIL. AO LADO DA DROGARIA SÃO PAULO;BOA VISTA;24,0;CIDADE;COLISÃO LATERAL;1,0;1,0;0,0;0,0;0,0;0,0;0,0;0,0;0,0;2,0;0,0;Longo da via;Bom;Sem defeito;Perfeito estado;Seca;Perfeito estado;Agente;R-6a;;Única;Faixa seccionada;;
202208107,0;2022-04-11;;1;FINALIZADA;BOA VISTA;RUA IMPERADOR PEDRO SEGUNDO;376,0;;EM FRENTE AO RESTAURENTE DOM PEDRO AO LADO DO CARTORIO.;BOA VISTA;;SUBURBIO;COLISÃO LATERAL;2,0;1,0;0,0;0,0;0,0;0,0;0,0;0,0;0,0;1,0;0,0;Longo da via;Bom;Não existe;Perfeito estado;Seca;Perfeito estado;Não existe;Não há placas;;Única;Faixa seccionada;;
202208157,0;2022-04-12;;1;FINALIZADA;BOA VIAGEM;AV BOA VIAGEM;58,0;;PRÓXIMO AO SEMÁFORO 84.;BOA VIAGEM;84,0;SUBURBIO;COLISÃO LATERAL;1,0;1,0;0,0;0,0;0,0;0,0;0,0;0,0;0,0;1,0;0,0;Longo da via;Bom;Sem defeito;Perfeito estado;Seca;Perfeito estado;Faixa de pedestre;Outras;;Única;Faixa seccionada;;
202208162,0;2022-04-12;;1;FINALIZADA;BOA VISTA;RUA DOM BOSCO;1000,0;;AO LADO DA RÁDIO RECIFE;BOA VISTA;;SUBURBIO;COLISÃO LATERAL;1,0;1,0;0,0;0,0;0,0;0,0;0,0;0,0;0,0;1,0;0,0;Longo da via;Bom;Não existe;Perfeito estado;Seca;Perfeito estado;Não existe;R-6a;;Dupla;Faixa contínua;;
202208163,0;2022-04-12;;2;FINALIZADA;MACAXEIRA;AV NORTE MIGUEL ARRAES DE ALENCAR;;;PROXIMO AO TERMINAL DA MACAXEIRA;MACAXEIRA;;;TOMBAMENTO;0,0;0,0;0,0;0,0;0,0;0,0;0,0;0,0;0,0;0,0;0,0;;;;;;;;;;;;;
202208164,0;2022-04-12;;2;FINALIZADA;MACAXEIRA;AV NORTE MIGUEL ARRAES DE ALENCAR;;;PROXIMO AO TERMINAL DA MACAXEIRA;MACAXEIRA;;;TOMBAMENTO;0,0;0,0;0,0;0,0;0,0;0,0;0,0;0,0;0,0;0,0;0,0;;;;;;;;;;;;;
202208167,0;2022-04-12;;1;FINALIZADA;IPUTINGA;AV CAXANGA;2811,0;;LADO OPOSTO AO JBS;IPUTINGA;;CIDADE;COLISÃO TRASEIRA;3,0;0,0;0,0;0,0;0,0;0,0;0,0;0,0;0,0;1,0;0,0;Longo da via;Bom;Sem defeito;Perfeito estado;Seca;Perfeito estado;Não existe;Não há placas;60 km/h;Dupla;Canteiro central;;
202208173,0;2022-04-12;;1;FINALIZADA;BOA VIAGEM;AV CONSELHEIRO AGUIAR;4777,0;;PRÓXIMO AO MERCADO DE BOA VIAGEM;BOA VIAGEM;;CIDADE;COLISÃO TRASEIRA;1,0;0,0;0,0;0,0;0,0;1,0;0,0;0,0;0,0;1,0;0,0;Longo da via;Bom;Não existe;Perfeito estado;Seca;Perfeito estado;Não existe;R-6a;60 km/h;Única;Faixa contínua;;
202208181,0;2022-04-12;;1;FINALIZADA;IPSEP;AV RECIFE;3460,0;;JJK AUTO;IPSEP;;SUBURBIO;ENGAVETAMENTO;4,0;0,0;0,0;0,0;0,0;0,0;0,0;0,0;0,0;1,0;0,0;Longo da via;Bom;Sem defeito;Perfeito estado;Seca;Perfeito estado;Faixa de pedestre;R-6a;60 km/h;Única;Faixa seccionada;;
202208182,0;2022-04-12;;1;FINALIZADA;IMBIRIBEIRA;AV SUL;;;PATIO TERMINAL DE ONIBUS TRANCREDO NEVES;IMBIRIBEIRA;;;COLISÃO TRASEIRA;0,0;0,0;0,0;0,0;0,0;2,0;0,0;0,0;0,0;5,0;0,0;Outros;Bom;Não existe;Não existente;Seca;Mal conservada;Não existe;Não há placas;;Única;;;
202208183,0;2022-04-12;;1;FINALIZADA;IPSEP;AV RECIFE;3045,0;;RL VIDROS E MOLDURAS;IPSEP;;SUBURBIO;ENGAVETAMENTO;4,0;0,0;0,0;0,0;0,0;0,0;0,0;0,0;0,0;1,0;0,0;Longo da via;Bom;Não existe;Perfeito estado;Seca;Perfeito estado;Não existe;Não há placas;;Dupla;Faixa contínua;Faixa seccionada;Canteiro central
202208185,0;2022-04-12;;1;FINALIZADA;JORDÃO;AV JULIO CESAR;;RUA ANTONIO ROCHA;RUA ANTONIO ROCHA;JORDÃO;;SUBURBIO;COLISÃO TRANSVERSAL;3,0;0,0;0,0;0,0;0,0;0,0;0,0;0,0;0,0;2,0;0,0;Cruzamento;Bom;Não existe;Não existente;Seca;Perfeito estado;Não existe;Não há placas;;Dupla;Faixa seccionada;;
202208186,0;2022-04-12;;1;FINALIZADA;AFOGADOS;RUA COSME VIANA;122,0;RUA PROFESSOR FREDERICO CURIO;EM FRENTE A LÉO  CHOPP;AFOGADOS;430,0;SUBURBIO;COLISÃO TRANSVERSAL;1,0;1,0;0,0;0,0;0,0;0,0;0,0;0,0;0,0;1,0;0,0;Cruzamento;Bom;Sem defeito;Incompleta;Seca;Perfeito estado;Faixa de pedestre;Outras;;Única;Faixa contínua;Faixa seccionada;
202208196,0;2022-04-12;;1;FINALIZADA;APIPUCOS;RUA DOIS IRMAOS;320,0;;EM FRENTE A ESCOLA CANDIDO DUARTE;APIPUCOS;;CIDADE;COLISÃO TRANSVERSAL;1,0;1,0;0,0;0,0;0,0;0,0;0,0;0,0;0,0;1,0;0,0;Longo da via;Bom;Sem defeito;Perfeito estado;Seca;Perfeito estado;Não existe;R-6a;;Dupla;Faixa contínua;;
202208231,0;2022-04-13;;2;FINALIZADA;MUSTARDINHA;EST DO BONGI;955,0;AV MANOEL GONCALVES DA LUZ;EM FRENTE A IGREJA BATISTA DO BONGI;MUSTARDINHA;;SUBURBIO;COLISÃO FRONTAL;2,0;0,0;0,0;0,0;0,0;0,0;0,0;0,0;0,0;0,0;0,0;Cruzamento;Bom;Não existe;Ilegível;Seca;Mal conservada;Não existe;Não há placas;;Dupla;Não existe;;
202208236,0;2022-04-13;;1;FINALIZADA;SANTO AMARO;AV MARIO MELO;;RUA SAO GERALDO;ESCOLA ESTADUAL SYLVIO RABELLO;SANTO AMARO;;SUBURBIO;COLISÃO LATERAL;1,0;1,0;0,0;0,0;0,0;0,0;0,0;0,0;0,0;1,0;0,0;Longo da via;Bom;Não existe;Perfeito estado;Seca;Perfeito estado;Não existe;Outras;;Dupla;Canteiro central;;
202208275,0;2022-04-13;;1;FINALIZADA;IMBIRIBEIRA;AV ANTONIO TORRES GALVAO;221,0;RUA ALFREDO MARCONDES;PRÓXIMO À IGREJA EPISCOPAL CARISMÁTICA - CATEDRAL DA RECONCILIAÇÃO;IMBIRIBEIRA;442,0;SUBURBIO;COLISÃO TRANSVERSAL;1,0;1,0;0,0;0,0;0,0;0,0;0,0;0,0;0,0;1,0;0,0;Cruzamento;Bom;Intermitente;Perfeito estado;Seca;Perfeito estado;Não existe;R-19;;Única;Faixa seccionada;;
202208294,0;2022-04-14;;1;FINALIZADA;CORDEIRO;AV CAXANGA;2015,0;EST DO FORTE DO ARRAIAL N. DO B. JESUS;AO LADO DA PRONTOCLÍNICA ODONTOLÓGICA VALÉRIA DIAS.;CORDEIRO;;CIDADE;COLISÃO COM CICLISTA;0,0;0,0;0,0;1,0;0,0;1,0;0,0;0,0;0,0;1,0;0,0;Cruzamento;Bom;Não existe;Perfeito estado;Seca;Perfeito estado;Não existe;Outras;60 km/h;Dupla;Faixa contínua;Faixa seccionada;Canteiro central
202208295,0;2022-04-14;;1;FINALIZADA;IPSEP;AV ENGENHEIRO ALVES DE SOUZA;;RUA ARQUITETO LUIZ NUNES;;IPSEP;634,0;SUBURBIO;COLISÃO LATERAL;1,0;1,0;0,0;0,0;0,0;0,0;0,0;0,0;0,0;1,0;0,0;Cruzamento;Bom;Sem defeito;Perfeito estado;Seca;Perfeito estado;Faixa de pedestre;Outras;60 km/h;Dupla;Faixa contínua;;
202208302,0;2022-04-14;;1;FINALIZADA;IBURA;AV ENGENHO MURIBECA;370,0;RUA ENGENHO TERRA VERMELHA;PROX. AO COLÉGIO GREMIO EDUCATIVO;IBURA;;SUBURBIO;COLISÃO TRASEIRA;0,0;1,0;0,0;0,0;0,0;0,0;1,0;0,0;0,0;1,0;0,0;Longo da via;Bom;Não existe;Perfeito estado;Seca;Perfeito estado;Não existe;Não há placas;;Única;Faixa seccionada;;
202208309,0;2022-04-14;;1;FINALIZADA;CORDEIRO;AV GENERAL SAN MARTIN;458,0;RUA COSTA AZEVEDO;RETÍFICA ALMEIDA;CORDEIRO;;SUBURBIO;COLISÃO TRANSVERSAL;2,0;0,0;0,0;0,0;0,0;0,0;0,0;0,0;0,0;1,0;0,0;Longo da via;Bom;Não existe;Perfeito estado;Seca;Mal conservada;Não existe;Não há placas;;Dupla;Não existe;;
202208332,0;2022-04-14;;1;FINALIZADA;SANTO AMARO;AV CRUZ CABUGA;;;PRÓX AO HOSPITAL DO CÂNCER DE PERNAMBUCO;SANTO AMARO;202,0;SUBURBIO;COLISÃO LATERAL;0,0;1,0;0,0;0,0;0,0;1,0;0,0;0,0;0,0;1,0;0,0;Longo da via;Bom;Sem defeito;Perfeito estado;Seca;Perfeito estado;Não existe;Não há placas;;Dupla;Blocos;;
202208333,0;2022-04-14;;1;FINALIZADA;PRADO;AV ENGENHEIRO ABDIAS DE CARVALHO;120,0;;PRÓX. AO POSTO IMPÉRIO. LADO OPOSTO AO BOSCH SERVICE.;PRADO;;SUBURBIO;COLISÃO LATERAL;1,0;1,0;0,0;0,0;0,0;0,0;0,0;0,0;0,0;1,0;0,0;Longo da via;Bom;Não existe;Perfeito estado;Seca;Perfeito estado;Não existe;R-6a;60 km/h;Dupla;Faixa seccionada;Canteiro central;
202208356,0;2022-04-15;;2;FINALIZADA;MADALENA;AV VISCONDE DE ALBUQUERQUE;411,0;;EM FRENTEAO RESTAURANTE A MADA LENA;MADALENA;;SUBURBIO;CHOQUE;2,0;0,0;0,0;0,0;0,0;0,0;0,0;0,0;0,0;0,0;0,0;Longo da via;Bom;Não existe;Perfeito estado;Seca;Perfeito estado;Não existe;Não há placas;;Única;Faixa seccionada;;
202208357,0;2022-04-15;;2;FINALIZADA;BOA VIAGEM;RUA FREI LEANDRO;;RUA RAUL AZEDO;AO LADO DO NÚMERO 70;BOA VIAGEM;;SUBURBIO;COLISÃO TRANSVERSAL;2,0;0,0;0,0;0,0;0,0;0,0;0,0;0,0;0,0;0,0;0,0;Cruzamento;Bom;Não existe;Perfeito estado;Seca;Perfeito estado;Faixa de pedestre;Outras;;Única;Não existe;;
202208398,0;2022-04-15;;1;FINALIZADA;TEJIPIÓ;AV DR JOSE RUFINO;3538,0;;APÓS O ARMAZEM CORAL - SENTIDO CAVALEIRO;TEJIPIÓ;;CIDADE;COLISÃO TRANSVERSAL;1,0;1,0;0,0;0,0;0,0;0,0;0,0;0,0;0,0;1,0;0,0;Longo da via;Bom;Não existe;Perfeito estado;Seca;Perfeito estado;;Não há placas;40 km/h;Dupla;Faixa contínua;;
202208399,0;2022-04-15;;1;FINALIZADA;BOA VIAGEM;RUA PROFESSOR MARIO CASTRO;389,0;;PROXIMO AO COLEGIO AMERICANO;BOA VIAGEM;;SUBURBIO;COLISÃO TRANSVERSAL;2,0;1,0;0,0;0,0;0,0;0,0;0,0;0,0;0,0;1,0;0,0;Longo da via;Bom;Não existe;;Seca;Perfeito estado;Não existe;;;Dupla;Não existe;;
202208404,0;2022-04-15;;1;FINALIZADA;IMBIRIBEIRA;RUA ARQUITETO LUIZ NUNES;304,0;RUA ITALIA;PRÓX AO AÇAI DA IMBIRIBEIRA;IMBIRIBEIRA;;SUBURBIO;COLISÃO LATERAL;1,0;1,0;0,0;0,0;0,0;0,0;0,0;0,0;0,0;1,0;0,0;Longo da via;Bom;Não existe;Ilegível;Seca;Perfeito estado;Não existe;Outras;;Dupla;Faixa contínua;;
202208414,0;2022-04-16;;1;FINALIZADA;VÁRZEA;AV CAXANGA;46,0;;SOBRE A PONTE - PROXIMO UPA - SENTIDO SUB/CID. SUPER CENTER CAXANGÁ.;VÁRZEA;568,0;CIDADE;COLISÃO TRASEIRA;0,0;1,0;0,0;0,0;0,0;0,0;1,0;0,0;0,0;1,0;0,0;Longo da via;Bom;Sem defeito;Perfeito estado;Seca;Perfeito estado;Faixa de retenção;Outras;;Dupla;Faixa contínua;Faixa seccionada;
202208418,0;2022-04-16;;1;FINALIZADA;BOA VIAGEM;RUA VISCONDE DE JEQUITINHONHA;1656,0;RUA JOSE MOREIRA LEAL;E/F AO EDIFICIO ISLAMORADA;BOA VIAGEM;;SUBURBIO;COLISÃO TRANSVERSAL;0,0;1,0;0,0;0,0;0,0;0,0;0,0;0,0;0,0;1,0;0,0;Longo da via;Bom;Não existe;Perfeito estado;Seca;Perfeito estado;Não existe;"Placas ""Pare""";30 km/h;Única;Canteiro central;;
202208428,0;2022-04-16;;1;CANCELADA;ENCRUZILHADA;AV BEBERIBE;59,0;;E/F A FARMACIA PAGUE MENOS;ENCRUZILHADA;;;COLISÃO LATERAL;0,0;2,0;0,0;0,0;0,0;0,0;0,0;0,0;0,0;1,0;0,0;;;;;;;;;;;;;
202208433,0;2022-04-16;;1;FINALIZADA;BOA VIAGEM;RUA TENENTE JOAO CICERO;486,0;RUA MINISTRO NELSON HUNGRIA;AO LADO DA ACADEMIA CORPO LIVRE;BOA VIAGEM;;CIDADE;COLISÃO TRANSVERSAL;2,0;0,0;0,0;0,0;0,0;0,0;0,0;0,0;0,0;1,0;0,0;Cruzamento;Bom;Não existe;Perfeito estado;Seca;Perfeito estado;Faixa de pedestre;"Placas ""Pare""";;Única;Faixa contínua;;
202208434,0;2022-04-16;;2;FINALIZADA;VÁRZEA;RUA GASTAO VIDIGAL;;;ENFRENTE AO MOTEL NINJA;VÁRZEA;;;COLISÃO TRASEIRA;1,0;0,0;0,0;0,0;0,0;0,0;1,0;0,0;0,0;0,0;0,0;;;;;;;;;;;;;
202208448,0;2022-04-16;;1;FINALIZADA;PAISSANDU;AV GOVERNADOR AGAMENON MAGALHAES;;;E/F AO HOSPITAL PORTUGUES;PAISSANDU;;BOA VIAGEM;COLISÃO LATERAL;1,0;1,0;0,0;0,0;0,0;0,0;0,0;0,0;0,0;1,0;0,0;;;;;;;;;;;;;
202208455,0;2022-04-17;;2;FINALIZADA;TORRÕES;AV ENGENHEIRO ABDIAS DE CARVALHO;;;ESQUINA COM RUA 11 DE FEVEREIRO;TORRÕES;;;CHOQUE;1,0;0,0;0,0;0,0;0,0;0,0;0,0;0,0;0,0;0,0;0,0;Longo da via;Chuvoso;Não existe;Perfeito estado;Molhada;Perfeito estado;Não existe;Outras;60 km/h;Dupla;Canteiro central;;
202208461,0;2022-04-17;;1;FINALIZADA;BOA VIAGEM;AV ENGENHEIRO DOMINGOS FERREIRA;273,0;RUA FELIX DE BRITO E MELO;ENFRENTE A A+ MEDICINA E DIAGNOSTICO;BOA VIAGEM;545,0;CIDADE;COLISÃO TRANSVERSAL;1,0;1,0;0,0;0,0;0,0;0,0;0,0;0,0;0,0;1,0;0,0;Cruzamento;Bom;Sem defeito;Perfeito estado;Molhada;Perfeito estado;Faixa de retenção;Não há placas;60 km/h;Única;Faixa contínua;;
202208464,0;2022-04-17;;1;FINALIZADA;BOA VIAGEM;RUA ERNESTO DE PAULA SANTOS;75,0;RUA DOS NAVEGANTES;PROX AO HOTEL RECIFE PALACE;BOA VIAGEM;;CIDADE;COLISÃO LATERAL;1,0;1,0;0,0;0,0;0,0;0,0;0,0;0,0;0,0;2,0;0,0;Cruzamento;Bom;Não existe;Perfeito estado;Seca;Perfeito estado;Faixa de retenção;R-4b;;Única;Faixa seccionada;;
202208470,0;2022-04-17;;1;FINALIZADA;ÁGUA FRIA;AV BEBERIBE;2278,0;;E/F AO SUPERMERCADO SOBERANO;ÁGUA FRIA;187,0;SUBURBIO;COLISÃO TRASEIRA;1,0;1,0;0,0;0,0;0,0;0,0;0,0;0,0;0,0;1,0;0,0;Longo da via;Bom;Sem defeito;Perfeito estado;Seca;Perfeito estado;Não existe;R-6a;;Dupla;Faixa contínua;;
202208472,0;2022-04-17;;1;FINALIZADA;TORREÃO;RUA NATIVIDADE SALDANHA;;;EM FRENTE AO PORCÃO CHURRASCARIA;TORREÃO;;SUBURBIO;QUEDA;0,0;1,0;0,0;0,0;0,0;0,0;0,0;0,0;0,0;1,0;0,0;Longo da via;Bom;Não existe;Perfeito estado;Seca;Perfeito estado;Não existe;Outras;;Única;;;
202208484,0;2022-04-17;;1;FINALIZADA;FUNDÃO;AV BEBERIBE;2642,0;;PRÓX A ESCOLA PROF PEDRO AUGUSTO. LADO OPOSTO AO NÚMERO INFORMADO.;FUNDÃO;;CIDADE;COLISÃO FRONTAL;1,0;1,0;0,0;0,0;0,0;0,0;0,0;0,0;0,0;1,0;0,0;Longo da via;Bom;Não existe;Perfeito estado;Seca;Perfeito estado;;Não há placas;;Dupla;Faixa;;
202208498,0;2022-04-18;;1;FINALIZADA;CORDEIRO;AV ENGENHEIRO ABDIAS DE CARVALHO;;AV GENERAL SAN MARTIN;EM FRENTE AO COMPAZ ARIANO SUASSUNA;CORDEIRO;58,0;SUBURBIO;COLISÃO TRANSVERSAL;2,0;0,0;0,0;0,0;0,0;0,0;0,0;0,0;0,0;1,0;0,0;Cruzamento;Bom;Sem defeito;Perfeito estado;Seca;Perfeito estado;Faixa de pedestre;R-4a;;Dupla;Canteiro central;;
202208505,0;2022-04-18;;1;FINALIZADA;IPUTINGA;AV CAXANGA;;AV PROFESSOR MORAES REGO;LADO OPOSTO A LOJA SUPRANOR;IPUTINGA;;CIDADE;COLISÃO LATERAL;1,0;1,0;0,0;0,0;0,0;0,0;0,0;0,0;0,0;1,0;0,0;Longo da via;Bom;Não existe;Perfeito estado;Seca;Perfeito estado;Não existe;Não há placas;60 km/h;Dupla;Canteiro central;;
202208510,0;2022-04-18;;2;FINALIZADA;VÁRZEA;AV CAXANGA;5034,0;;POSTO IPIRANGA;VÁRZEA;;CIDADE;COLISÃO TRASEIRA;2,0;0,0;0,0;0,0;0,0;0,0;0,0;1,0;0,0;0,0;0,0;Longo da via;Bom;Não existe;Perfeito estado;Seca;Perfeito estado;Não existe;R-32;60 km/h;Dupla;Faixa contínua;Faixa seccionada;Canteiro central
202208526,0;2022-04-18;;2;FINALIZADA;SANTO ANTÔNIO;;;;AV CAIS SANTA ESTELITA / SEMÁFORO 473 DA PONTE GIRATÓRIA;SANTO ANTÔNIO;473,0;CIDADE;CHOQUE;1,0;0,0;0,0;0,0;0,0;0,0;0,0;0,0;0,0;0,0;0,0;Longo da via;Bom;Sem defeito;Perfeito estado;Seca;Perfeito estado;;;;Dupla;Canteiro central;;
202208538,0;2022-04-18;;2;CANCELADA;BOA VIAGEM;AV DOM JOAO VI;;;AO LADO DO SHOPPING RECIFE, CONDUTOR COM SINTOMAS DE EMBRIAGUEZ.;BOA VIAGEM;;;COLISÃO TRASEIRA;2,0;0,0;0,0;0,0;0,0;0,0;0,0;0,0;0,0;0,0;0,0;;;;;;;;;;;;;
202208544,0;2022-04-18;;1;FINALIZADA;IPUTINGA;RUA SAO MATEUS;;;NO FINAL DA RUA PROX AO  DETRAN;IPUTINGA;;;COLISÃO LATERAL;1,0;1,0;0,0;0,0;0,0;0,0;0,0;0,0;0,0;1,0;0,0;;;;;;;;;;;;;
202208550,0;2022-04-18;;1;FINALIZADA;CIDADE UNIVERSITÁRIA;AV PROFESSOR LUIZ FREIRE;500,0;;PROX AO IFPE E/F   ASSOCIAÇAO DOS SERVIDORES DA IFPE;CIDADE UNIVERSITÁRIA;;CIDADE;COLISÃO FRONTAL;1,0;1,0;0,0;0,0;0,0;0,0;0,0;0,0;0,0;1,0;0,0;;Bom;Não existe;;Seca;Perfeito estado;Não existe;Outras;;Dupla;Não existe;;
202208584,0;2022-04-19;;1;FINALIZADA;CAMPO GRANDE;AV GOVERNADOR AGAMENON MAGALHAES;;;EM FRENTE O TACARUNA, SENTIDO DERBY APOS O VIADULTO. EM FRENTE À ANTIGA FÁBRICA TACARUNA, POSTE Nº H039147;CAMPO GRANDE;;CIDADE;COLISÃO TRASEIRA;1,0;1,0;0,0;0,0;0,0;0,0;0,0;0,0;0,0;1,0;0,0;Longo da via;Bom;Não existe;Incompleta;Seca;Perfeito estado;;;;Dupla;Canal;;
202208590,0;2022-04-19;;1;FINALIZADA;BOA VIAGEM;AV ENGENHEIRO DOMINGOS FERREIRA;2265,0;RUA DONA BENVINDA DE FARIAS;FAIXA DA ESQUERDA;BOA VIAGEM;139,0;SUBURBIO;COLISÃO TRASEIRA;1,0;1,0;0,0;0,0;0,0;0,0;0,0;0,0;0,0;1,0;0,0;Longo da via;Bom;Sem defeito;Perfeito estado;Seca;Perfeito estado;Faixa de pedestre;R-4a;;Dupla;Canteiro central;;
202208615,0;2022-04-19;;1;CANCELADA;IPSEP;RUA ALVARO MOREYRA;;;PRÓX. À OFICINA DINAMICAR;IPSEP;;;COLISÃO FRONTAL;1,0;1,0;0,0;0,0;0,0;0,0;0,0;0,0;0,0;1,0;0,0;;;;;;;;;;;;;
202208632,0;2022-04-19;;1;FINALIZADA;SÃO JOSÉ;AV SUL;;;PRÓXIMO À PRAÇA SÉRGIO LORETO;SÃO JOSÉ;311,0;CIDADE;COLISÃO LATERAL;0,0;2,0;0,0;0,0;0,0;0,0;0,0;0,0;0,0;2,0;0,0;Longo da via;Bom;Sem defeito;Perfeito estado;Seca;;Não existe;Não há placas;;Única;Não existe;;
202208703,0;2022-04-20;;1;FINALIZADA;IMBIRIBEIRA;AV ANTONIO TORRES GALVAO;615,0;RUA ALFREDO MARCONDES;MOTOCICLISTA TOMBOU NA VIA.;IMBIRIBEIRA;442,0;CIDADE;QUEDA;0,0;1,0;0,0;0,0;0,0;0,0;0,0;0,0;0,0;1,0;0,0;Cruzamento;Chuvoso;Sem defeito;Perfeito estado;Molhada;Perfeito estado;Não existe;Não há placas;;Única;Não existe;;
202208706,0;2022-04-20;;2;FINALIZADA;SANTO AMARO;RUA TREZE DE MAIO;318,0;RUA PEDRO AFONSO;SESC SANTO AMARO;SANTO AMARO;427,0;SUBURBIO;COLISÃO TRASEIRA;1,0;1,0;0,0;0,0;0,0;0,0;0,0;0,0;0,0;0,0;0,0;Cruzamento;Bom;Sem defeito;Perfeito estado;Seca;Perfeito estado;Faixa de pedestre;Não há placas;40 km/h;Dupla;Faixa contínua;;
202208721,0;2022-04-20;;2;FINALIZADA;DOIS UNIDOS;RUA MAMEDE COELHO;847,0;;E/F AO BAR DE JOIA;DOIS UNIDOS;;;COLISÃO LATERAL;2,0;0,0;0,0;0,0;0,0;0,0;0,0;0,0;0,0;0,0;0,0;;;;;;;;;;;;;
202208725,0;2022-04-20;;1;FINALIZADA;VÁRZEA;AV CAXANGA;;RUA RIBEIRO PESSOA;PRÓX. À UPA;VÁRZEA;281,0;SUBURBIO;COLISÃO COM CICLISTA;1,0;0,0;0,0;1,0;0,0;0,0;0,0;0,0;0,0;1,0;0,0;Cruzamento;Chuvoso;Sem defeito;Perfeito estado;Molhada;Perfeito estado;Agente;Não há placas;60 km/h;Dupla;Canteiro central;;
202208734,0;2022-04-20;;2;FINALIZADA;BOA VIAGEM;AV DOM JOAO VI;;;LADO OPOSTO A CIA DO FUTEBOL;BOA VIAGEM;;SUBURBIO;COLISÃO TRASEIRA;3,0;0,0;0,0;0,0;0,0;0,0;0,0;1,0;0,0;0,0;0,0;Longo da via;Bom;Não existe;Perfeito estado;Seca;Mal iluminada;Não existe;;60 km/h;Dupla;Outros;;