Protocolo;data;hora;natureza;situacao;bairro;endereco;numero;detalhe_endereco_acidente;complemento;bairro_cruzamento;num_semaforo;sentido_via;tipo;auto;moto;ciclom;ciclista;pedestre;onibus;caminhao;viatura;outros;vitimas;vitimasfatais;acidente_verificado;tempo_clima;situacao_semaforo;sinalizacao;condicao_via;conservacao_via;ponto_controle;situacao_placa;velocidade_max_via;mao_direcao;divisao_via1;divisao_via2;divisao_via3
202208736,0;2022-04-20;;2;FINALIZADA;BOA VIAGEM;RUA JOSE MARIA DE MIRANDA;289,0;;PRÓX AO HOSPITAL BV;BOA VIAGEM;;;COLISÃO TRASEIRA;1,0;1,0;0,0;0,0;0,0;0,0;0,0;0,0;0,0;0,0;0,0;;;;;;;;;;;;;
202208740,0;2022-04-20;;1;FINALIZADA;DERBY;RUA JENER DE SOUZA;206,0;;EM FRENTE A COMVEST / MEMORIAL DE MEDICINA DE PERNAMBUCO;DERBY;;CIDADE;COLISÃO LATERAL;1,0;1,0;0,0;0,0;0,0;0,0;0,0;0,0;0,0;1,0;0,0;Longo da via;Bom;Não existe;Perfeito estado;Seca;Perfeito estado;Não existe;R-6a;;Única;Faixa seccionada;;
202208747,0;2022-04-20;;1;FINALIZADA;SAN MARTIN;AV GENERAL SAN MARTIN;;RUA JOSE VELOSO;PROX A CAVALARIA DA PMPE;SAN MARTIN;326,0;;COLISÃO LATERAL;1,0;1,0;0,0;0,0;0,0;0,0;0,0;0,0;0,0;2,0;0,0;Cruzamento;Bom;Sem defeito;Perfeito estado;Seca;Perfeito estado;Faixa de pedestre;R-6a;40 km/h;Dupla;Não existe;;
202208789,0;2022-04-21;;1;FINALIZADA;VÁRZEA;RUA GASTAO VIDIGAL;347,0;;AO LADO DO HOTEL COSTA AZUL;VÁRZEA;;;COLISÃO FRONTAL;1,0;1,0;0,0;0,0;0,0;0,0;0,0;0,0;0,0;1,0;0,0;Longo da via;Bom;Não existe;Perfeito estado;Seca;Perfeito estado;Não existe;Não há placas;;Dupla;Faixa seccionada;;
202208800,0;2022-04-21;;2;FINALIZADA;PINA;AV CONSELHEIRO AGUIAR;;AV HERCULANO BANDEIRA;OPOSTO AO TEATRO BARRETO JUNIOR;PINA;138,0;CIDADE;COLISÃO TRANSVERSAL;2,0;0,0;0,0;0,0;0,0;0,0;0,0;0,0;0,0;0,0;0,0;Cruzamento;Bom;Sem defeito;Incompleta;Seca;Perfeito estado;Faixa de retenção;Não há placas;60 km/h;Única;Faixa contínua;;
202208817,0;2022-04-21;;1;FINALIZADA;IBURA;AV DOIS RIOS;;;APOS A  SUBIDA DA LADEIRA  AO LADO DA POLICLINICA E MATERNIDADE PROFESSOR ARNALDO MAGALHÃES, PROXIMO AO TREVO.;IBURA;;SUBURBIO;COLISÃO FRONTAL;2,0;0,0;0,0;0,0;0,0;0,0;0,0;0,0;0,0;1,0;0,0;Cruzamento;Bom;Não existe;Ilegível;Seca;Perfeito estado;Não existe;"Placas ""Pare""";;Dupla;Não existe;;
202208843,0;2022-04-22;;2;FINALIZADA;CABANGA;AV ENGENHEIRO JOSE ESTELITA;214,0;;FERNANDO LINS ADVOGADOS;CABANGA;;SUBURBIO;;0,0;0,0;0,0;0,0;0,0;1,0;0,0;1,0;0,0;0,0;0,0;Longo da via;Bom;Não existe;Perfeito estado;Seca;Perfeito estado;;;;Única;Canteiro central;;
202208847,0;2022-04-22;;1;FINALIZADA;DERBY;PRC DO DERBY;;RUA JENER DE SOUZA;EM FRENTE O QUARTEL;DERBY;40,0;CIDADE;COLISÃO COM CICLISTA;0,0;0,0;0,0;1,0;0,0;1,0;0,0;0,0;0,0;1,0;0,0;Cruzamento;Bom;Sem defeito;Perfeito estado;Seca;Perfeito estado;Faixa de pedestre;;50 km/h;Dupla;Faixa seccionada;Canteiro central;
202208859,0;2022-04-22;;1;FINALIZADA;JIQUIÁ;RUA SAO MIGUEL;1452,0;RUA DRA ITAMAR DE MORAIS E SILVA;EM FRENTE AO POSTO  BANDEIRA BRANCA;JIQUIÁ;;SUBURBIO;COLISÃO TRANSVERSAL;1,0;1,0;0,0;0,0;0,0;0,0;0,0;0,0;0,0;1,0;0,0;Cruzamento;Bom;Não existe;Perfeito estado;Seca;Perfeito estado;Não existe;Não há placas;;Dupla;Faixa contínua;Faixa seccionada;
202208860,0;2022-04-22;;1;FINALIZADA;SANTO AMARO;AV CRUZ CABUGA;;RUA FREI CASSIMIRO;ENTRADA DA CONTAX  NA ESQUINA /  EM FRENTE DA RUA DA ANTIGA CTTU;SANTO AMARO;;SUBURBIO;COLISÃO LATERAL;0,0;1,0;0,0;0,0;0,0;1,0;0,0;0,0;0,0;1,0;0,0;Longo da via;Bom;Não existe;Perfeito estado;Seca;Perfeito estado;Não existe;Não há placas;;Dupla;Faixa seccionada;;
202208863,0;2022-04-22;;1;FINALIZADA;CASA AMARELA;AV NORTE MIGUEL ARRAES DE ALENCAR;5916,0;AV PEDRO ALLAIN;EM FRENTE AO SUPERMERCADO MAIS VOCE SENT. CIDADE;CASA AMARELA;95,0;CIDADE;ATROPELAMENTO DE PESSOA;1,0;0,0;0,0;0,0;1,0;0,0;0,0;0,0;0,0;1,0;0,0;Cruzamento;Bom;Sem defeito;Perfeito estado;Seca;Perfeito estado;Faixa de pedestre;Outras;60 km/h;Dupla;;Canteiro central;
202208874,0;2022-04-22;;1;FINALIZADA;TAMARINEIRA;AV NORTE MIGUEL ARRAES DE ALENCAR;3868,0;;PROX A FERREIRA COSTA;TAMARINEIRA;;CIDADE;ATROPELAMENTO DE PESSOA;0,0;1,0;0,0;0,0;1,0;0,0;0,0;0,0;0,0;1,0;0,0;Longo da via;Bom;Não existe;Perfeito estado;Seca;Perfeito estado;Não existe;R-6a;60 km/h;Dupla;Faixa seccionada;Canteiro central;
202208901,0;2022-04-22;;1;CANCELADA;BOA VIAGEM;RUA ERNESTO DE PAULA SANTOS;172,0;;NA RUA DA CONE TEMAKERIA;BOA VIAGEM;;;COLISÃO LATERAL;1,0;1,0;0,0;0,0;0,0;0,0;0,0;0,0;0,0;1,0;0,0;;;;;;;;;;;;;
202208903,0;2022-04-22;;1;FINALIZADA;BOA VIAGEM;AVENIDA CELSO FURTADO (VIA MANGUE);;;PROX AO SUPERMERCADO EXTRA  S/T PINA;BOA VIAGEM;;CIDADE;COLISÃO TRASEIRA;1,0;1,0;0,0;0,0;0,0;0,0;0,0;0,0;0,0;1,0;0,0;Cruzamento;Bom;Não existe;Perfeito estado;Seca;Perfeito estado;Não existe;Outras;60 km/h;Dupla;Canteiro central;;
202208904,0;2022-04-22;;3;FINALIZADA;JOANA BEZERRA;RUA JARAGUARI;;;AO LADO DO TERMINAL DA INTEGRAÇÃO JOANA BEZERRA;JOANA BEZERRA;;;COLISÃO LATERAL;0,0;1,0;0,0;0,0;0,0;1,0;0,0;0,0;0,0;0,0;1,0;Longo da via;Bom;Não existe;Não existente;Seca;Perfeito estado;Não existe;Não há placas;;Única;Não existe;;
202208909,0;2022-04-22;;1;FINALIZADA;SANTO AMARO;RUA AURORA;;RUA JOAO LIRA;NO CRUZAMENTO;SANTO AMARO;;SUBURBIO;COLISÃO TRASEIRA;1,0;1,0;0,0;0,0;0,0;0,0;0,0;0,0;0,0;1,0;0,0;Cruzamento;Bom;Não existe;Não existente;Seca;Perfeito estado;Não existe;Não há placas;60 km/h;;;;
202208916,0;2022-04-22;;1;FINALIZADA;TEJIPIÓ;AV DR JOSE RUFINO;3131,0;;E/F AO 4 BCOM;TEJIPIÓ;208,0;JABOATAO;COLISÃO TRANSVERSAL;1,0;2,0;0,0;0,0;0,0;0,0;0,0;0,0;0,0;1,0;0,0;Longo da via;Bom;Sem defeito;Incompleta;Seca;Mal conservada;Faixa de pedestre;Não há placas;;Dupla;Faixa contínua;;
202208917,0;2022-04-22;;2;FINALIZADA;JOANA BEZERRA;AV GOVERNADOR AGAMENON MAGALHAES;;;E/F A ACADEMIA DA CIDADE;JOANA BEZERRA;;;COLISÃO LATERAL;0,0;1,0;0,0;0,0;0,0;0,0;0,0;1,0;0,0;0,0;0,0;Longo da via;Bom;Não existe;Perfeito estado;Seca;Perfeito estado;Não existe;Outras;;Dupla;Canteiro central;;
202208923,0;2022-04-22;;1;FINALIZADA;CABANGA;AV SUL;;RUA CARLOS COELHO LEAL VALENTE;PROX AO QUARTEL;CABANGA;260,0;SUBURBIO;COLISÃO LATERAL;1,0;0,0;0,0;0,0;0,0;1,0;0,0;0,0;0,0;1,0;0,0;Cruzamento;Chuvoso;Sem defeito;Perfeito estado;Molhada;Perfeito estado;Faixa de retenção;Não há placas;;Dupla;Não existe;;
202208928,0;2022-04-23;;2;FINALIZADA;BOA VIAGEM;AV ENGENHEIRO DOMINGOS FERREIRA;;RUA TOME GIBSON;NO CRUZAMENTO;BOA VIAGEM;200,0;;COLISÃO FRONTAL;2,0;0,0;0,0;0,0;0,0;0,0;0,0;0,0;0,0;0,0;0,0;Cruzamento;Chuvoso;Sem defeito;Perfeito estado;Molhada;Perfeito estado;Faixa de pedestre;;;Dupla;Canteiro central;;
202208944,0;2022-04-23;;1;FINALIZADA;BOA VIAGEM;RUA RIBEIRO DE BRITO;253,0;RUA CORONEL ANIZIO RODRIGUES COELHO;PRX AO FAZENDO A FESTA;BOA VIAGEM;697,0;SUBURBIO;COLISÃO TRANSVERSAL;1,0;0,0;1,0;0,0;0,0;0,0;0,0;0,0;0,0;1,0;0,0;Cruzamento;Chuvoso;Sem defeito;Perfeito estado;Molhada;Perfeito estado;Faixa de retenção;Não há placas;;Única;Faixa contínua;;
202208963,0;2022-04-23;;1;FINALIZADA;TAMARINEIRA;RUA NETO DE MENDONCA;165,0;RUA CORONEL URIEL SERGIO GARDIM;EM  FRENTE AO RESIDENCIAL;TAMARINEIRA;;CIDADE;COLISÃO LATERAL;1,0;1,0;0,0;0,0;0,0;0,0;0,0;0,0;0,0;1,0;0,0;Esquina;Bom;Não existe;Perfeito estado;Seca;Perfeito estado;Faixa de pedestre;Outras;;Única;Não existe;;
202208991,0;2022-04-23;;1;FINALIZADA;BAIRRO DO RECIFE;AV MILITAR;;;E/F AO MUSEU DO TRIBUNAL DE JUSTIÇA;BAIRRO DO RECIFE;;SUBURBIO;COLISÃO FRONTAL;1,0;1,0;0,0;0,0;0,0;0,0;0,0;0,0;0,0;1,0;0,0;Longo da via;Bom;Não existe;Ilegível;Seca;Perfeito estado;Não existe;Não há placas;;Única;Faixa seccionada;;
202208996,0;2022-04-23;;1;FINALIZADA;DERBY;AV GOVERNADOR AGAMENON MAGALHAES;;PRC DO DERBY;E/F A PRAÇA DO DERBY  S/T BOA VIAGEM;DERBY;417,0;SUBURBIO;COLISÃO FRONTAL;2,0;0,0;0,0;0,0;0,0;0,0;0,0;0,0;0,0;1,0;0,0;Longo da via;Chuvoso;Sem defeito;Perfeito estado;Molhada;Perfeito estado;Faixa de pedestre;Outras;;Única;Faixa seccionada;;
202209021,0;2022-04-23;;1;CANCELADA;PONTO DE PARADA;AV BEBERIBE;;;COM A RUA MEN DE SÁ;PONTO DE PARADA;;;COLISÃO LATERAL;1,0;0,0;0,0;0,0;0,0;0,0;0,0;0,0;0,0;1,0;0,0;;;;;;;;;;;;;
202209022,0;2022-04-23;;1;FINALIZADA;PRADO;RUA GOMES TABORDA;;;PROX AO SINDICATO DO COMBUSTIVEL;PRADO;;SUBURBIO;COLISÃO TRANSVERSAL;1,0;1,0;0,0;0,0;0,0;0,0;0,0;0,0;0,0;1,0;0,0;Longo da via;Bom;Não existe;Perfeito estado;Seca;Perfeito estado;Não existe;Outras;;Dupla;Faixa contínua;Faixa seccionada;
202209032,0;2022-04-24;;3;FINALIZADA;DOIS UNIDOS;AV HILDEBRANDO DE VASCONCELOS;296,0;;PROXIMO A CIP CÃES;DOIS UNIDOS;;SUBURBIO;CHOQUE;0,0;1,0;0,0;0,0;0,0;0,0;0,0;0,0;0,0;1,0;1,0;Longo da via;Chuvoso;Não existe;Incompleta;Molhada;Perfeito estado;Não existe;R-6a;;Dupla;Não existe;;
202209068,0;2022-04-24;;1;FINALIZADA;CABANGA;AV SUL;20,0;;NA ENTRADA DO CABANGA;CABANGA;;CIDADE;COLISÃO LATERAL;0,0;1,0;0,0;0,0;0,0;0,0;0,0;1,0;0,0;1,0;0,0;Longo da via;Bom;Não existe;Perfeito estado;Seca;Perfeito estado;Não existe;Não há placas;40 km/h;Dupla;Faixa seccionada;Canteiro central;
202209071,0;2022-04-24;;2;CANCELADA;JIQUIÁ;RUA JUAREZ MILLET;;;EM FRENTE AO MERCADINHO VITÓRIA;JIQUIÁ;;;COLISÃO FRONTAL;2,0;0,0;0,0;0,0;0,0;0,0;0,0;0,0;0,0;0,0;0,0;;;;;;;;;;;;;
202209081,0;2022-04-24;;1;FINALIZADA;BOA VIAGEM;RUA DOM JOSE LOPES;757,0;;EDF SALONICA / PRÓX A IGREJA NOVA DE BV E AO ENTRE AMIGOS;BOA VIAGEM;;;COLISÃO FRONTAL;0,0;0,0;0,0;0,0;0,0;0,0;0,0;0,0;0,0;1,0;0,0;;;;;;;;;;;;;
202209083,0;2022-04-24;;1;FINALIZADA;IMBIRIBEIRA;RUA ITACARE;2284,0;AV MARECHAL MASCARENHAS DE MORAES;SEMAFORO 386;IMBIRIBEIRA;386,0;SUBURBIO;COLISÃO TRANSVERSAL;1,0;1,0;0,0;0,0;0,0;0,0;0,0;0,0;0,0;2,0;0,0;Cruzamento;Bom;Sem defeito;Perfeito estado;Seca;Perfeito estado;Faixa de pedestre;Não há placas;;Dupla;Faixa seccionada;Canteiro central;
202209101,0;2022-04-25;;1;FINALIZADA;MADALENA;RUA JOSE OSORIO;;AV VISCONDE DE ALBUQUERQUE;EM FRENTE A FARMÁCIA EXTRA FARMA;MADALENA;50,0;CIDADE;COLISÃO LATERAL;1,0;1,0;0,0;0,0;0,0;0,0;0,0;0,0;0,0;1,0;0,0;Cruzamento;Chuvoso;Sem defeito;Perfeito estado;Molhada;Perfeito estado;Faixa de pedestre;Outras;;Única;Faixa seccionada;;
202209104,0;2022-04-25;;1;FINALIZADA;IBURA;AV DOIS RIOS;1170,0;RUA ECOPORANGA;RUA RIO CHUI;IBURA;475,0;;COLISÃO TRANSVERSAL;1,0;1,0;0,0;0,0;0,0;0,0;0,0;0,0;0,0;1,0;0,0;Longo da via;Bom;Sem defeito;Perfeito estado;Seca;Perfeito estado;Faixa de retenção;Não há placas;;Dupla;Faixa contínua;;
202209106,0;2022-04-25;;1;CANCELADA;VÁRZEA;RUA JORNALISTA MURILO MARROQUIM;220,0;;ESQ COM A CLIMAX TRANSPORTE  / ESQ COM AS LOJAS NAGEM;VÁRZEA;;;COLISÃO LATERAL;0,0;1,0;0,0;0,0;0,0;0,0;1,0;0,0;0,0;1,0;0,0;;;;;;;;;;;;;
202209110,0;2022-04-25;;1;FINALIZADA;BOA VIAGEM;AV ENGENHEIRO DOMINGOS FERREIRA;4659,0;RUA PROFESSOR ALOISIO PESSOA DE ARAUJO;E/F A DELEGACIA DE BOA VIAGEM;BOA VIAGEM;;SUBURBIO;COLISÃO LATERAL;1,0;1,0;0,0;0,0;0,0;0,0;0,0;0,0;0,0;1,0;0,0;Cruzamento;Bom;Não existe;Perfeito estado;Seca;Perfeito estado;Não existe;"Placas ""Pare""";;Única;Canteiro central;;
202209111,0;2022-04-25;;2;FINALIZADA;SANTO AMARO;RUA DOIS DE JULHO;;AV CRUZ CABUGA;PROX A ACADEMIA HAVANA;SANTO AMARO;;;COLISÃO LATERAL;1,0;0,0;0,0;0,0;0,0;0,0;0,0;1,0;0,0;0,0;0,0;;;;;;;;;;;;;
202209113,0;2022-04-25;;1;DUPLICIDADE;CASA AMARELA;AV NORTE MIGUEL ARRAES DE ALENCAR;;;PRÓXIMO À MATERNIDADE BARROS LIMA;CASA AMARELA;;CIDADE;COLISÃO LATERAL;0,0;0,0;0,0;0,0;0,0;0,0;0,0;0,0;0,0;1,0;0,0;;;;;;;;;;;;;
202209116,0;2022-04-25;;1;FINALIZADA;CASA AMARELA;AV NORTE MIGUEL ARRAES DE ALENCAR;;;EM FRENTE AO POSTO SÃO SEBASTÃO;CASA AMARELA;;CIDADE;COLISÃO TRASEIRA;0,0;1,0;0,0;0,0;0,0;1,0;0,0;0,0;0,0;1,0;0,0;;;;;;;;;;;;;
202209122,0;2022-04-25;;1;FINALIZADA;BEBERIBE;AV BEBERIBE;2395,0;;SOBRADO BEBERIBE EMPRESARIAL / PROX AO PAGODE DA PRESSÃO;BEBERIBE;153,0;CIDADE;COLISÃO LATERAL;0,0;2,0;0,0;0,0;0,0;0,0;0,0;0,0;0,0;1,0;0,0;Longo da via;Chuvoso;Sem defeito;Perfeito estado;Molhada;Perfeito estado;Não existe;Não há placas;;Dupla;Faixa contínua;;
202209131,0;2022-04-25;;1;FINALIZADA;SAN MARTIN;AV GENERAL SAN MARTIN;;AV ENGENHEIRO ABDIAS DE CARVALHO;PRÓX. AO NOVO ATACAREJO;SAN MARTIN;693,0;SUBURBIO;COLISÃO TRANSVERSAL;1,0;1,0;0,0;0,0;0,0;0,0;0,0;0,0;0,0;1,0;0,0;Cruzamento;Chuvoso;Sem defeito;Perfeito estado;Molhada;Perfeito estado;Faixa de pedestre;Outras;;Dupla;Outros;;
202209166,0;2022-04-25;;1;CANCELADA;IPSEP;AV RECIFE;;;AO LADO DO POSTO FEDERAL  ANTES DA ENTRADA DO IBURA   S/T BR;IPSEP;;;COLISÃO FRONTAL;2,0;0,0;0,0;0,0;0,0;0,0;0,0;0,0;0,0;1,0;0,0;;;;;;;;;;;;;
202209184,0;2022-04-25;;1;FINALIZADA;BOA VIAGEM;RUA ANTONIO FALCAO;;RUA MINISTRO NELSON HUNGRIA;E/F A PADARIA PARQUE DO TRIGO;BOA VIAGEM;;SUBURBIO;COLISÃO TRANSVERSAL;1,0;1,0;0,0;0,0;0,0;0,0;0,0;0,0;0,0;1,0;0,0;Cruzamento;Bom;Não existe;Perfeito estado;Seca;Perfeito estado;Não existe;"Placas ""Pare""";;Única;Faixa seccionada;;
202209215,0;2022-04-26;;2;FINALIZADA;AREIAS;AV DR JOSE RUFINO;1243,0;;EM FRENTE AO SUPERMERCADO ARCO MIX;AREIAS;;CIDADE;CHOQUE;0,0;0,0;0,0;0,0;0,0;0,0;1,0;0,0;0,0;0,0;0,0;Longo da via;Bom;Não existe;Perfeito estado;Seca;Outros;Não existe;R-6a;;Dupla;Faixa contínua;;
202209217,0;2022-04-26;;1;FINALIZADA;CABANGA;AV SUL;1500,0;;EMPRESA DE MAQUINAS PORTELA;CABANGA;260,0;;COLISÃO LATERAL;1,0;1,0;0,0;0,0;0,0;0,0;0,0;0,0;0,0;1,0;0,0;Longo da via;Bom;Sem defeito;Perfeito estado;Seca;Perfeito estado;Não existe;Não há placas;;Única;Não existe;;
202209260,0;2022-04-26;;2;FINALIZADA;IMBIRIBEIRA;AV MARECHAL MASCARENHAS DE MORAES;;;FLOR E ARTE;IMBIRIBEIRA;;;COLISÃO TRASEIRA;0,0;0,0;0,0;0,0;0,0;0,0;0,0;0,0;0,0;0,0;0,0;;;;;;;;;;;;;
202209264,0;2022-04-26;;1;FINALIZADA;BOA VIAGEM;RUA BARAO DE AGUA BRANCA;376,0;;E/F AO LE PARC;BOA VIAGEM;;;COLISÃO FRONTAL;2,0;0,0;0,0;0,0;0,0;0,0;0,0;0,0;0,0;1,0;0,0;;;;;;;;;;;;;
202209269,0;2022-04-26;;2;FINALIZADA;CAMPO GRANDE;RUA PROFESSOR FRANCISCO DA TRINDADE;;RUA SAO CAETANO;PROX A LOJA RPL;CAMPO GRANDE;;;COLISÃO FRONTAL;1,0;0,0;0,0;0,0;0,0;0,0;1,0;0,0;0,0;0,0;0,0;;;;;;;;;;;;;
202209295,0;2022-04-26;;1;FINALIZADA;BOA VIAGEM;AV ENGENHEIRO DOMINGOS FERREIRA;;RUA ARTUR MUNIZ;E/F AO SPETTUS;BOA VIAGEM;380,0;;COLISÃO TRANSVERSAL;1,0;1,0;0,0;0,0;0,0;0,0;0,0;0,0;0,0;1,0;0,0;Cruzamento;Bom;Sem defeito;Perfeito estado;Seca;Perfeito estado;Faixa de pedestre;R-6a;;Única;Não existe;;
202209376,0;2022-04-27;;1;FINALIZADA;CASA FORTE;AV DEZESSETE DE AGOSTO;;EST REAL DO POCO;E/F A PRC DE CASA FORTE;CASA FORTE;;CIDADE;COLISÃO TRANSVERSAL;1,0;1,0;0,0;0,0;0,0;0,0;0,0;0,0;0,0;1,0;0,0;Esquina;Bom;Não existe;Perfeito estado;Seca;Perfeito estado;;Não há placas;40 km/h;Dupla;Faixa contínua;;
202209377,0;2022-04-27;;1;CANCELADA;SANTO AMARO;AV NORTE MIGUEL ARRAES DE ALENCAR;;RUA DA AURORA;SEMAFORO 243;SANTO AMARO;;;COLISÃO TRASEIRA;1,0;1,0;0,0;0,0;0,0;0,0;0,0;0,0;0,0;1,0;0,0;;;;;;;;;;;;;
202209378,0;2022-04-27;;1;FINALIZADA;BARRO;AV DR JOSE RUFINO;;;APÓS AO COLEGIO ALBERTO TORRES / POR CIMA DA PONTE;BARRO;;CIDADE;COLISÃO TRASEIRA;1,0;1,0;0,0;0,0;0,0;0,0;0,0;0,0;0,0;1,0;0,0;Longo da via;Bom;Não existe;Perfeito estado;Seca;Perfeito estado;Não existe;Não há placas;;Dupla;Faixa contínua;Faixa seccionada;
202209391,0;2022-04-28;;1;FINALIZADA;BOA VIAGEM;RUA PADRE CARAPUCEIRO;3575,0;AV CONSELHEIRO AGUIAR;E/F A EMPRESARIAL RIO AVE;BOA VIAGEM;115,0;CIDADE;COLISÃO TRASEIRA;2,0;0,0;0,0;1,0;0,0;0,0;0,0;0,0;0,0;1,0;0,0;Cruzamento;Bom;Sem defeito;Perfeito estado;Seca;Perfeito estado;Faixa de pedestre;R-6a;60 km/h;Única;Faixa contínua;;
202209396,0;2022-04-28;;1;FINALIZADA;ZUMBI;AV CAXANGA;426,0;;EM FRENTE AO COMPAZ;ZUMBI;489,0;CIDADE;ATROPELAMENTO DE PESSOA;0,0;0,0;0,0;0,0;1,0;1,0;0,0;0,0;0,0;1,0;0,0;Longo da via;Bom;Sem defeito;Perfeito estado;Seca;Perfeito estado;Faixa de pedestre;Não há placas;60 km/h;Dupla;Blocos;;
202209405,0;2022-04-28;;1;FINALIZADA;BOA VIAGEM;RUA ALMIRANTE TAMANDARE;230,0;RUA PADRE CABRAL;EM FRENTE AO EDF. ANTONIO MESQUITA;BOA VIAGEM;;SUBURBIO;COLISÃO TRANSVERSAL;1,0;1,0;0,0;0,0;0,0;0,0;0,0;0,0;0,0;2,0;0,0;Cruzamento;Bom;Não existe;Incompleta;Seca;Mal conservada;Não existe;Outras;;Única;Não existe;;
202209445,0;2022-04-28;;2;FINALIZADA;AFOGADOS;RUA SAO MIGUEL;10,0;EST DOS REMEDIOS;EM FRENTE AO ESTABELECIMENTO COMERCIAL GERAÇÃO INFANTIL;AFOGADOS;53,0;SUBURBIO;;0,0;0,0;0,0;0,0;0,0;0,0;1,0;1,0;0,0;0,0;0,0;Cruzamento;Bom;Sem defeito;Perfeito estado;Seca;Perfeito estado;Não existe;R-3;;Dupla;Não existe;;
202209492,0;2022-04-29;;1;FINALIZADA;CASA AMARELA;AV NORTE MIGUEL ARRAES DE ALENCAR;5121,0;RUA CABO EPITACIO LUCENA;DE ESQUINA COM O REI DA PICANHA, SENT. CASA AMARELA;CASA AMARELA;677,0;SUBURBIO;COLISÃO LATERAL;1,0;1,0;0,0;0,0;0,0;0,0;0,0;0,0;0,0;1,0;0,0;Longo da via;Chuvoso;Sem defeito;Perfeito estado;Molhada;Perfeito estado;Faixa de pedestre;R-6a;60 km/h;Única;Faixa contínua;;
202209519,0;2022-04-29;;1;CANCELADA;AREIAS;AV DR JOSE RUFINO;;;E/F AO SENAI DE AREIAS;AREIAS;;;COLISÃO FRONTAL;1,0;1,0;0,0;0,0;0,0;0,0;0,0;0,0;0,0;1,0;0,0;;;;;;;;;;;;;
202209524,0;2022-04-29;;1;FINALIZADA;ESTÂNCIA;AV RECIFE;;;AO LADO DO CERPE/ SENTIDO BR;ESTÂNCIA;259,0;SUBURBIO;COLISÃO TRANSVERSAL;1,0;1,0;0,0;0,0;0,0;0,0;0,0;0,0;0,0;1,0;0,0;Longo da via;Chuvoso;Sem defeito;Perfeito estado;Molhada;Perfeito estado;Agente;R-5a;60 km/h;Única;Não existe;;
202209534,0;2022-04-29;;2;FINALIZADA;ILHA DO LEITE;RUA PAISSANDU;678,0;;LADO OPOSTO AO HOSPITAL SÃO MARCOS;ILHA DO LEITE;;SUBURBIO;COLISÃO TRASEIRA;2,0;0,0;0,0;0,0;0,0;0,0;0,0;0,0;0,0;0,0;0,0;Longo da via;Chuvoso;Não existe;Perfeito estado;Molhada;Perfeito estado;Não existe;R-6a;40 km/h;Dupla;Canteiro central;;
202209536,0;2022-04-29;;1;FINALIZADA;IBURA;AV DOIS RIOS;;;EM FRENTE A POLICLINICA ARNALDO MARQUES;IBURA;;;COLISÃO FRONTAL;2,0;0,0;0,0;0,0;0,0;0,0;0,0;0,0;0,0;2,0;0,0;;;;;;;;;;;;;
202209549,0;2022-04-29;;1;FINALIZADA;JORDÃO;AV MARIA IRENE;405B;;POSTO JORDÃO;JORDÃO;;CIDADE;COLISÃO LATERAL;0,0;2,0;0,0;0,0;0,0;0,0;0,0;0,0;0,0;1,0;0,0;Longo da via;Bom;Não existe;Incompleta;Seca;Perfeito estado;Não existe;Não há placas;;Dupla;Não existe;;
202209601,0;2022-04-30;;1;FINALIZADA;BOA VIAGEM;AV BOA VIAGEM;6166,0;;EM FRENTE AO EDF. VEREDA DO MAR;BOA VIAGEM;;CIDADE;COLISÃO LATERAL;1,0;1,0;0,0;0,0;0,0;0,0;0,0;0,0;0,0;2,0;0,0;Longo da via;Bom;Sem defeito;Perfeito estado;Seca;Perfeito estado;Não existe;R-19;60 km/h;Única;Faixa contínua;;
202209621,0;2022-04-30;;1;FINALIZADA;SÃO JOSÉ;RUA DO PEIXOTO;709,0;RUA FLORIANO PEIXOTO;PRÓX. AO RESTAURANTE POPULAR JOSUÉ DE CASTRO;SÃO JOSÉ;;;COLISÃO FRONTAL;0,0;1,0;0,0;0,0;0,0;1,0;0,0;0,0;0,0;1,0;0,0;Cruzamento;Bom;Não existe;Perfeito estado;Seca;Perfeito estado;Não existe;Não há placas;40 km/h;Única;Faixa;;
202209622,0;2022-04-30;;1;FINALIZADA;JAQUEIRA;RUA LEONARDO BEZERRA CAVALCANTE;300,0;;PRÓX. AO EDIFÍCIO ESTAÇÃO JAQUEIRA;JAQUEIRA;;SUBURBIO;COLISÃO COM CICLISTA;1,0;0,0;0,0;1,0;0,0;0,0;0,0;0,0;0,0;1,0;0,0;Esquina;Bom;Não existe;Incompleta;Seca;Perfeito estado;Não existe;;;Única;Faixa contínua;;
202209637,0;2022-04-30;;1;CANCELADA;ESPINHEIRO;RUA DA HORA;;RUA SANTO ELIAS;PRÓX. À PADARIA DONA MARIA - CASA DO PÃO;ESPINHEIRO;;;COLISÃO COM CICLISTA;1,0;0,0;0,0;1,0;0,0;0,0;0,0;0,0;0,0;1,0;0,0;;;;;;;;;;;;;
202209639,0;2022-04-30;;1;FINALIZADA;IPUTINGA;AV CAXANGA;;RUA DR PAULO CORREIA;PRÓX. AO CAXANGÁ GOLF & COUNTRY CLUB;IPUTINGA;;CIDADE;COLISÃO LATERAL;1,0;1,0;0,0;0,0;0,0;0,0;0,0;0,0;0,0;2,0;0,0;Longo da via;Bom;Não existe;Incompleta;Seca;Perfeito estado;Não existe;Outras;60 km/h;Dupla;Faixa contínua;Faixa seccionada;Canteiro central