Protocolo;data;hora;natureza;situacao;bairro;endereco;numero;detalhe_endereco_acidente;complemento;bairro_cruzamento;num_semaforo;sentido_via;tipo;auto;moto;ciclom;ciclista;pedestre;onibus;caminhao;viatura;outros;vitimas;vitimasfatais;acidente_verificado;tempo_clima;situacao_semaforo;sinalizacao;condicao_via;conservacao_via;ponto_controle;situacao_placa;velocidade_max_via;mao_direcao;divisao_via1;divisao_via2;divisao_via3
202209656,0;2022-04-30;;1;FINALIZADA;BOA VISTA;AV GOVERNADOR AGAMENON MAGALHAES;;PRC PARQUE AMORIM;ENFRENTE AO BOMPREÇO DA AGAMENON;BOA VISTA;;SUBURBIO;COLISÃO TRANSVERSAL;0,0;1,0;0,0;0,0;0,0;1,0;0,0;0,0;0,0;1,0;0,0;Esquina;Bom;Não existe;Perfeito estado;Seca;Perfeito estado;Outros;Não há placas;;Única;Faixa contínua;Faixa seccionada;Canteiro central
202209696,0;2022-05-01;;1;FINALIZADA;AFOGADOS;RUA MOTOCOLOMBO;184,0;;AO LADO DA IGREJA CATOLICA DE AFOGADOS E IGREJA PRESBITERIANA;AFOGADOS;;SUBURBIO;COLISÃO FRONTAL;2,0;0,0;0,0;0,0;0,0;0,0;0,0;0,0;0,0;2,0;0,0;Longo da via;Bom;Não existe;Perfeito estado;Seca;Perfeito estado;Não existe;R-6a;;Única;Faixa seccionada;;
202209735,0;2022-05-02;;1;FINALIZADA;CASA AMARELA;AV NORTE MIGUEL ARRAES DE ALENCAR;6465,0;;EM FRENTE A BARROS LIMA SENT. CIDADE;CASA AMARELA;;CIDADE;COLISÃO TRASEIRA;0,0;1,0;0,0;0,0;0,0;1,0;0,0;0,0;0,0;1,0;0,0;Longo da via;Chuvoso;Não existe;Perfeito estado;Molhada;Perfeito estado;Não existe;Não há placas;;Dupla;Canteiro central;;
202209737,0;2022-05-02;;1;FINALIZADA;BOA VIAGEM;AV CONSELHEIRO AGUIAR;1951,0;;EM FRENTE A PADARIA AUGUSTA;BOA VIAGEM;;CIDADE;COLISÃO TRASEIRA;1,0;1,0;0,0;0,0;0,0;0,0;0,0;0,0;0,0;1,0;0,0;Longo da via;Chuvoso;Não existe;Perfeito estado;Molhada;Perfeito estado;Não existe;Outras;;Única;Faixa seccionada;;
202209749,0;2022-05-02;;1;FINALIZADA;CAMPO GRANDE;AV GOVERNADOR AGAMENON MAGALHAES;;;EM FRENTE A FABRICA TECARUNA / SENT DERBY;CAMPO GRANDE;;;ATROPELAMENTO DE PESSOA;0,0;1,0;0,0;0,0;2,0;0,0;0,0;0,0;0,0;2,0;0,0;Longo da via;Bom;Não existe;Perfeito estado;Seca;Perfeito estado;Não existe;Outras;60 km/h;Dupla;Faixa seccionada;Outros;
202209759,0;2022-05-02;;1;FINALIZADA;MADALENA;RUA LOPES DE CARVALHO;256,0;RUA HERMOGENES DE MORAIS;RUA DO MARTELINHO DE OURO;MADALENA;;CIDADE;COLISÃO TRANSVERSAL;1,0;1,0;0,0;0,0;0,0;0,0;0,0;0,0;0,0;1,0;0,0;Esquina;Bom;Não existe;Perfeito estado;Seca;Perfeito estado;Não existe;"Placas ""Pare""";;Dupla;Não existe;;
202209760,0;2022-05-02;;1;FINALIZADA;BOA VIAGEM;AV CONSELHEIRO AGUIAR;960,0;RUA TOME GIBSON;E/F A PADARIA MIRAMAR;BOA VIAGEM;2,0;CIDADE;COLISÃO LATERAL;1,0;1,0;0,0;0,0;0,0;0,0;0,0;0,0;0,0;1,0;0,0;Cruzamento;Bom;Sem defeito;Perfeito estado;Seca;Perfeito estado;Faixa de pedestre;Outras;60 km/h;Única;Faixa contínua;;
202209761,0;2022-05-02;;1;FINALIZADA;JAQUEIRA;RUA PADRE ROMA;195,0;RUA DO FUTURO;EM FRENTE  A POLI ALBERT SABIN;JAQUEIRA;223,0;;COLISÃO TRASEIRA;0,0;1,0;0,0;0,0;0,0;0,0;0,0;0,0;0,0;1,0;0,0;Esquina;Chuvoso;Sem defeito;Perfeito estado;Molhada;Perfeito estado;Faixa de pedestre;Outras;;Dupla;Faixa contínua;Faixa seccionada;Canteiro central
202209781,0;2022-05-02;;1;FINALIZADA;ESTÂNCIA;;168,0;;1ª TRAVESSA PRINCIPE DA BEIRA/ APÓS O MERCADINHO VITORIA;ESTÂNCIA;;;COLISÃO TRASEIRA;1,0;1,0;0,0;0,0;0,0;0,0;0,0;0,0;0,0;2,0;0,0;;;;;;;;;;;;;
202209783,0;2022-05-02;;1;FINALIZADA;IPSEP;AV RECIFE;;;EM FRENTE À PETRO SERVICE CAR / SENTIDO BOA VIAGEM;IPSEP;;;COLISÃO TRASEIRA;0,0;0,0;0,0;0,0;0,0;2,0;0,0;0,0;0,0;7,0;0,0;;;;;;;;;;;;;
202209796,0;2022-05-02;;2;FINALIZADA;BOA VISTA;AV MONTEVIDEU;196,0;PRC PARQUE AMORIM;RUA AO LADO DO HOSPITAL DE FRATURAS  POR TRAS DO BOMPREÇO;BOA VISTA;;;COLISÃO TRASEIRA;2,0;0,0;0,0;0,0;0,0;0,0;0,0;0,0;0,0;0,0;0,0;;;;;;;;;;;;;
202209799,0;2022-05-02;;1;FINALIZADA;SANTO AMARO;AV GOVERNADOR AGAMENON MAGALHAES;;;PRÓX. AO MINISTÉRIO DO TRABALHO E EMPREGO. / OPOSTO A REITORIA UPE;SANTO AMARO;;CIDADE;COLISÃO TRASEIRA;1,0;1,0;0,0;0,0;0,0;0,0;0,0;0,0;0,0;1,0;0,0;Longo da via;Bom;Não existe;Perfeito estado;Seca;Perfeito estado;Não existe;Não há placas;60 km/h;Única;Faixa seccionada;;
202209806,0;2022-05-02;;2;FINALIZADA;AFOGADOS;RUA COTUNGUBA;180,0;;ESTABELECIMENTO SARAIVA EQUIPAMENTOS ( EM FRENTE);AFOGADOS;;SUBURBIO;CHOQUE;1,0;0,0;0,0;0,0;0,0;0,0;1,0;0,0;0,0;0,0;0,0;Longo da via;Bom;Não existe;Não existente;Seca;Perfeito estado;Não existe;Não há placas;;Dupla;Não existe;;
202209821,0;2022-05-02;;1;FINALIZADA;SAN MARTIN;RUA DELMIRO GOUVEIA;;;E/F A CHESF;SAN MARTIN;;;APOIO EMLURB;0,0;2,0;0,0;0,0;0,0;0,0;0,0;0,0;0,0;1,0;0,0;;;;;;;;;;;;;
202209824,0;2022-05-03;;2;FINALIZADA;PRADO;RUA JOAO IVO DA SILVA;;;PROX A EUROVIA RENAULT, PISTA LESTE;PRADO;;;MONITORAMENTO;0,0;0,0;0,0;0,0;0,0;0,0;0,0;0,0;0,0;0,0;0,0;;;;;;;;;;;;;
202209829,0;2022-05-03;;2;FINALIZADA;ALTO DO MANDU;RUA IMBIRIBA;43,0;;PROX A ESCOLA VILA SÉZAMO;ALTO DO MANDU;;;CHOQUE;1,0;1,0;0,0;0,0;0,0;0,0;0,0;0,0;0,0;0,0;0,0;;;;;;;;;;;;;
202209851,0;2022-05-03;;1;FINALIZADA;BOA VISTA;RUA VISCONDE DE GOIANA;234,0;RUA MARQUES AMORIM;RUA MARQUES  AMORIM;BOA VISTA;;CIDADE;COLISÃO TRANSVERSAL;1,0;0,0;0,0;0,0;0,0;1,0;0,0;0,0;0,0;1,0;0,0;Cruzamento;Chuvoso;Não existe;Perfeito estado;Molhada;Perfeito estado;Faixa de pedestre;"Placas ""Pare""";;Única;Não existe;;
202209880,0;2022-05-03;;1;FINALIZADA;AREIAS;AV DR JOSE RUFINO;955,0;RUA COSTA HONORATO;E/F A HONDA  VT 28 NO LOCAL;AREIAS;;SUBURBIO;ATROPELAMENTO DE ANIMAL;0,0;1,0;0,0;0,0;0,0;0,0;0,0;0,0;0,0;1,0;0,0;Longo da via;Chuvoso;Não existe;Perfeito estado;Molhada;Perfeito estado;Não existe;R-6c;50 km/h;Dupla;Faixa contínua;Faixa seccionada;
202209905,0;2022-05-03;;1;FINALIZADA;ENCRUZILHADA;AV NORTE MIGUEL ARRAES DE ALENCAR;;RUA ALFREDO DE CASTRO;E/F A RENAULT S/T SUB  NO SEMAFORO 665;ENCRUZILHADA;665,0;SUBURBIO;COLISÃO LATERAL;1,0;1,0;0,0;0,0;0,0;0,0;0,0;0,0;0,0;1,0;0,0;Cruzamento;Bom;Sem defeito;Perfeito estado;Seca;Perfeito estado;Faixa de pedestre;Outras;;Dupla;Canteiro central;;
202209918,0;2022-05-03;;1;FINALIZADA;PORTO DA MADEIRA;AV BEBERIBE;3916,0;RUA DONA VIRTUOSA DE LUCENA;PROXIMO AO SEST SENAT;PORTO DA MADEIRA;;SUBURBIO;COLISÃO TRANSVERSAL;1,0;0,0;0,0;0,0;0,0;1,0;0,0;0,0;0,0;1,0;0,0;Longo da via;Bom;Não existe;Incompleta;Seca;Perfeito estado;Não existe;Não há placas;;Dupla;Faixa seccionada;;
202209926,0;2022-05-03;;2;FINALIZADA;SÃO JOSÉ;RUA IMPERIAL;1524,0;;;SÃO JOSÉ;87,0;SUBURBIO;COLISÃO TRASEIRA;1,0;0,0;0,0;0,0;0,0;0,0;0,0;1,0;0,0;0,0;0,0;Longo da via;Bom;Sem defeito;Perfeito estado;Seca;Perfeito estado;Não existe;;40 km/h;Única;Faixa seccionada;;
202209949,0;2022-05-04;;2;FINALIZADA;PRADO;RUA JOAO IVO DA SILVA;;RUA PANDIA CALOGERAS;CLÍNICA CORPO E EQUILIBRIO;PRADO;;SUBURBIO;;1,0;0,0;0,0;0,0;0,0;0,0;0,0;1,0;0,0;0,0;0,0;;Bom;Não existe;Perfeito estado;Seca;Perfeito estado;Não existe;Não há placas;;Única;Canal;;
202209954,0;2022-05-04;;2;FINALIZADA;BOA VIAGEM;AV BOA VIAGEM;6432,0;;E/F AO EDIFCIO NOBILE RESIDENCE MARIA FRAZÃO;BOA VIAGEM;;;COLISÃO LATERAL;1,0;1,0;0,0;0,0;0,0;0,0;0,0;0,0;0,0;0,0;0,0;;;;;;;;;;;;;
202209970,0;2022-05-04;;2;CANCELADA;PINA;AV DR DIRCEU VELLOSO TOSCANO DE BRITO;;;EM FRENTE A BARBEARIA IMPERIO DO HOMEM;PINA;;;COLISÃO LATERAL;0,0;0,0;0,0;0,0;0,0;0,0;2,0;0,0;0,0;0,0;0,0;;;;;;;;;;;;;
202209997,0;2022-05-04;;2;FINALIZADA;DOIS IRMÃOS;RUA MANUEL DE MEDEIROS;;;PRÓXIMO AO SEMÁFORO 224 / EM FRENTE AO Z3 DA UFRPE;DOIS IRMÃOS;;CIDADE;CHOQUE;0,0;1,0;0,0;0,0;0,0;0,0;0,0;1,0;0,0;0,0;0,0;Longo da via;Bom;Sem defeito;Perfeito estado;Seca;Perfeito estado;Não existe;Não há placas;;Dupla;Faixa seccionada;;
202210010,0;2022-05-04;;1;FINALIZADA;BOA VISTA;RUA AURORA;;RUA PRINCESA IZABEL;SEMAFORO 387;BOA VISTA;;CIDADE;COLISÃO TRASEIRA;1,0;1,0;0,0;0,0;0,0;0,0;0,0;0,0;0,0;1,0;0,0;Cruzamento;Bom;Sem defeito;Perfeito estado;Seca;Perfeito estado;Faixa de pedestre;R-6a;;Única;Faixa contínua;;
202210017,0;2022-05-04;;1;FINALIZADA;ILHA JOANA BEZERRA;PTE JOSE DE BARROS LIMA;;;NA DESCIDA DO VIADUTO / E/F AO FORUM / SOB A PASSARELA;ILHA JOANA BEZERRA;;;ATROPELAMENTO DE PESSOA;1,0;0,0;0,0;0,0;1,0;0,0;0,0;0,0;0,0;1,0;0,0;Viaduto;Bom;Não existe;Perfeito estado;Seca;Perfeito estado;;;;;;;
202210020,0;2022-05-04;;1;FINALIZADA;TORRÕES;AV ENGENHEIRO ABDIAS DE CARVALHO;461,0;;E/F A SOS AUTO PEÇAS - LOMBADA ELETRONICA,  SEMAFORO 272. SNT CID;TORRÕES;272,0;CIDADE;COLISÃO TRASEIRA;1,0;1,0;0,0;0,0;0,0;0,0;0,0;0,0;0,0;1,0;0,0;Longo da via;Bom;Sem defeito;Perfeito estado;Seca;Perfeito estado;Faixa de pedestre;R-6a;60 km/h;Dupla;Faixa contínua;Canteiro central;
202210023,0;2022-05-04;;1;FINALIZADA;ARRUDA;AV BEBERIBE;;RUA DAS MOCAS;EM FRENTE AO ESTÁDIO JOSÉ DO REGO MACIEL;ARRUDA;;SUBURBIO;COLISÃO LATERAL;1,0;1,0;0,0;0,0;0,0;0,0;0,0;0,0;0,0;2,0;0,0;Cruzamento;Bom;Não existe;Perfeito estado;Seca;Perfeito estado;Não existe;Não há placas;;Dupla;Faixa contínua;Faixa seccionada;
202210029,0;2022-05-04;;1;FINALIZADA;IMBIRIBEIRA;RUA ARQUITETO LUIZ NUNES;;;E/F A PRAÇA ARQUITETO LUIZ NUNES;IMBIRIBEIRA;;CIDADE;COLISÃO LATERAL;1,0;1,0;0,0;0,0;0,0;0,0;0,0;0,0;0,0;1,0;0,0;Outros;Bom;Não existe;Perfeito estado;Seca;Perfeito estado;Não existe;Não há placas;;Única;Faixa contínua;;
202210058,0;2022-05-05;;2;FINALIZADA;TOTÓ;RUA ONZE DE AGOSTO;;;TERMINAL DE ÔNIBUS DA LINHA 203;TOTÓ;;;CHOQUE;1,0;0,0;0,0;0,0;0,0;1,0;0,0;0,0;0,0;0,0;0,0;Outros;Bom;Não existe;Não existente;Seca;Mal conservada;Não existe;Não há placas;;Única;Não existe;;
202210060,0;2022-05-05;;1;FINALIZADA;PRADO;RUA PADRE TEOFILO TWORZ;;RUA CARLOS GOMES;AO LADO DA BIG CAR;PRADO;;CIDADE;COLISÃO TRANSVERSAL;1,0;1,0;0,0;0,0;0,0;0,0;0,0;0,0;0,0;1,0;0,0;Cruzamento;Bom;Não existe;Perfeito estado;Seca;Perfeito estado;Faixa de pedestre;Outras;40 km/h;Única;Não existe;;
202210062,0;2022-05-05;;1;FINALIZADA;SANTO AMARO;AV GOVERNADOR AGAMENON MAGALHAES;;;PRÓXIMO A FABRICA TACARUNA;SANTO AMARO;;;COLISÃO LATERAL;0,0;2,0;0,0;0,0;0,0;0,0;0,0;0,0;0,0;2,0;0,0;;;;;;;;;;;;;
202210063,0;2022-05-05;;1;FINALIZADA;CASA FORTE;AV DEZESSETE DE AGOSTO;892,0;;EM FRENTE A PIZZARIA HUT;CASA FORTE;;SUBURBIO;COLISÃO LATERAL;1,0;1,0;0,0;0,0;0,0;0,0;0,0;0,0;0,0;1,0;0,0;Longo da via;Bom;Não existe;Perfeito estado;Seca;Perfeito estado;Não existe;R-6a;;Dupla;Faixa contínua;;
202210066,0;2022-05-05;;2;FINALIZADA;CORDEIRO;RUA PEREIRA DE MORAES;748,0;RUA PAES CABRAL;;CORDEIRO;;;;2,0;0,0;0,0;0,0;0,0;0,0;0,0;0,0;0,0;0,0;0,0;Cruzamento;Bom;Não existe;Não existente;Seca;Perfeito estado;Não existe;Não há placas;;Dupla;Não existe;;
202210072,0;2022-05-05;;1;FINALIZADA;CIDADE UNIVERSITÁRIA;AV PROFESSOR ARTUR DE SA;1118,0;;AO LADO DO HOSPITAL DAS CLÍNICAS;CIDADE UNIVERSITÁRIA;;SUBURBIO;COLISÃO TRANSVERSAL;1,0;1,0;0,0;0,0;0,0;0,0;0,0;0,0;0,0;1,0;0,0;Longo da via;Bom;Não existe;Perfeito estado;Seca;Perfeito estado;Não existe;Não há placas;;Dupla;Faixa contínua;;
202210081,0;2022-05-05;;2;FINALIZADA;SANTO AMARO;AV GOVERNADOR AGAMENON MAGALHAES;;RUA BARROS BARRETO;EM FRENTE A REITORIA DA UPE;SANTO AMARO;;SUBURBIO;;1,0;0,0;0,0;0,0;0,0;0,0;0,0;1,0;0,0;0,0;0,0;Longo da via;Bom;Não existe;Perfeito estado;Seca;Perfeito estado;Não existe;Não há placas;60 km/h;Dupla;Faixa seccionada;Canteiro central;Canal
202210085,0;2022-05-05;;1;FINALIZADA;IMBIRIBEIRA;AV MARECHAL MASCARENHAS DE MORAES;3421,0;;EM FRENTE A CONCESSIONARIA MERCEDES BENZ / SENTIDO CIDADE;IMBIRIBEIRA;289,0;CIDADE;COLISÃO LATERAL;0,0;2,0;0,0;0,0;0,0;0,0;0,0;0,0;0,0;1,0;0,0;Longo da via;Bom;Sem defeito;Perfeito estado;Seca;Perfeito estado;Faixa de pedestre;Não há placas;60 km/h;Única;Faixa contínua;;
202210094,0;2022-05-05;;1;FINALIZADA;CAJUEIRO;AV CIDADE DE MONTEIRO;380,0;;EM FRENTE AO ARMAZÉM CORAL.;CAJUEIRO;;;COLISÃO LATERAL;1,0;0,0;0,0;0,0;0,0;0,0;1,0;0,0;0,0;2,0;0,0;Longo da via;Bom;Não existe;Perfeito estado;Seca;Perfeito estado;Faixa de pedestre;Outras;;Dupla;Faixa contínua;;
202210100,0;2022-05-05;;1;FINALIZADA;BOA VISTA;RUA AURORA;;RUA PRINCESA IZABEL;RUA PRINCESA IZABEL;BOA VISTA;22,0;;COLISÃO LATERAL;0,0;2,0;0,0;0,0;0,0;0,0;0,0;0,0;0,0;1,0;0,0;Cruzamento;Bom;Sem defeito;Perfeito estado;Seca;Perfeito estado;Faixa de pedestre;Outras;;Única;Faixa contínua;;
202210112,0;2022-05-05;;2;CANCELADA;SANTO AMARO;AV GOVERNADOR AGAMENON MAGALHAES;;;E/F AO BRADESCO SEGUROS;SANTO AMARO;;OLINDA;COLISÃO TRASEIRA;3,0;0,0;0,0;0,0;0,0;0,0;0,0;0,0;0,0;0,0;0,0;;;;;;;;;;;;;
202210120,0;2022-05-05;;1;FINALIZADA;BEBERIBE;RUA URIEL DE HOLANDA;;RUA MELANIO DE BARROS CORREIA;E/F AO COLEGIO  PEDRO CELSO;BEBERIBE;;SUBURBIO;ATROPELAMENTO DE PESSOA;0,0;1,0;0,0;0,0;1,0;0,0;0,0;0,0;0,0;1,0;0,0;Longo da via;Bom;Não existe;Perfeito estado;Seca;Perfeito estado;Não existe;R-6a;40 km/h;Dupla;Não existe;;
202210121,0;2022-05-05;;1;FINALIZADA;MADALENA;RUA DEMOCRITO DE SOUZA FILHO;477,0;RUA PROFESSOR JOSE TORRES PIRES;GARDEN BELEZA CAFÉ MODA;MADALENA;;SUBURBIO;COLISÃO TRANSVERSAL;1,0;1,0;0,0;0,0;0,0;0,0;0,0;0,0;0,0;1,0;0,0;Cruzamento;Bom;Não existe;Incompleta;Seca;Perfeito estado;Não existe;Não há placas;;Única;Não existe;;
202210144,0;2022-05-06;;1;FINALIZADA;IBURA;AV DOIS RIOS;550C;;EM FRENTE A IGREJA ELSHADAY;IBURA;;SUBURBIO;COLISÃO TRANSVERSAL;2,0;1,0;0,0;0,0;0,0;0,0;0,0;0,0;0,0;1,0;0,0;Longo da via;Bom;Não existe;Perfeito estado;Seca;Perfeito estado;Não existe;R-6a;;Dupla;Faixa contínua;;
202210162,0;2022-05-06;;1;FINALIZADA;BOA VISTA;RUA DA SOLEDADE;170,0;RUA DO PROGRESSO;EM FRENTE A FUNDAÇÃO ALTINO VENTURA.;BOA VISTA;578,0;AV CDE DA BOA VISTA;COLISÃO TRASEIRA;1,0;1,0;0,0;0,0;0,0;0,0;0,0;0,0;0,0;1,0;0,0;Longo da via;Bom;Sem defeito;Perfeito estado;Seca;Perfeito estado;Faixa de pedestre;Outras;30 km/h;Única;Não existe;;
202210166,0;2022-05-06;;1;FINALIZADA;SANTO AMARO;AV GOVERNADOR AGAMENON MAGALHAES;;;EM FRENTE AO SHOPPING TACARUNA SENT. BOA VIAGEM. ANTIGA FÁBRICA TACARUNA.;SANTO AMARO;;CIDADE;QUEDA;0,0;0,0;1,0;0,0;0,0;0,0;0,0;0,0;0,0;1,0;0,0;Longo da via;Bom;Não existe;Perfeito estado;;Mal conservada;Não existe;Não há placas;60 km/h;Dupla;Faixa seccionada;Canteiro central;
202210176,0;2022-05-06;;1;FINALIZADA;TORRÕES;AV ENGENHEIRO ABDIAS DE CARVALHO;;;PROX AO GIROURO DA CHESF S/T SAN MARTIN NO SEMAFORO 375. LADO OPOSTO AO KIYOI GALETOS.;TORRÕES;375,0;CIDADE;ATROPELAMENTO DE PESSOA;0,0;1,0;0,0;0,0;1,0;0,0;0,0;0,0;0,0;1,0;0,0;Longo da via;Bom;Sem defeito;Perfeito estado;Seca;Perfeito estado;Faixa de pedestre;Não há placas;60 km/h;Única;Canteiro central;;
202210183,0;2022-05-06;;1;FINALIZADA;SÃO JOSÉ;C SANTA RITA;;;;SÃO JOSÉ;;;QUEDA;0,0;1,0;0,0;0,0;0,0;0,0;0,0;0,0;0,0;1,0;0,0;;;;;;;;;;;;;
202210197,0;2022-05-06;;1;FINALIZADA;SANTO AMARO;AV GOVERNADOR AGAMENON MAGALHAES;;;SOBRE O VIADUTO DA AV JOÃO DE BARROS;SANTO AMARO;;OLINDA;ATROPELAMENTO DE PESSOA;0,0;1,0;0,0;0,0;1,0;0,0;0,0;0,0;0,0;2,0;0,0;Viaduto;Bom;Não existe;Perfeito estado;Seca;Perfeito estado;Não existe;R-32;60 km/h;Dupla;Faixa contínua;Faixa seccionada;Canteiro central
202210226,0;2022-05-06;;1;FINALIZADA;APIPUCOS;RUA DE APIPUCOS;;;EM FRENTE AO ARCADIA RECEPÇÕES.;APIPUCOS;;CIDADE;COLISÃO LATERAL;1,0;1,0;0,0;0,0;0,0;0,0;0,0;0,0;0,0;2,0;0,0;Longo da via;Bom;Não existe;Perfeito estado;Seca;Perfeito estado;Não existe;Não há placas;;Dupla;Faixa contínua;;
202210245,0;2022-05-07;;1;FINALIZADA;BAIRRO DO RECIFE;CAIS DO APOLO;;AV MILITAR;EM FRENTE AO ESTACIONAMENTO DA PREFEITURA.;BAIRRO DO RECIFE;436,0;CIDADE;QUEDA;0,0;1,0;0,0;0,0;0,0;0,0;0,0;0,0;0,0;1,0;0,0;Cruzamento;Bom;Sem defeito;Perfeito estado;Seca;Perfeito estado;Faixa de pedestre;Outras;;Única;Faixa contínua;;
202210258,0;2022-05-07;;1;FINALIZADA;JARDIM SÃO PAULO;RUA LEANDRO BARRETO;533,0;;EM FRENTE À PADARIA LA ROQUE;JARDIM SÃO PAULO;;SUBURBIO;QUEDA;0,0;1,0;0,0;0,0;0,0;0,0;0,0;0,0;0,0;1,0;0,0;Longo da via;Chuvoso;Não existe;Ilegível;Molhada;Mal conservada;Não existe;Não há placas;40 km/h;Dupla;Faixa contínua;;
202210264,0;2022-05-07;;2;FINALIZADA;TAMARINEIRA;RUA GUIMARAES PEIXOTO;80,0;;EM FRENTE A ACADEMIA CROSS BOX;TAMARINEIRA;;;COLISÃO LATERAL;1,0;0,0;0,0;0,0;0,0;0,0;1,0;0,0;0,0;0,0;0,0;Longo da via;Chuvoso;Não existe;Perfeito estado;Molhada;Perfeito estado;;;20km/h;Única;Não existe;;
202210284,0;2022-05-07;;1;FINALIZADA;JAQUEIRA;AV RUI BARBOSA;405,0;RUA DEPUTADO PEDRO PIRES FERREIRA;PARQUE DA JAQUEIRA;JAQUEIRA;;;COLISÃO LATERAL;1,0;1,0;0,0;0,0;0,0;0,0;0,0;0,0;0,0;1,0;0,0;Cruzamento;Bom;Não existe;Perfeito estado;Molhada;Perfeito estado;Faixa de pedestre;R-6a;;Única;Faixa contínua;;
202210296,0;2022-05-07;;1;FINALIZADA;TAMARINEIRA;AV NORTE MIGUEL ARRAES DE ALENCAR;;RUA CONEGO BARATA;PROXIMO A FERREIRA COSTA. ATALANTA COLCHÕES;TAMARINEIRA;62,0;;COLISÃO TRANSVERSAL;1,0;1,0;0,0;0,0;0,0;0,0;0,0;0,0;0,0;1,0;0,0;Cruzamento;Bom;Sem defeito;Perfeito estado;Seca;Perfeito estado;Faixa de retenção;Outras;60 km/h;Dupla;Blocos;;
202210333,0;2022-05-08;;1;FINALIZADA;CAXANGÁ;AV CAXANGA;653,0;;EM FRENTE AO COMPAZ MIGUEL ARRAES.;CAXANGÁ;489,0;CIDADE;COLISÃO TRASEIRA;1,0;1,0;0,0;0,0;0,0;0,0;0,0;0,0;0,0;2,0;0,0;Longo da via;Bom;Sem defeito;Incompleta;Seca;Perfeito estado;Agente;Não há placas;60 km/h;Única;Não existe;;
202210344,0;2022-05-08;;1;FINALIZADA;JORDÃO;AV DONA CARENTINA;1479,0;RUA ATALAIA;E/F A CAIXA D'ÁGUA. LADO OPOSTO AO Nº 1479.;JORDÃO;;SUBURBIO;COLISÃO LATERAL;1,0;1,0;0,0;0,0;0,0;0,0;0,0;0,0;0,0;1,0;0,0;Longo da via;Bom;Não existe;Incompleta;Seca;Mal conservada;Não existe;R-6a;;Dupla;Não existe;;
202210346,0;2022-05-08;;2;FINALIZADA;SÃO JOSÉ;RUA IMPERIAL;1898,0;;E/F A PREVENÇÃO EXTINTORES;SÃO JOSÉ;;;COLISÃO LATERAL;0,0;1,0;0,0;0,0;0,0;0,0;0,0;1,0;0,0;0,0;0,0;Cruzamento;Bom;Não existe;Perfeito estado;Seca;Perfeito estado;Não existe;Não há placas;60km/h;Única;Faixa seccionada;;
202210354,0;2022-05-08;;2;FINALIZADA;BONGI;RUA ISAAC MARKMAN;;;ENFRENTE A UPINHA DO BONGI;BONGI;;;COLISÃO LATERAL;2,0;0,0;0,0;0,0;0,0;0,0;0,0;0,0;0,0;0,0;0,0;;;;;;;;;;;;;
202210355,0;2022-05-08;;2;FINALIZADA;ÁGUA FRIA;RUA EGAS MUNIZ;206,0;;LA LADEIRA DO BATUTA;ÁGUA FRIA;;;CHOQUE;1,0;0,0;0,0;0,0;0,0;0,0;0,0;0,0;0,0;0,0;0,0;;;;;;;;;;;;;
202210361,0;2022-05-08;;1;FINALIZADA;IMBIRIBEIRA;AV MARECHAL MASCARENHAS DE MORAES;6133,0;;EMBAIXO DA ALÇA DE RETORNO / EM FRENTE AO ESTACIONAMENTO RECIFE PARK;IMBIRIBEIRA;;CIDADE;CHOQUE;0,0;1,0;0,0;0,0;0,0;0,0;0,0;0,0;0,0;1,0;0,0;Longo da via;Bom;Não existe;Não existente;Seca;Perfeito estado;Não existe;Não há placas;;Única;Não existe;;
202210369,0;2022-05-08;;1;FINALIZADA;BOA VIAGEM;RUA SA E SOUZA;245,0;;PRÓX A PADARIA SANTA ROSA. ESCRITÓRIO CARVALHO E ANDRADE.;BOA VIAGEM;;CIDADE;COLISÃO LATERAL;1,0;1,0;0,0;0,0;0,0;0,0;0,0;0,0;0,0;1,0;0,0;Longo da via;Chuvoso;Não existe;Perfeito estado;Molhada;Perfeito estado;Não existe;Não há placas;;Dupla;Faixa seccionada;;
202210375,0;2022-05-09;;1;FINALIZADA;IPUTINGA;AV CAXANGA;;;SOB O VIADUTO;IPUTINGA;;;CHOQUE;1,0;0,0;0,0;0,0;0,0;0,0;0,0;0,0;0,0;1,0;0,0;;;;;;;;;;;;;
202210389,0;2022-05-09;;1;FINALIZADA;DOIS UNIDOS;AV HILDEBRANDO DE VASCONCELOS;121,0;;PROX. AO CANIL. ACADEMIA OXY;DOIS UNIDOS;;CIDADE;COLISÃO COM CICLISTA;0,0;0,0;0,0;1,0;0,0;1,0;0,0;0,0;0,0;1,0;0,0;Longo da via;Bom;Não existe;Não existente;Seca;Perfeito estado;Não existe;Não há placas;;Dupla;Não existe;;