Protocolo;data;hora;natureza;situacao;bairro;endereco;numero;detalhe_endereco_acidente;complemento;bairro_cruzamento;num_semaforo;sentido_via;tipo;auto;moto;ciclom;ciclista;pedestre;onibus;caminhao;viatura;outros;vitimas;vitimasfatais;acidente_verificado;tempo_clima;situacao_semaforo;sinalizacao;condicao_via;conservacao_via;ponto_controle;situacao_placa;velocidade_max_via;mao_direcao;divisao_via1;divisao_via2;divisao_via3
202210395,0;2022-05-09;;1;FINALIZADA;IPSEP;AV RECIFE;2528,0;;SENT. BOA VIAGEM,  EM FRENTE A AVANT MULTIMARCAS;IPSEP;;SUBURBIO;COLISÃO LATERAL;1,0;1,0;0,0;0,0;0,0;0,0;0,0;0,0;0,0;1,0;0,0;Longo da via;Bom;Não existe;Perfeito estado;Seca;Perfeito estado;Não existe;Outras;;Dupla;Faixa seccionada;;
202210402,0;2022-05-09;;1;FINALIZADA;JARDIM SÃO PAULO;AV SAO PAULO;655,0;;E/F A FARMACIA PAGUE MENOS;JARDIM SÃO PAULO;;SUBURBIO;COLISÃO LATERAL;1,0;1,0;0,0;0,0;0,0;0,0;0,0;0,0;0,0;1,0;0,0;Longo da via;Bom;Não existe;Ilegível;Seca;Mal conservada;Não existe;Não há placas;;Dupla;Faixa seccionada;;
202210421,0;2022-05-09;;2;FINALIZADA;BAIRRO DO RECIFE;AV ALFREDO LISBOA;;;EM FRENTE O CAIS DO SERTÃO E AO LADO DA SECRETÁRIA CIÊNCIAS E TECNOLOGIA;BAIRRO DO RECIFE;;;COLISÃO TRASEIRA;2,0;0,0;0,0;0,0;0,0;0,0;0,0;0,0;0,0;0,0;0,0;;;;;;;;;;;;;
202210447,0;2022-05-09;;1;FINALIZADA;BAIRRO DO RECIFE;AV MILITAR;70,0;;EM FRENTE AO MUSEU MILITAR DO FORTE DO BRUM;BAIRRO DO RECIFE;;SUBURBIO;COLISÃO TRANSVERSAL;1,0;1,0;0,0;0,0;0,0;0,0;0,0;0,0;0,0;1,0;0,0;Longo da via;Bom;Não existe;Perfeito estado;Seca;Perfeito estado;Não existe;Outras;60 km/h;;Faixa seccionada;;
202210450,0;2022-05-09;;2;FINALIZADA;SÃO JOSÉ;RUA CORACAO DE MARIA;;;EM FRENTE AO BATALHÃO 16º;SÃO JOSÉ;;;COLISÃO TRASEIRA;1,0;0,0;0,0;0,0;0,0;0,0;0,0;1,0;0,0;0,0;0,0;Longo da via;Bom;Não existe;Perfeito estado;Seca;Perfeito estado;Não existe;Outras;;Dupla;Canteiro central;;
202210474,0;2022-05-09;;1;CANCELADA;IMBIRIBEIRA;AV RECIFE;;;E/F AO  RESTAURANTE SAL E BRASA;IMBIRIBEIRA;;;COLISÃO LATERAL;0,0;1,0;0,0;0,0;0,0;0,0;1,0;0,0;0,0;1,0;0,0;;;;;;;;;;;;;
202210509,0;2022-05-10;;1;FINALIZADA;CORDEIRO;RUA DR JOAO LACERDA;588,0;RUA TEOTONIO FREIRE;PRÓXIMO AO DHPP;CORDEIRO;;SUBURBIO;COLISÃO TRANSVERSAL;1,0;1,0;0,0;0,0;0,0;0,0;0,0;0,0;0,0;1,0;0,0;Cruzamento;Chuvoso;Não existe;Perfeito estado;Molhada;Perfeito estado;Não existe;"Placas ""Pare""";;Dupla;Não existe;;
202210564,0;2022-05-10;;2;FINALIZADA;SOLEDADE;AV JOAO DE BARROS;;;DESCIDA DO VIADUTO S/T OLINDA - PISTA LOCAL PRÓX. À POLICLÍNICA AGAMENON MAGALHÃES;SOLEDADE;;;COLISÃO LATERAL;2,0;0,0;0,0;0,0;0,0;0,0;0,0;0,0;0,0;0,0;0,0;Longo da via;Bom;Não existe;Perfeito estado;Seca;Perfeito estado;;;;Única;Canteiro central;;
202210569,0;2022-05-10;;1;FINALIZADA;PORTO DA MADEIRA;RUA DALVA DE OLIVEIRA;257,0;RUA NOVA ESPERANCA;E/F A IGREJA BATISTA DO VALE;PORTO DA MADEIRA;;CIDADE;COLISÃO TRANSVERSAL;1,0;1,0;0,0;0,0;0,0;0,0;0,0;0,0;0,0;1,0;0,0;Cruzamento;Bom;Não existe;Incompleta;Seca;Perfeito estado;Não existe;Outras;;Dupla;Não existe;;
202210582,0;2022-05-10;;2;FINALIZADA;ÁGUA FRIA;RUA JORNALISTA JOSE CAMPELO JUNIOR;892,0;;PROX A PIZZARIA VICIOS;ÁGUA FRIA;;;CHOQUE;0,0;0,0;0,0;0,0;0,0;0,0;1,0;0,0;0,0;0,0;0,0;Longo da via;Bom;Não existe;Perfeito estado;Seca;Perfeito estado;Não existe;Não há placas;;Dupla;Não existe;Faixa contínua;
202210596,0;2022-05-11;;1;FINALIZADA;BOA VISTA;RUA DA UNIAO;410,0;RUA MAMEDE SIMOES;;BOA VISTA;;CIDADE;COLISÃO TRANSVERSAL;1,0;1,0;0,0;0,0;0,0;0,0;0,0;0,0;0,0;1,0;0,0;Cruzamento;Chuvoso;Não existe;Perfeito estado;Molhada;Perfeito estado;Não existe;"Placas ""Pare""";;Única;Não existe;;
202210597,0;2022-05-11;;2;FINALIZADA;CAXANGÁ;AV CAXANGA;;;EM FRENTE A ASSEMBLEIA DE DEUS;CAXANGÁ;232,0;CIDADE;COLISÃO LATERAL;1,0;0,0;0,0;0,0;0,0;0,0;0,0;1,0;0,0;0,0;0,0;Esquina;Bom;Sem defeito;Perfeito estado;Seca;Perfeito estado;Faixa de pedestre;Outras;;Dupla;Faixa seccionada;;
202210600,0;2022-05-11;;1;FINALIZADA;COELHOS;RUA DOS COELHOS;;;DESCIDA DA PONTE DA PONTE JOAQUIM CARDOSO. UNIDADE BÁSICA DA FAMÍLIA 1;COELHOS;;CIDADE;QUEDA;0,0;1,0;0,0;0,0;1,0;0,0;0,0;0,0;0,0;1,0;0,0;Longo da via;Chuvoso;Não existe;Perfeito estado;Molhada;Perfeito estado;Faixa de pedestre;Outras;;Dupla;Canteiro central;;
202210607,0;2022-05-11;;2;FINALIZADA;JARDIM SÃO PAULO;RUA DR HOLMES DO REGO BARROS;742,0;;RUA E/F AO COLÉGIO PLANTE INFANTIL;JARDIM SÃO PAULO;;;COLISÃO LATERAL;1,0;0,0;0,0;0,0;0,0;0,0;1,0;0,0;0,0;0,0;0,0;Longo da via;Bom;Não existe;Não existente;Molhada;Mal iluminada;Não existe;Não há placas;;Dupla;Não existe;;
202210613,0;2022-05-11;;1;FINALIZADA;CAXANGÁ;AV CAXANGA;;AV PROFESSOR MORAES REGO;EMBAIXO DO VIADUTO. EM FRENTE AO TERMINAL SEVERINO LUIZ NUNES PEREIRA - GRANDE RECIFE.;CAXANGÁ;;CIDADE;QUEDA;0,0;1,0;0,0;0,0;0,0;0,0;0,0;0,0;0,0;1,0;0,0;Longo da via;Bom;Sem defeito;Perfeito estado;Oleosa;Perfeito estado;Não existe;Outras;;Dupla;Faixa seccionada;;
202210623,0;2022-05-11;;2;FINALIZADA;MADALENA;RUA REAL DA TORRE;562,0;;E/F AO MERCADO DA MADALENA;MADALENA;;;COLISÃO LATERAL;1,0;0,0;0,0;0,0;0,0;0,0;0,0;1,0;0,0;0,0;0,0;Esquina;Chuvoso;Não existe;Perfeito estado;Molhada;Perfeito estado;Não existe;;;Única;Faixa seccionada;;
202210640,0;2022-05-11;;1;FINALIZADA;IMBIRIBEIRA;RUA ARQUITETO LUIZ NUNES;673,0;;EM FRENTE A ESCOLA PINHEIROS / PROX  A LAGOA DO ARAÇA;IMBIRIBEIRA;560,0;CIDADE;ATROPELAMENTO DE PESSOA;1,0;0,0;0,0;0,0;1,0;0,0;0,0;0,0;0,0;1,0;0,0;Longo da via;Bom;Sem defeito;Perfeito estado;Seca;Perfeito estado;Faixa de pedestre;R-19;30 km/h;Dupla;Faixa contínua;;
202210656,0;2022-05-11;;1;FINALIZADA;BOA VIAGEM;RUA DOS NAVEGANTES;2621,0;;EM FRENTE AO EDIFICIO PORTAL DOS NAVEGANTES;BOA VIAGEM;;SUBURBIO;COLISÃO TRANSVERSAL;2,0;1,0;0,0;0,0;0,0;0,0;0,0;0,0;0,0;1,0;0,0;Longo da via;Bom;Não existe;Perfeito estado;Seca;Perfeito estado;Não existe;Não há placas;;Única;Não existe;;
202210657,0;2022-05-11;;2;FINALIZADA;BOA VISTA;RUA DA UNIAO;397,0;;EM FRENTE À ASSEMBLEIA LEGISLATIVA;BOA VISTA;;;COLISÃO LATERAL;2,0;0,0;0,0;0,0;0,0;0,0;0,0;0,0;0,0;0,0;0,0;Cruzamento;Bom;Não existe;Perfeito estado;Seca;Perfeito estado;Não existe;"Placas ""Pare""";;Única;Não existe;;
202210672,0;2022-05-11;;1;FINALIZADA;PRADO;RUA RODRIGUES DE MENDONCA;31,0;RUA PANDIA CALOGERAS;ESPAÇO BELEZA NATALIA GALDINO;PRADO;;CIDADE;COLISÃO TRANSVERSAL;0,0;2,0;0,0;0,0;0,0;0,0;0,0;0,0;0,0;1,0;0,0;Cruzamento;Bom;Não existe;Perfeito estado;Seca;Perfeito estado;Não existe;Outras;;Única;Não existe;;
202210697,0;2022-05-11;;1;FINALIZADA;MONTEIRO;AV DEZESSETE DE AGOSTO;261,0;;PRÓX AO AÇUDE DE APIPUCOS. EDF. ENGENHO APIPUCOS.;MONTEIRO;;;COLISÃO TRASEIRA;1,0;2,0;0,0;0,0;0,0;0,0;0,0;0,0;0,0;1,0;0,0;Longo da via;Bom;Não existe;Perfeito estado;Seca;Perfeito estado;Não existe;Outras;;Dupla;Faixa contínua;;
202210721,0;2022-05-12;;2;FINALIZADA;BOA VIAGEM;RUA ERNESTO DE PAULA SANTOS;1368,0;;EMPRESARIAL ERNESTO DE PAULA SANTOS;BOA VIAGEM;;;COLISÃO LATERAL;1,0;1,0;0,0;0,0;0,0;0,0;0,0;0,0;0,0;0,0;0,0;;;;;;;;;;;;;
202210752,0;2022-05-12;;1;FINALIZADA;PAISSANDU;AV GOVERNADOR AGAMENON MAGALHAES;;;APÓS O SEMÁFORO 068 SENTIDO BOA VIAGEM;PAISSANDU;;BOA VIAGEM;COLISÃO TRASEIRA;1,0;1,0;0,0;0,0;0,0;0,0;0,0;0,0;0,0;1,0;0,0;Longo da via;Bom;Sem defeito;Perfeito estado;Seca;Perfeito estado;Agente;Outras;60 km/h;Única;Canteiro central;;
202210756,0;2022-05-12;;1;FINALIZADA;CAMPO GRANDE;RUA ODORICO MENDES;188,0;RUA VISCONDE DE CAIRU;PRÓX. AO CLUBE DAS PÁS E LOJAS IMPÉRIO;CAMPO GRANDE;;CIDADE;COLISÃO TRANSVERSAL;1,0;1,0;0,0;0,0;0,0;0,0;0,0;0,0;0,0;1,0;0,0;Cruzamento;Bom;Não existe;Perfeito estado;Seca;Perfeito estado;Não existe;Não há placas;;Dupla;Faixa;;
202210761,0;2022-05-12;;1;FINALIZADA;BOA VIAGEM;AV ENGENHEIRO DOMINGOS FERREIRA;3704,0;;E/F A ESCOLA DE GASTRONOMIA E CONFEITARIA. EM FRENTE A IGA.;BOA VIAGEM;;SUBURBIO;COLISÃO TRASEIRA;1,0;1,0;0,0;0,0;0,0;0,0;0,0;0,0;0,0;1,0;0,0;Longo da via;Bom;Não existe;Perfeito estado;Seca;Perfeito estado;Não existe;Outras;60 km/h;Única;Faixa seccionada;;
202210764,0;2022-05-12;;1;FINALIZADA;SANTO AMARO;RUA DO HOSPICIO;;RUA JOAO LIRA;PROXIMO AO MINISTERIO PUBLICO. PARQUE TREZE DE MAIO.;SANTO AMARO;32,0;SUBURBIO;COLISÃO TRANSVERSAL;1,0;1,0;0,0;0,0;0,0;0,0;0,0;0,0;0,0;1,0;0,0;Cruzamento;Chuvoso;Sem defeito;Perfeito estado;Molhada;Perfeito estado;Faixa de pedestre;Outras;;Dupla;Faixa seccionada;Blocos;
202210769,0;2022-05-12;;1;FINALIZADA;ARRUDA;AV BEBERIBE;1253,0;RUA BOLIVAR;E/F AOP ESTADIO DO SANTA CRUZ . LADO OPOSTO À LOJA COBRA CORAL.;ARRUDA;;CIDADE;COLISÃO LATERAL;1,0;1,0;0,0;0,0;0,0;0,0;0,0;0,0;0,0;1,0;0,0;Cruzamento;Bom;Não existe;Perfeito estado;Seca;Perfeito estado;Não existe;R-6a;60 km/h;Dupla;Faixa contínua;Faixa seccionada;
202210774,0;2022-05-12;;1;FINALIZADA;BOA VISTA;AV GOVERNADOR AGAMENON MAGALHAES;1387,0;;EM FRENTE A FARMACIA DROGASIL/ SENTIDO OLINDA;BOA VISTA;174,0;SUBURBIO;COLISÃO TRASEIRA;1,0;1,0;0,0;0,0;0,0;0,0;0,0;0,0;0,0;1,0;0,0;Longo da via;Bom;Não existe;Perfeito estado;Molhada;Perfeito estado;Não existe;Não há placas;60 km/h;Única;Faixa seccionada;;
202210785,0;2022-05-12;;1;FINALIZADA;IPUTINGA;RUA QUIPAPA;222,0;;AO LADO DO MOTEL ÁPICE;IPUTINGA;;SUBURBIO;COLISÃO LATERAL;0,0;1,0;0,0;0,0;0,0;1,0;0,0;0,0;0,0;1,0;0,0;Longo da via;Chuvoso;Não existe;Perfeito estado;Molhada;Perfeito estado;Não existe;Não há placas;;Única;Não existe;;
202210786,0;2022-05-12;;1;FINALIZADA;BOA VIAGEM;RUA JOAO CARDOSO AIRES;600,0;RUA ALMIRANTE BATISTA LEAO;EM FRENTE AO PARQUE DA PIZZA;BOA VIAGEM;;SUBURBIO;COLISÃO LATERAL;1,0;1,0;0,0;0,0;0,0;0,0;0,0;0,0;0,0;1,0;0,0;Cruzamento;Bom;Não existe;Perfeito estado;Seca;Perfeito estado;Não existe;Outras;;Única;Outros;;
202210802,0;2022-05-13;;1;FINALIZADA;ESTÂNCIA;AV RECIFE;5388,0;;VIADUTO ULISSES GUIMARÃES. AO LADO DO HÉLIO SOM;ESTÂNCIA;;CIDADE;COLISÃO LATERAL;2,0;1,0;0,0;0,0;0,0;0,0;0,0;0,0;0,0;2,0;0,0;Longo da via;Chuvoso;Não existe;Perfeito estado;Molhada;Perfeito estado;Não existe;Não há placas;;Única;Faixa seccionada;;
202210833,0;2022-05-13;;1;FINALIZADA;GRAÇAS;AV RUI BARBOSA;;RUA ALBERTO PAIVA;EM FRENTE AO MUSEU DO ESTADO;GRAÇAS;305,0;;COLISÃO TRASEIRA;1,0;1,0;0,0;0,0;0,0;0,0;0,0;0,0;0,0;1,0;0,0;;;;;;;;;;;;;
202210860,0;2022-05-13;;1;FINALIZADA;ENCRUZILHADA;AV BEBERIBE;;RUA PEDRO ALVES;ESQUINA DA FARMÁCIA DROGASIL;ENCRUZILHADA;186,0;SUBURBIO;COLISÃO TRANSVERSAL;1,0;1,0;0,0;0,0;0,0;0,0;0,0;0,0;0,0;1,0;0,0;Cruzamento;Bom;Sem defeito;Perfeito estado;Seca;Perfeito estado;Faixa de pedestre;R-6a;40 km/h;Dupla;Faixa contínua;;
202210861,0;2022-05-13;;1;FINALIZADA;PINA;AV BOA VIAGEM;328,0;;EM FRENTE AO EDIFICIO ARAUCARIA;PINA;119,0;CIDADE;COLISÃO LATERAL;1,0;1,0;0,0;0,0;0,0;0,0;0,0;0,0;0,0;1,0;0,0;Longo da via;Bom;Sem defeito;Perfeito estado;Seca;Perfeito estado;Faixa de retenção;Não há placas;60 km/h;Única;Faixa contínua;;
202210868,0;2022-05-13;;1;FINALIZADA;SÃO JOSÉ;VDO DAS CINCO PONTAS;;;;SÃO JOSÉ;;;QUEDA;0,0;0,0;0,0;1,0;0,0;0,0;0,0;0,0;0,0;1,0;0,0;;;;;;;;;;;;;
202210871,0;2022-05-13;;1;FINALIZADA;AFOGADOS;RUA SAO MIGUEL;1331,0;;EM FRENTE AO BODE DO NÓ;AFOGADOS;;;COLISÃO LATERAL;0,0;0,0;0,0;0,0;0,0;0,0;0,0;0,0;0,0;1,0;0,0;;;;;;;;;;;;;
202210883,0;2022-05-13;;1;FINALIZADA;MADALENA;AV ENGENHEIRO ABDIAS DE CARVALHO;;EST DOS REMEDIOS;E/F AO BOBS  E FARMACIA INDEPENDENTE / SEMÁFORO 052;MADALENA;52,0;SUBURBIO;COLISÃO TRANSVERSAL;0,0;1,0;0,0;0,0;0,0;0,0;0,0;0,0;1,0;1,0;0,0;Cruzamento;Bom;Sem defeito;Perfeito estado;Seca;Perfeito estado;Faixa de pedestre;Não há placas;;Dupla;Canteiro central;;
202210890,0;2022-05-13;;2;FINALIZADA;BOA VISTA;AV MANOEL BORBA;;;COM A RUA JOSÉ DE ALENCAR;BOA VISTA;;;COLISÃO LATERAL;2,0;0,0;0,0;0,0;0,0;0,0;0,0;0,0;0,0;0,0;0,0;;;;;;;;;;;;;
202210893,0;2022-05-14;;3;FINALIZADA;CORDEIRO;AV MAURICIO DE NASSAU;;;POR TRAS DO PARQUE DE EXPOSIÇÃO DO CORDEIRO;CORDEIRO;;SUBURBIO;CHOQUE;1,0;0,0;0,0;0,0;0,0;0,0;0,0;0,0;0,0;1,0;1,0;Outros;Chuvoso;Não existe;Perfeito estado;Molhada;Perfeito estado;Não existe;Outras;;Dupla;Faixa contínua;;
202210905,0;2022-05-14;;1;FINALIZADA;AFOGADOS;EST DOS REMEDIOS;879,0;RUA CRISOPOLIS;EM FRENTE O POSTO PETROBAHIA;AFOGADOS;;CIDADE;COLISÃO LATERAL;1,0;1,0;0,0;0,0;0,0;0,0;0,0;0,0;0,0;1,0;0,0;Longo da via;Chuvoso;Não existe;Perfeito estado;Molhada;Perfeito estado;Não existe;R-6a;;Única;Faixa seccionada;;
202210910,0;2022-05-14;;1;FINALIZADA;BOA VISTA;AV CONDE DA BOA VISTA;;RUA DA SAUDADE;BANCO BRADESCO;BOA VISTA;;SUBURBIO;COLISÃO LATERAL;1,0;1,0;0,0;0,0;0,0;0,0;0,0;0,0;0,0;1,0;0,0;Longo da via;Chuvoso;Sem defeito;Perfeito estado;Molhada;Perfeito estado;Não existe;R-6c;40 km/h;Dupla;Faixa seccionada;Canteiro central;
202210915,0;2022-05-14;;1;FINALIZADA;ROSARINHO;AV NORTE MIGUEL ARRAES DE ALENCAR;;;;ROSARINHO;;;COLISÃO LATERAL;1,0;1,0;0,0;0,0;0,0;0,0;0,0;0,0;0,0;1,0;0,0;;;;;;;;;;;;;
202210923,0;2022-05-14;;1;FINALIZADA;TOTÓ;RUA PAULINO DE FARIAS;591,0;;LOJA DE ROUPAS MARIA FLOR MODAS;TOTÓ;;AV LIBERDADE;QUEDA;0,0;1,0;0,0;0,0;0,0;0,0;0,0;0,0;0,0;2,0;0,0;Longo da via;Bom;Não existe;Perfeito estado;Seca;Perfeito estado;Não existe;R-6a;;Dupla;Não existe;;
202210931,0;2022-05-14;;1;FINALIZADA;TEJIPIÓ;RUA FALCAO DE LACERDA;338,0;;EM FRENTE AO CARTORIO, PROX. AO CENTER GOSPEL;TEJIPIÓ;;SUBURBIO;COLISÃO LATERAL;2,0;1,0;0,0;0,0;0,0;0,0;0,0;0,0;0,0;1,0;0,0;Longo da via;Bom;Não existe;Perfeito estado;Seca;Mal conservada;Não existe;Não há placas;;Dupla;Faixa contínua;;
202210953,0;2022-05-14;;1;FINALIZADA;BOA VIAGEM;AVENIDA CELSO FURTADO (VIA MANGUE);;;NA BIFURGAÇAO. PRÓXIMO AO LÊ PARK;BOA VIAGEM;;SUBURBIO;COLISÃO LATERAL;1,0;1,0;0,0;0,0;0,0;0,0;0,0;0,0;0,0;2,0;0,0;Viaduto;Bom;Não existe;Incompleta;Seca;;Não existe;Não há placas;;Dupla;Faixa seccionada;;
202210963,0;2022-05-14;;2;FINALIZADA;CAMPO GRANDE;RUA MARIA AUGUSTA DE SOUZA;300,0;;PROX A ESCOLA JANDIRA BOTELHO;CAMPO GRANDE;;;COLISÃO LATERAL;2,0;0,0;0,0;0,0;0,0;0,0;0,0;0,0;0,0;0,0;0,0;;;;;;;;;;;;;
202210975,0;2022-05-14;;1;FINALIZADA;AFOGADOS;AV SUL;2372,0;;NA SUBIDA DA PONTE. EM FRENTE AO TROCÃO;AFOGADOS;39,0;CIDADE;COLISÃO COM CICLISTA;0,0;0,0;0,0;1,0;0,0;1,0;0,0;0,0;0,0;1,0;0,0;Longo da via;Chuvoso;Sem defeito;Perfeito estado;Molhada;Perfeito estado;Não existe;Não há placas;;Única;Faixa seccionada;;
202210976,0;2022-05-14;;2;CANCELADA;AREIAS;AV CAPITAO GREGORIO DE CALDAS;;;AO LADO DO BIG BOMPREÇO;AREIAS;;;COLISÃO LATERAL;2,0;0,0;0,0;0,0;0,0;0,0;0,0;0,0;0,0;0,0;0,0;;;;;;;;;;;;;
202210982,0;2022-05-15;;1;FINALIZADA;GRAÇAS;AV GOVERNADOR AGAMENON MAGALHAES;;RUA DR BANDEIRA FILHO;MC DONALDS;GRAÇAS;173,0;CIDADE;COLISÃO LATERAL;0,0;1,0;0,0;0,0;0,0;0,0;0,0;0,0;1,0;2,0;0,0;Cruzamento;Bom;Sem defeito;Perfeito estado;Seca;Perfeito estado;Faixa de pedestre;R-26;60 km/h;Dupla;Canteiro central;;
202210995,0;2022-05-15;;1;FINALIZADA;IPSEP;AV RECIFE;4880,0;;LADO OPOSTO AO ATACADAO  /  SENT UFPE. EM FRENTE À TAMBAÍ.;IPSEP;;CIDADE;COLISÃO TRASEIRA;1,0;1,0;0,0;0,0;0,0;0,0;0,0;0,0;0,0;1,0;0,0;Longo da via;Chuvoso;Sem defeito;Perfeito estado;Molhada;Perfeito estado;Não existe;Não há placas;60 km/h;Dupla;Canteiro central;;
202211002,0;2022-05-15;;1;FINALIZADA;BOA VIAGEM;AV CONSELHEIRO AGUIAR;1733,0;RUA SOLIDONIO LEITE;EM FRENTE A CLINICA ORTOPEDICA DE BOA VIAGEM;BOA VIAGEM;;CIDADE;COLISÃO TRANSVERSAL;3,0;0,0;0,0;0,0;0,0;0,0;0,0;0,0;0,0;2,0;0,0;Longo da via;Bom;Não existe;Perfeito estado;Seca;Perfeito estado;Não existe;Não há placas;60 km/h;Única;Faixa seccionada;;
202211003,0;2022-05-15;;1;FINALIZADA;CORDEIRO;AV GENERAL SAN MARTIN;;RUA GOMES TABORDA;EM FRENTE À FARMÁCIA DROGASIL;CORDEIRO;67,0;;COLISÃO LATERAL;1,0;1,0;0,0;0,0;0,0;0,0;0,0;0,0;0,0;1,0;0,0;Cruzamento;Bom;Sem defeito;Incompleta;Seca;Mal conservada;Faixa de pedestre;R-6a;;Dupla;Faixa seccionada;;
202211013,0;2022-05-15;;2;FINALIZADA;PAISSANDU;AV GOVERNADOR AGAMENON MAGALHAES;;RUA HENRIQUE DIAS;ANTIGO RESTAURANTE SPETTUS;PAISSANDU;68,0;;;1,0;0,0;0,0;0,0;0,0;0,0;0,0;1,0;0,0;0,0;0,0;Cruzamento;Bom;Sem defeito;Perfeito estado;Seca;Perfeito estado;Faixa de pedestre;R-4a;60 km/h;Dupla;Faixa contínua;;
202211017,0;2022-05-15;;1;FINALIZADA;BOA VIAGEM;RUA SA E SOUZA;725,0;RUA DR LUIZ INACIO PESSOA DE MELO;PROX AO RECIFE FLAT  E/F AO EDF COSTA BLAC. APÓS O EMPRESARIAL SÁ E SOUZA.;BOA VIAGEM;;SUBURBIO;COLISÃO TRANSVERSAL;1,0;1,0;0,0;0,0;0,0;0,0;0,0;0,0;0,0;2,0;0,0;Cruzamento;Bom;Não existe;Perfeito estado;Seca;Perfeito estado;Faixa de retenção;"Placas ""Pare""";;Dupla;Faixa contínua;;
202211052,0;2022-05-16;;1;FINALIZADA;BONGI;EST DO BONGI;761,0;;EM FRENTE AO BOCA LOKA LANCHES III;BONGI;;SUBURBIO;COLISÃO TRANSVERSAL;1,0;1,0;0,0;0,0;0,0;0,0;0,0;0,0;0,0;2,0;0,0;Longo da via;Bom;Sem defeito;Perfeito estado;Seca;Perfeito estado;Não existe;R-6a;40 km/h;Dupla;Faixa contínua;;
202211095,0;2022-05-16;;1;DUPLICIDADE;ROSARINHO;AV SANTOS DUMONT;960,0;;EM FRENTE A PRAÇA DO ROSARINHO;ROSARINHO;;;QUEDA;0,0;1,0;0,0;0,0;0,0;0,0;0,0;0,0;0,0;1,0;0,0;;;;;;;;;;;;;
202211101,0;2022-05-16;;1;FINALIZADA;ROSARINHO;AV SANTOS DUMONT;960,0;RUA AMARO COUTINHO;PRAÇA PHAELANTE DA CÂMARA.;ROSARINHO;;SUBURBIO;COLISÃO LATERAL;1,0;1,0;0,0;0,0;0,0;0,0;0,0;0,0;0,0;1,0;0,0;Cruzamento;Bom;Não existe;Perfeito estado;Seca;Perfeito estado;Não existe;"Placas ""Pare""";40 km/h;Única;Faixa seccionada;;
202211106,0;2022-05-16;;1;FINALIZADA;CURADO;RUA DR GEORGE WILLIAM BUTLER;675 / 51C;;EM FRENTE A ROCA BRASIL (GROUPE);CURADO;;CIDADE;COLISÃO FRONTAL;0,0;1,0;0,0;0,0;0,0;1,0;0,0;0,0;0,0;1,0;0,0;Longo da via;Bom;Não existe;Incompleta;Seca;Perfeito estado;Não existe;Não há placas;;Dupla;Não existe;;
202211114,0;2022-05-16;;1;FINALIZADA;SANTO AMARO;AV NORTE MIGUEL ARRAES DE ALENCAR;;RUA AURORA;EM CIMA DA PONTE;SANTO AMARO;243,0;SUBURBIO;COLISÃO COM CICLISTA;1,0;0,0;0,0;1,0;0,0;0,0;0,0;0,0;0,0;1,0;0,0;Cruzamento;Bom;Sem defeito;Perfeito estado;Seca;Perfeito estado;Faixa de pedestre;R-6a;;Dupla;Faixa seccionada;Canteiro central;
202211133,0;2022-05-17;;1;FINALIZADA;CORDEIRO;AV CAXANGA;1052,0;;EM FRENTE A CAIXA ECONÔMICA, SENTIDO CAMARAGIBE. LADO OPOSTO À LOCALIZA SEMINOVOS.;CORDEIRO;;SUBURBIO;COLISÃO TRASEIRA;1,0;0,0;1,0;0,0;0,0;0,0;0,0;0,0;0,0;1,0;0,0;Longo da via;Bom;Sem defeito;Perfeito estado;Seca;Perfeito estado;Não existe;Outras;;Dupla;Faixa seccionada;;
202211135,0;2022-05-17;;1;FINALIZADA;CASA AMARELA;AV NORTE MIGUEL ARRAES DE ALENCAR;;;EM FRENTE AO REI DA PINCANHA, SENT. MACAXEIRA;CASA AMARELA;677,0;SUBURBIO;COLISÃO LATERAL;1,0;1,0;0,0;0,0;0,0;0,0;0,0;0,0;0,0;1,0;0,0;Longo da via;Bom;Sem defeito;Perfeito estado;Seca;Perfeito estado;Faixa de pedestre;R-6a;;Dupla;Blocos;;
202211166,0;2022-05-17;;1;FINALIZADA;JORDÃO;AV MARIA IRENE;25,0;;EM FRENTE A BASE AEREA DO RECIFE;JORDÃO;;CIDADE;ATROPELAMENTO DE PESSOA;0,0;0,0;0,0;0,0;1,0;0,0;0,0;1,0;0,0;1,0;0,0;Longo da via;Bom;Não existe;Perfeito estado;Seca;Perfeito estado;Não existe;Não há placas;;Dupla;Faixa contínua;;
202211174,0;2022-05-17;;2;FINALIZADA;JARDIM SÃO PAULO;EST DO CURADO;55,0;AV LIBERDADE;;JARDIM SÃO PAULO;;SUBURBIO;;1,0;0,0;0,0;0,0;0,0;1,0;0,0;0,0;0,0;0,0;0,0;Cruzamento;Bom;Não existe;Não existente;Seca;Mal conservada;Não existe;"Placas ""Pare""";40 km/h;Dupla;Não existe;;