Protocolo;data;hora;natureza;situacao;bairro;endereco;numero;detalhe_endereco_acidente;complemento;bairro_cruzamento;num_semaforo;sentido_via;tipo;auto;moto;ciclom;ciclista;pedestre;onibus;caminhao;viatura;outros;vitimas;vitimasfatais;acidente_verificado;tempo_clima;situacao_semaforo;sinalizacao;condicao_via;conservacao_via;ponto_controle;situacao_placa;velocidade_max_via;mao_direcao;divisao_via1;divisao_via2;divisao_via3
202211180,0;2022-05-17;;1;FINALIZADA;CORDEIRO;AV CAXANGA;1214,0;RUA GREGORIO JUNIOR;EM FRENTE A CASA FUNERARIA SANTA PAULA;CORDEIRO;236,0;SUBURBIO;COLISÃO COM CICLISTA;0,0;1,0;0,0;1,0;0,0;0,0;0,0;0,0;0,0;2,0;0,0;Cruzamento;Bom;Sem defeito;Perfeito estado;Seca;Perfeito estado;Faixa de pedestre;Não há placas;60 km/h;Única;Faixa contínua;;
202211200,0;2022-05-17;;1;FINALIZADA;BOA VISTA;AV GOVERNADOR AGAMENON MAGALHAES;;AV RUI BARBOSA;PROX AO TRIBUNAL ELEITORAL;BOA VISTA;;BOA VIAGEM;COLISÃO LATERAL;1,0;1,0;0,0;0,0;0,0;0,0;0,0;0,0;0,0;1,0;0,0;Longo da via;Bom;Sem defeito;Perfeito estado;Seca;Perfeito estado;Faixa de pedestre;R-4b;60 km/h;Única;Faixa contínua;;
202211208,0;2022-05-17;;1;FINALIZADA;MANGUEIRA;RUA VINTE E UM DE ABRIL;1205,0;RUA NELSON AVILA;PROX A CONTRUAR ( ARMAZEM). EM FRENTE À IGREJA BATISTA NACIONAL EM AFOGADOS.;MANGUEIRA;;CIDADE;COLISÃO FRONTAL;1,0;1,0;0,0;0,0;0,0;0,0;0,0;0,0;0,0;1,0;0,0;Longo da via;Bom;Não existe;Perfeito estado;Seca;Perfeito estado;Não existe;Outras;;Dupla;Faixa seccionada;;
202211209,0;2022-05-17;;1;FINALIZADA;BOA VIAGEM;RUA VISCONDE DE JEQUITINHONHA;;RUA BALTAZAR PASSOS;NO CRUZAMENTO C/A RUA BALTAZAR PASSOS;BOA VIAGEM;154,0;;ATROPELAMENTO DE PESSOA;1,0;0,0;0,0;0,0;1,0;0,0;0,0;0,0;0,0;1,0;0,0;;;;;;;;;;;;;
202211210,0;2022-05-17;;1;FINALIZADA;MACAXEIRA;AV JOSE AMERICO DE ALMEIDA;79,0;;PRÓX AO CAMPO DA UNIAO / E/F A PRC ZUMBI DOS PALMARES;MACAXEIRA;;CIDADE;COLISÃO LATERAL;0,0;1,0;0,0;0,0;0,0;1,0;0,0;0,0;0,0;1,0;0,0;Longo da via;Bom;Não existe;Incompleta;Seca;Perfeito estado;Não existe;Não há placas;;Dupla;Não existe;;
202211229,0;2022-05-18;;1;FINALIZADA;AREIAS;AV CAPITAO GREGORIO DE CALDAS;;AV RECIFE;LADO OPOSTO AO BIG BOMPREÇO, SENTIDO PRAIA;AREIAS;494,0;SUBURBIO;ATROPELAMENTO DE PESSOA;0,0;0,0;0,0;0,0;2,0;1,0;0,0;0,0;0,0;2,0;0,0;Cruzamento;Bom;Sem defeito;Não existente;Seca;Perfeito estado;Outros;Não há placas;30 km/h;Dupla;Canteiro central;;
202211233,0;2022-05-18;;1;FINALIZADA;AFOGADOS;AV SUL;S/N;;EM FRENTE A POLICLINICA AGAMENON MAGALHAES AO LADO DA ESTAÇÃO DO METRO SENT. CIDADE;AFOGADOS;;CIDADE;COLISÃO TRASEIRA;2,0;0,0;0,0;0,0;0,0;0,0;0,0;0,0;0,0;1,0;0,0;Longo da via;Bom;Não existe;Perfeito estado;Seca;Mal iluminada;Não existe;Não há placas;;Única;Faixa seccionada;;
202211236,0;2022-05-18;;1;FINALIZADA;AREIAS;AV RECIFE;29,0;;PROXIMO O ATACADÃO , EM FRENTE O POSTO BR....SENTIDO CAXANGÁ;AREIAS;620,0;BR-101;COLISÃO LATERAL;2,0;1,0;0,0;0,0;0,0;0,0;0,0;0,0;0,0;1,0;0,0;Longo da via;Bom;Sem defeito;Perfeito estado;Seca;Perfeito estado;Não existe;R-6a;;Dupla;Faixa seccionada;Canteiro central;
202211244,0;2022-05-18;;2;CANCELADA;SANTO AMARO;AV GOVERNADOR AGAMENON MAGALHAES;;;EM BAIXO DO VIADULTO ROBERTO PEREIRA DE CARVALHO;SANTO AMARO;;;COLISÃO TRASEIRA;1,0;0,0;0,0;0,0;0,0;0,0;0,0;1,0;0,0;0,0;0,0;;;;;;;;;;;;;
202211255,0;2022-05-18;;2;CANCELADA;ESPINHEIRO;RUA SANTO ELIAS;450,0;;EDF VILA MARINA;ESPINHEIRO;;;COLISÃO TRASEIRA;1,0;0,0;0,0;0,0;0,0;0,0;1,0;0,0;0,0;0,0;0,0;;;;;;;;;;;;;
202211259,0;2022-05-18;;1;FINALIZADA;JOANA BEZERRA;VIADUTO CAPITAO TEMUDO;;;NA DESCIDA DO VIADUTO SENT. BOA VIAGEM;JOANA BEZERRA;;BOA VIAGEM;COLISÃO TRASEIRA;1,0;1,0;0,0;0,0;0,0;0,0;0,0;0,0;0,0;1,0;0,0;Viaduto;Bom;Não existe;Perfeito estado;Seca;Perfeito estado;Não existe;Não há placas;60 km/h;Dupla;Canteiro central;;
202211276,0;2022-05-18;;2;FINALIZADA;GRAÇAS;RUA DR BANDEIRA FILHO;;;EM FRENTE A PAGUE MENOS;GRAÇAS;;;COLISÃO LATERAL;2,0;0,0;0,0;0,0;0,0;0,0;0,0;0,0;0,0;0,0;0,0;;;;;;;;;;;;;
202211294,0;2022-05-18;;2;FINALIZADA;BOA VIAGEM;RUA BRUNO VELOSO;;;EM FRENTE AO SHOPPING RECIFE;BOA VIAGEM;;;COLISÃO LATERAL;2,0;0,0;0,0;0,0;0,0;0,0;0,0;0,0;0,0;0,0;0,0;;;;;;;;;;;;;
202211297,0;2022-05-18;;1;FINALIZADA;PORTO DA MADEIRA;AV BEBERIBE;3433,0;RUA PASCOAL SIVINI;E/F AO CONJUNTO JOAO PAULO SEGUNDO,  POSTO SIVINI;PORTO DA MADEIRA;;;COLISÃO TRANSVERSAL;1,0;1,0;0,0;0,0;0,0;0,0;0,0;0,0;0,0;1,0;0,0;Longo da via;Bom;Não existe;Perfeito estado;Seca;Perfeito estado;Não existe;R-6a;;Dupla;Faixa contínua;Faixa seccionada;
202211338,0;2022-05-19;;2;FINALIZADA;SÃO JOSÉ;RUA IMPERIAL;889,0;;EM FRENTE AO BAR DO CHINA;SÃO JOSÉ;511,0;SUBURBIO;COLISÃO TRASEIRA;1,0;0,0;0,0;0,0;0,0;0,0;0,0;1,0;0,0;0,0;0,0;Longo da via;Bom;Sem defeito;Perfeito estado;Seca;Perfeito estado;Faixa de pedestre;Não há placas;;Única;Faixa contínua;;
202211339,0;2022-05-19;;1;FINALIZADA;NOVA DESCOBERTA;RUA DA PAZ;;AV CHAGAS FERREIRA;AO LADO DA UPA;NOVA DESCOBERTA;;SUBURBIO;COLISÃO FRONTAL;0,0;1,0;0,0;0,0;0,0;1,0;0,0;0,0;0,0;1,0;0,0;Ponte;Bom;Não existe;Não existente;Seca;Mal conservada;Não existe;Não há placas;;Dupla;Não existe;;
202211361,0;2022-05-19;;1;FINALIZADA;BOA VIAGEM;RUA DOS NAVEGANTES;785,0;RUA ERNESTO DE PAULA SANTOS;POR TRAS DO ANTIGO RECIFE PALACE;BOA VIAGEM;;;COLISÃO TRANSVERSAL;2,0;0,0;0,0;0,0;0,0;0,0;0,0;0,0;0,0;3,0;0,0;Cruzamento;Bom;Não existe;Perfeito estado;Seca;Perfeito estado;Faixa de retenção;"Placas ""Pare""";;Única;Faixa seccionada;;
202211369,0;2022-05-19;;1;FINALIZADA;DERBY;AV GOVERNADOR AGAMENON MAGALHAES;;;NO SENTIDO OLINDA;DERBY;;;COLISÃO TRASEIRA;0,0;1,0;0,0;0,0;0,0;1,0;0,0;0,0;0,0;1,0;0,0;Longo da via;Bom;Não existe;Perfeito estado;Seca;Perfeito estado;Agente;Outras;60 km/h;Única;Faixa seccionada;;
202211386,0;2022-05-19;;2;FINALIZADA;SANTO AMARO;RUA ALMEIDA CUNHA;;;COM A RUA AFONSO PENA;SANTO AMARO;;;COLISÃO LATERAL;2,0;0,0;0,0;0,0;0,0;0,0;0,0;0,0;0,0;0,0;0,0;;;;;;;;;;;;;
202211425,0;2022-05-20;;1;FINALIZADA;IMBIRIBEIRA;RUA ARQUITETO LUIZ NUNES;233,0;AV ENGENHEIRO ALVES DE SOUZA;ESQUINA COM JULIETO CAFE. EM FRENTE AO JULIETTO.;IMBIRIBEIRA;634,0;CIDADE;COLISÃO TRANSVERSAL;1,0;1,0;0,0;0,0;0,0;0,0;0,0;0,0;0,0;1,0;0,0;Cruzamento;Bom;Sem defeito;Perfeito estado;Seca;Perfeito estado;Faixa de pedestre;Não há placas;40 km/h;Dupla;Faixa contínua;Faixa seccionada;
202211483,0;2022-05-21;;2;FINALIZADA;CASA FORTE;RUA JADER DE ANDRADE;43,0;;EM FRENTE AO NÚMERO 43;CASA FORTE;;;;1,0;1,0;0,0;0,0;0,0;0,0;0,0;0,0;0,0;0,0;0,0;Longo da via;Chuvoso;Não existe;Não existente;Molhada;Perfeito estado;Não existe;Não há placas;;Dupla;Não existe;;
202211506,0;2022-05-21;;1;FINALIZADA;ARRUDA;RUA DO MACHADO;32,0;RUA DAS MOCAS;AO LADO CAMPO DO SANTA CRUZ;ARRUDA;;CIDADE;COLISÃO FRONTAL;1,0;1,0;0,0;0,0;0,0;0,0;0,0;0,0;0,0;1,0;0,0;Longo da via;Bom;Não existe;Perfeito estado;Seca;Perfeito estado;Faixa de pedestre;"Placas ""Pare""";30 km/h;Dupla;Não existe;;
202211544,0;2022-05-21;;1;FINALIZADA;APIPUCOS;RUA DE APIPUCOS;685,0;;APOS O POSTO BR E/F AO RESIDENCIAL APIPUCOS, LADO OPOSTO À RESERVA DE APIPUCOS.;APIPUCOS;;SUBURBIO;COLISÃO TRASEIRA;1,0;1,0;0,0;0,0;0,0;0,0;0,0;0,0;0,0;1,0;0,0;Longo da via;Bom;Não existe;Perfeito estado;Seca;Perfeito estado;Não existe;R-6a;;Dupla;Faixa contínua;;
202211545,0;2022-05-21;;1;CANCELADA;IMBIRIBEIRA;AV SUL;S/N;;ENTRE A ESTAÇAO DE METRO TANCREDO NEVES  EA TI TANCREDO NEVES S/T CID;IMBIRIBEIRA;;;COLISÃO FRONTAL;0,0;1,0;0,0;0,0;0,0;0,0;0,0;0,0;0,0;2,0;0,0;;;;;;;;;;;;;
202211547,0;2022-05-21;;1;FINALIZADA;MADALENA;AV JOSE GONCALVES DE MEDEIROS;;;EM FRENTE A DPCA E MAXTROC.;MADALENA;;CIDADE;COLISÃO LATERAL;1,0;1,0;0,0;0,0;0,0;0,0;0,0;0,0;0,0;2,0;0,0;Longo da via;Bom;Não existe;Incompleta;Seca;Perfeito estado;Não existe;R-6a;;Única;Não existe;;
202211549,0;2022-05-21;;2;FINALIZADA;SANTO AMARO;AV CRUZ CABUGA;;RUA DR JOAO VIEIRA DE MENEZES;SOB O SEMÁFORO 674;SANTO AMARO;674,0;SUBURBIO;CHOQUE;1,0;0,0;0,0;0,0;0,0;0,0;0,0;0,0;0,0;0,0;0,0;Cruzamento;Bom;Sem defeito;Perfeito estado;Seca;Perfeito estado;Não existe;Não há placas;;Dupla;Faixa seccionada;;
202211552,0;2022-05-21;;2;CANCELADA;ESPINHEIRO;AV GOVERNADOR AGAMENON MAGALHAES;;;E/F AO BANCO DO NORDESTE;ESPINHEIRO;;BOA VIAGEM;COLISÃO LATERAL;2,0;0,0;0,0;0,0;0,0;0,0;0,0;0,0;0,0;0,0;0,0;;;;;;;;;;;;;
202211575,0;2022-05-21;;1;FINALIZADA;TORRE;RUA PROFESSOR TRAJANO DE MENDONCA;;;FARMÁCIA DROGASIL;TORRE;;CIDADE;COLISÃO COM CICLISTA;1,0;0,0;0,0;1,0;0,0;0,0;0,0;0,0;0,0;1,0;0,0;Longo da via;Bom;Não existe;Perfeito estado;Seca;Perfeito estado;Não existe;Não há placas;;Única;Faixa seccionada;;
202211581,0;2022-05-22;;1;FINALIZADA;MADALENA;EST DOS REMEDIOS;;AV JOSE GONCALVES DE MEDEIROS;E/F À POLICLINICA LESSA DE ANDRADE;MADALENA;353,0;CIDADE;COLISÃO TRANSVERSAL;1,0;1,0;0,0;0,0;0,0;0,0;0,0;0,0;0,0;1,0;0,0;Cruzamento;Bom;Sem defeito;Perfeito estado;Seca;Perfeito estado;Faixa de pedestre;"Placas ""Pare""";;Única;Faixa seccionada;;
202211604,0;2022-05-22;;1;FINALIZADA;AFOGADOS;RUA SAO MIGUEL;;RUA LUIZ PEREIRA DE FARIAS;PARAISO DOS PET'S;AFOGADOS;;CIDADE;ATROPELAMENTO DE PESSOA;0,0;1,0;0,0;0,0;1,0;0,0;0,0;0,0;0,0;2,0;0,0;Cruzamento;Bom;Não existe;Perfeito estado;Seca;Perfeito estado;;;60 km/h;Dupla;Faixa contínua;;
202211608,0;2022-05-22;;1;FINALIZADA;VÁRZEA;AV AFONSO OLINDENSE;72,0;AV CAXANGA;ENFRENTE AOS CORREIOS;VÁRZEA;568,0;SUBURBIO;COLISÃO LATERAL;1,0;1,0;0,0;0,0;0,0;0,0;0,0;0,0;0,0;1,0;0,0;Longo da via;Bom;Sem defeito;Incompleta;Seca;Perfeito estado;Faixa de pedestre;R-6a;30 km/h;Dupla;Faixa contínua;Faixa seccionada;
202211635,0;2022-05-22;;1;FINALIZADA;MACAXEIRA;RUA MARIA AMALIA;7,0;SUB DA UNIAO;AO LADO DO CAMPO DA UNIÃO.;MACAXEIRA;;CIDADE;COLISÃO LATERAL;1,0;1,0;0,0;0,0;0,0;0,0;0,0;0,0;0,0;1,0;0,0;Longo da via;Chuvoso;Não existe;Não existente;Seca;Mal conservada;Não existe;Não há placas;;Dupla;Não existe;;
202211636,0;2022-05-22;;2;FINALIZADA;IPUTINGA;AV CAXANGA;;RUA MANOEL JOAQUIM DE ALMEIDA;IPUTINGA VEICULOS;IPUTINGA;533,0;;;1,0;1,0;0,0;0,0;0,0;0,0;0,0;0,0;0,0;0,0;0,0;Cruzamento;Bom;Sem defeito;Perfeito estado;;;Faixa de pedestre;Não há placas;;Dupla;Canteiro central;;
202211649,0;2022-05-22;;1;FINALIZADA;BOA VIAGEM;RUA RIBEIRO DE BRITO;;RUA TENENTE DOMINGOS DE BRITO;EM FRENTE A IGREJA MARANATA;BOA VIAGEM;331,0;;COLISÃO TRANSVERSAL;1,0;1,0;0,0;0,0;0,0;0,0;0,0;0,0;0,0;2,0;0,0;Cruzamento;Chuvoso;Sem defeito;Perfeito estado;Molhada;Perfeito estado;Faixa de pedestre;Não há placas;;Única;Não existe;;
202211650,0;2022-05-22;;1;FINALIZADA;JAQUEIRA;AV CONS ROSA E SILVA;1847,0;RUA NETO DE MENDONCA;EM FRENTE A SMART FIT;JAQUEIRA;686,0;SUBURBIO;COLISÃO TRANSVERSAL;0,0;2,0;0,0;0,0;0,0;0,0;0,0;0,0;0,0;1,0;0,0;Longo da via;Bom;Sem defeito;Perfeito estado;Seca;Perfeito estado;Faixa de retenção;Não há placas;60 km/h;Única;Faixa seccionada;;
202211667,0;2022-05-23;;1;FINALIZADA;CORDEIRO;AV CAXANGA;2255,0;;EM FRENTE AO PARQUE DE EXPOSIÇÕES DE ANIMAIS DO CORDEIRO.;CORDEIRO;235,0;SUBURBIO;ATROPELAMENTO DE PESSOA;1,0;0,0;0,0;0,0;1,0;1,0;0,0;0,0;0,0;1,0;0,0;Longo da via;Chuvoso;Sem defeito;Perfeito estado;Molhada;Perfeito estado;Não existe;Outras;;Dupla;Faixa seccionada;;
202211669,0;2022-05-23;;1;DUPLICIDADE;CAXANGÁ;AV CAXANGA;;;EM FRENTE A EXPOSOÇAO  DE ANOMAIS / SENT CAMARAGIBE;CAXANGÁ;;;ATROPELAMENTO DE PESSOA;0,0;0,0;0,0;0,0;1,0;1,0;0,0;0,0;0,0;1,0;0,0;;;;;;;;;;;;;
202211671,0;2022-05-23;;1;FINALIZADA;PARNAMIRIM;RUA DA ESTRELA;164,0;;EM FRENTE AO QUARTEL DO EXERCITO;PARNAMIRIM;;SUBURBIO;COLISÃO LATERAL;1,0;1,0;0,0;0,0;0,0;0,0;0,0;0,0;0,0;2,0;0,0;Longo da via;Chuvoso;Não existe;Perfeito estado;Molhada;Perfeito estado;Não existe;Outras;30 km/h;Dupla;Não existe;;
202211683,0;2022-05-23;;1;FINALIZADA;TORRE;RUA JOSE BONIFACIO;851,0;;EM FRENTE A HONDA;TORRE;301,0;SUBURBIO;COLISÃO TRASEIRA;1,0;1,0;0,0;0,0;0,0;0,0;0,0;0,0;0,0;1,0;0,0;Longo da via;Bom;Sem defeito;Perfeito estado;Seca;Perfeito estado;Faixa de pedestre;Não há placas;;Única;Faixa seccionada;;
202211684,0;2022-05-23;;1;FINALIZADA;BOA VISTA;RUA DOM BOSCO;;;EM FRENTE A RADIO PATRULHA;BOA VISTA;;SUBURBIO;COLISÃO TRANSVERSAL;1,0;1,0;0,0;0,0;0,0;0,0;0,0;0,0;0,0;1,0;0,0;Longo da via;Bom;Sem defeito;Perfeito estado;Seca;Perfeito estado;Não existe;Não há placas;40 km/h;Única;Faixa seccionada;;
202211687,0;2022-05-23;;1;FINALIZADA;PINA;RUA MANOEL DE BRITO;243,0;;LADO OPOSTO AO CORPUS MOTEL.;PINA;;CIDADE;COLISÃO COM CICLISTA;1,0;0,0;0,0;1,0;0,0;0,0;0,0;0,0;0,0;1,0;0,0;Longo da via;Bom;Não existe;Perfeito estado;Seca;Perfeito estado;Outros;Não há placas;;Única;Faixa seccionada;;
202211691,0;2022-05-23;;1;CANCELADA;BOA VIAGEM;AV ENGENHEIRO DOMINGOS FERREIRA;;;PROXIMO AO PONTEIO;BOA VIAGEM;;;ATROPELAMENTO DE PESSOA;1,0;0,0;0,0;0,0;1,0;0,0;0,0;0,0;0,0;1,0;0,0;;;;;;;;;;;;;
202211729,0;2022-05-23;;1;CANCELADA;TORRE;RUA JOSE OSORIO;;;E/F A AUTO CAR;TORRE;;;COLISÃO FRONTAL;1,0;1,0;0,0;0,0;0,0;0,0;0,0;0,0;0,0;1,0;0,0;;;;;;;;;;;;;
202211739,0;2022-05-23;;1;CANCELADA;NOVA DESCOBERTA;RUA TEREZA CARNEIRO;;;PROX AO POSTO DE SAUDE;NOVA DESCOBERTA;;;COLISÃO LATERAL;0,0;1,0;0,0;0,0;0,0;0,0;1,0;0,0;0,0;1,0;0,0;;;;;;;;;;;;;
202211746,0;2022-05-23;;1;FINALIZADA;JOANA BEZERRA;VDO PAPA JOAO PAULO II;;;SOBRE O VIADUTO. AO LADO DO TI JOANA BEZERRA.;JOANA BEZERRA;;SUBURBIO;ATROPELAMENTO DE PESSOA;3,0;0,0;0,0;0,0;1,0;0,0;0,0;0,0;0,0;1,0;0,0;Viaduto;Chuvoso;Não existe;Não existente;Molhada;Perfeito estado;Não existe;Não há placas;60 km/h;Única;;;
202211747,0;2022-05-23;;2;CANCELADA;IPUTINGA;AV PROFESSOR MORAES REGO;;;E/F A HAPVIDA;IPUTINGA;;;COLISÃO TRASEIRA;3,0;0,0;0,0;0,0;0,0;0,0;0,0;0,0;0,0;0,0;0,0;;;;;;;;;;;;;
202211777,0;2022-05-24;;2;FINALIZADA;GRAÇAS;RUA AMARO BEZERRA;410,0;RUA JOAQUIM NABUCO;AO LADO DA SODIE DOCES;GRAÇAS;;CIDADE;;1,0;0,0;0,0;0,0;0,0;0,0;0,0;0,0;0,0;0,0;0,0;Longo da via;Chuvoso;Não existe;Perfeito estado;Molhada;Perfeito estado;Não existe;Outras;;Única;Não existe;;
202211825,0;2022-05-24;;1;FINALIZADA;TORRÕES;RUA QUINZE DE MARCO;594,0;RUA VINTE E UM DE ABRIL;PRÓX. À SANTIAGO PETSHOP,  BAR 21 BEER;TORRÕES;;SUBURBIO;CHOQUE;1,0;0,0;0,0;0,0;0,0;0,0;0,0;0,0;0,0;1,0;0,0;Cruzamento;Chuvoso;Não existe;Perfeito estado;Molhada;Mal conservada;Não existe;Não há placas;60 km/h;Dupla;Faixa seccionada;;
202211826,0;2022-05-24;;1;FINALIZADA;IMBIRIBEIRA;AV MARECHAL MASCARENHAS DE MORAES;;PRC MINISTRO SALGADO FILHO;DENTRO DO AEROPORTO NA AREA DE CARGA E DESCARGA;IMBIRIBEIRA;;SUBURBIO;CAPOTAMENTO;1,0;0,0;0,0;0,0;0,0;0,0;0,0;0,0;0,0;1,0;0,0;Longo da via;Chuvoso;Não existe;Perfeito estado;Molhada;Perfeito estado;Não existe;Outras;;Única;Não existe;;
202211834,0;2022-05-24;;1;FINALIZADA;ESTÂNCIA;AV RECIFE;5680,0;RUA LAURA BANDEIRA DE MELO;PRÓXIMO AO ASSAÍ;ESTÂNCIA;705,0;SUBURBIO;COLISÃO LATERAL;0,0;1,0;0,0;0,0;0,0;0,0;1,0;0,0;0,0;1,0;0,0;Cruzamento;Chuvoso;Sem defeito;Perfeito estado;Molhada;Perfeito estado;Agente;R-19;50 km/h;Dupla;Canteiro central;;
202211848,0;2022-05-24;;2;FINALIZADA;BOA VIAGEM;AVENIDA CELSO FURTADO (VIA MANGUE);;;;BOA VIAGEM;;;CAPOTAMENTO;0,0;0,0;0,0;0,0;0,0;0,0;0,0;0,0;0,0;0,0;0,0;;;;;;;;;;;;;
202211852,0;2022-05-24;;1;FINALIZADA;SAN MARTIN;AV CONSUL VILARES FRAGOSO;375,0;;PRÓX A SECRETARIA DE SAUDE;SAN MARTIN;;;COLISÃO LATERAL;1,0;1,0;0,0;0,0;0,0;0,0;0,0;0,0;0,0;1,0;0,0;;;;;;;;;;;;;
202211854,0;2022-05-24;;1;FINALIZADA;VÁRZEA;AV CAXANGA;;AV AFONSO OLINDENSE;SEMÁFORO 568;VÁRZEA;568,0;SUBURBIO;COLISÃO COM CICLISTA;0,0;0,0;0,0;1,0;0,0;1,0;0,0;0,0;0,0;1,0;0,0;Longo da via;Chuvoso;Sem defeito;Perfeito estado;Molhada;Perfeito estado;Faixa de pedestre;Outras;;Dupla;Faixa contínua;;
202211916,0;2022-05-25;;1;FINALIZADA;CASA AMARELA;RUA DA HARMONIA;518,0;;PRÓX AO PLANETA KIDS E IGREJA DA HARMONIA;CASA AMARELA;;SUBURBIO;COLISÃO FRONTAL;2,0;0,0;0,0;0,0;0,0;0,0;0,0;0,0;0,0;1,0;0,0;Longo da via;Chuvoso;Não existe;Perfeito estado;Seca;Perfeito estado;Faixa de pedestre;Outras;30 km/h;Dupla;Faixa contínua;;
202211946,0;2022-05-26;;2;FINALIZADA;BOA VIAGEM;RUA AVIADOR SEVERIANO LINS;;;AO LADO DO NÚMERO 175;BOA VIAGEM;;SUBURBIO;COLISÃO TRANSVERSAL;3,0;0,0;0,0;0,0;0,0;0,0;0,0;0,0;0,0;0,0;0,0;Longo da via;Chuvoso;Não existe;Não existente;Molhada;Perfeito estado;Não existe;Não há placas;;Dupla;Não existe;;
202211948,0;2022-05-26;;2;DUPLICIDADE;BOA VIAGEM;RUA AVIADOR SEVERIANO LINS;;;PROX. AO COLEGIO BOA VIAGEM;BOA VIAGEM;;;COLISÃO TRASEIRA;3,0;0,0;0,0;0,0;0,0;0,0;0,0;0,0;0,0;0,0;0,0;;;;;;;;;;;;;
202211981,0;2022-05-26;;1;FINALIZADA;BARRO;AV DR JOSE RUFINO;2221,0;RUA PALMEIRA;ACIDENTE COM VITIMA;BARRO;539,0;CIDADE;COLISÃO FRONTAL;3,0;0,0;0,0;0,0;0,0;0,0;0,0;0,0;0,0;1,0;0,0;Cruzamento;Bom;Sem defeito;Incompleta;Seca;Mal conservada;Faixa de pedestre;R-6a;40 km/h;Dupla;Faixa contínua;Faixa seccionada;
202211991,0;2022-05-26;;2;FINALIZADA;MADALENA;RUA SPORT CLUBE DO RECIFE;;;EM FRENTE AO SPORT  CLUBE DO RECIFE;MADALENA;481,0;CIDADE;COLISÃO TRASEIRA;3,0;0,0;0,0;0,0;0,0;0,0;0,0;0,0;0,0;0,0;0,0;Longo da via;Bom;Sem defeito;Perfeito estado;Seca;Perfeito estado;Outros;Não há placas;;Dupla;Canteiro central;;
202211999,0;2022-05-26;;1;FINALIZADA;GRAÇAS;AV GOVERNADOR AGAMENON MAGALHAES;;;PRÓX. AO CLUBE PORTUGUÊS;GRAÇAS;;CIDADE;COLISÃO LATERAL;1,0;2,0;0,0;0,0;0,0;0,0;0,0;0,0;0,0;2,0;0,0;Longo da via;Chuvoso;Sem defeito;Perfeito estado;Molhada;Perfeito estado;Faixa de pedestre;Não há placas;;Dupla;Canteiro central;Canal;
202212018,0;2022-05-26;;1;FINALIZADA;ALTO SANTA TERESINHA;RUA PROFESSOR JOSE AMARINO DOS REIS;2322,0;;PRÓX A GRAFICA CACTO;ALTO SANTA TERESINHA;;;COLISÃO FRONTAL;1,0;1,0;0,0;0,0;0,0;0,0;0,0;0,0;0,0;1,0;0,0;Longo da via;Chuvoso;Não existe;Perfeito estado;Molhada;Perfeito estado;Não existe;Não há placas;;Dupla;Faixa seccionada;;
202212019,0;2022-05-26;;1;FINALIZADA;CASA AMARELA;AV DR EURICO CHAVES;171,0;;PRÓX AO BREGOSO BURGUER;CASA AMARELA;;SUBURBIO;COLISÃO FRONTAL;0,0;2,0;0,0;0,0;0,0;0,0;0,0;0,0;0,0;1,0;0,0;Longo da via;Chuvoso;Não existe;Perfeito estado;Molhada;Perfeito estado;Não existe;Não há placas;;Dupla;Faixa seccionada;;
202212050,0;2022-05-27;;1;FINALIZADA;DERBY;AV GOVERNADOR AGAMENON MAGALHAES;;;E/F AO HOSPITAL DA RESTAURAÇÃO;DERBY;174,0;SUBURBIO;COLISÃO TRASEIRA;1,0;1,0;0,0;0,0;0,0;0,0;0,0;0,0;0,0;1,0;0,0;Longo da via;Chuvoso;Sem defeito;Perfeito estado;Molhada;Perfeito estado;Faixa de pedestre;R-6a;60 km/h;Dupla;Canteiro central;;
202212064,0;2022-05-27;;1;FINALIZADA;DERBY;PRC DO DERBY;;RUA JENER DE SOUZA;EM FRNTE O QUARTEL DO DERBY;DERBY;40,0;CIDADE;COLISÃO TRASEIRA;1,0;1,0;0,0;0,0;0,0;0,0;0,0;0,0;0,0;1,0;0,0;Cruzamento;Chuvoso;Sem defeito;Perfeito estado;Molhada;Perfeito estado;Faixa de pedestre;Não há placas;;Única;Faixa contínua;Faixa seccionada;
202212073,0;2022-05-27;;1;FINALIZADA;IMBIRIBEIRA;AV MARECHAL MASCARENHAS DE MORAES;3547,0;;APÓS  O GERALDÃO, SENTIDO CIDADE;IMBIRIBEIRA;289,0;CIDADE;COLISÃO LATERAL;2,0;1,0;0,0;0,0;0,0;0,0;0,0;0,0;0,0;1,0;0,0;Longo da via;Chuvoso;Sem defeito;Perfeito estado;Molhada;Perfeito estado;Outros;Outras;;Dupla;Canteiro central;;