Protocolo;data;hora;natureza;situacao;bairro;endereco;numero;detalhe_endereco_acidente;complemento;bairro_cruzamento;num_semaforo;sentido_via;tipo;auto;moto;ciclom;ciclista;pedestre;onibus;caminhao;viatura;outros;vitimas;vitimasfatais;acidente_verificado;tempo_clima;situacao_semaforo;sinalizacao;condicao_via;conservacao_via;ponto_controle;situacao_placa;velocidade_max_via;mao_direcao;divisao_via1;divisao_via2;divisao_via3
202212074,0;2022-05-27;;1;FINALIZADA;CABANGA;RUA GUTIUBA;175,0;;PROXIMO AO INSTITUTO DAVID NASCIMENTO;CABANGA;;SUBURBIO;COLISÃO FRONTAL;1,0;1,0;0,0;0,0;0,0;0,0;0,0;0,0;0,0;1,0;0,0;Cruzamento;Chuvoso;Não existe;Perfeito estado;Seca;Perfeito estado;Não existe;Não há placas;40 km/h;Dupla;Não existe;;
202212081,0;2022-05-27;;2;FINALIZADA;CORDEIRO;AV GENERAL SAN MARTIN;;RUA GOMES TABORDA;ATACAREJO IDEAL / FARMÁCIA DROGASIL;CORDEIRO;;;COLISÃO LATERAL;2,0;0,0;0,0;0,0;0,0;0,0;0,0;0,0;0,0;0,0;0,0;;;;;;;;;;;;;
202212083,0;2022-05-27;;2;CANCELADA;VÁRZEA;AV AFONSO OLINDENSE;709,0;;E/F A LOJA SANDRO MOTO;VÁRZEA;;;COLISÃO LATERAL;1,0;0,0;0,0;0,0;0,0;0,0;0,0;1,0;0,0;0,0;0,0;;;;;;;;;;;;;
202212084,0;2022-05-27;;1;FINALIZADA;BOA VIAGEM;AV ENGENHEIRO DOMINGOS FERREIRA;;;EM FRENTE A PRAÇA JORNALISTA ANTONIO TEIXEIRA JUNIOR;BOA VIAGEM;;SUBURBIO;ATROPELAMENTO DE PESSOA;0,0;1,0;0,0;0,0;1,0;0,0;0,0;0,0;0,0;1,0;0,0;Longo da via;Chuvoso;;Perfeito estado;Molhada;Mal conservada;Não existe;Outras;;Única;Faixa contínua;Faixa seccionada;
202212211,0;2022-05-30;;1;FINALIZADA;PORTO DA MADEIRA;AV BEBERIBE;3390,0;;EM FRENTE AO ARENA SHOW BAR;PORTO DA MADEIRA;388,0;SUBURBIO;COLISÃO TRANSVERSAL;1,0;1,0;0,0;0,0;0,0;0,0;0,0;0,0;0,0;1,0;0,0;Longo da via;Chuvoso;Sem defeito;Perfeito estado;Molhada;Perfeito estado;Faixa de pedestre;R-6a;;Dupla;Faixa contínua;Faixa seccionada;
202212233,0;2022-05-30;;1;FINALIZADA;DERBY;AV GOVERNADOR AGAMENON MAGALHAES;53,0;RUA HENRIQUE DIAS;EM FRENTE AO INSTITUTO DIAGNOSTICO JOSE ROCHA DE SA;DERBY;68,0;;ATROPELAMENTO DE PESSOA;0,0;0,0;0,0;0,0;1,0;1,0;0,0;0,0;0,0;1,0;0,0;Longo da via;Chuvoso;Sem defeito;Perfeito estado;Molhada;Perfeito estado;Agente;;60 km/h;Dupla;Canal;;
202212259,0;2022-05-30;;1;FINALIZADA;AREIAS;RUA JOSE NATARIO;175,0;;EM FRENTE AO CONSELHO TUTELAR RPA05;AREIAS;;;COLISÃO LATERAL;0,0;1,0;0,0;0,0;0,0;0,0;1,0;0,0;0,0;1,0;0,0;Longo da via;Chuvoso;Não existe;Ilegível;Seca;Perfeito estado;Não existe;R-6a;40 km/h;Dupla;Faixa seccionada;;
202212287,0;2022-05-30;;2;CANCELADA;;AV SUL;;;AO LADO DO FORTE DAS CINCO PONTAS;;;;COLISÃO TRASEIRA;3,0;0,0;0,0;0,0;0,0;0,0;0,0;0,0;0,0;0,0;0,0;;;;;;;;;;;;;
202212325,0;2022-05-31;;1;FINALIZADA;CASA AMARELA;AV NORTE MIGUEL ARRAES DE ALENCAR;5786,0;;PROX. A RETIFICA PADRAO;CASA AMARELA;;CIDADE;COLISÃO TRASEIRA;1,0;1,0;0,0;0,0;0,0;0,0;1,0;0,0;0,0;1,0;0,0;Longo da via;Chuvoso;Sem defeito;Perfeito estado;Molhada;Perfeito estado;Não existe;Não há placas;;Dupla;Faixa seccionada;;
202212372,0;2022-05-31;;1;FINALIZADA;DOIS IRMÃOS;RUA DOIS IRMAOS;;AV DA RECUPERACAO;COM A RUA DA RECUPERAÇÃO (SEMAFORO Nº416;DOIS IRMÃOS;416,0;SUBURBIO;CHOQUE;0,0;0,0;0,0;0,0;0,0;1,0;0,0;0,0;0,0;1,0;0,0;Longo da via;Bom;Sem defeito;Perfeito estado;Molhada;Perfeito estado;Faixa de pedestre;R-6a;;Dupla;Faixa contínua;;
202212377,0;2022-06-01;;1;CANCELADA;ÁGUA FRIA;EST VELHA DE AGUA FRIA;;;PROXIMO A POLICLINICA;ÁGUA FRIA;;;QUEDA;0,0;1,0;0,0;0,0;0,0;0,0;0,0;0,0;0,0;1,0;0,0;;;;;;;;;;;;;
202212378,0;2022-06-01;;2;FINALIZADA;TORRE;RUA CONDE DE IRAJA;108,0;;PRAÇA JOSE TALES FILHO;TORRE;630,0;SUBURBIO;;2,0;0,0;0,0;0,0;0,0;0,0;0,0;0,0;0,0;0,0;0,0;Longo da via;Chuvoso;Sem defeito;Perfeito estado;Molhada;Perfeito estado;Não existe;R-3;;Única;Faixa seccionada;;
202212434,0;2022-06-01;;1;CANCELADA;IMBIRIBEIRA;VIADUTO TANCREDO NEVES;;;BOA VIAGEM / IPSEP;IMBIRIBEIRA;;SUBURBIO;COLISÃO LATERAL;1,0;1,0;0,0;0,0;0,0;0,0;0,0;0,0;0,0;1,0;0,0;;;;;;;;;;;;;
202212444,0;2022-06-01;;1;FINALIZADA;CASA AMARELA;AV NORTE MIGUEL ARRAES DE ALENCAR;0,0;AV NORTE MIGUEL ARRAES DE ALENCAR;PROXIMO A MATERNIDADE BORROS LIMA;CASA AMARELA;;SUBURBIO;ATROPELAMENTO DE PESSOA;0,0;1,0;0,0;0,0;1,0;0,0;0,0;0,0;0,0;1,0;0,0;Longo da via;Bom;Não existe;Perfeito estado;Seca;Perfeito estado;Não existe;Não há placas;;Dupla;Canteiro central;;
202212447,0;2022-06-01;;1;FINALIZADA;IMBIRIBEIRA;AV PINHEIROS;;;AO LADO DO RESIDENCIAL PINHEIROS;IMBIRIBEIRA;;;COLISÃO LATERAL;2,0;0,0;0,0;0,0;0,0;0,0;0,0;0,0;0,0;2,0;0,0;;;;;;;;;;;;;
202212452,0;2022-06-01;;1;CANCELADA;ENCRUZILHADA;AV BEBERIBE;;;ACADEMIA MATCH FIT;ENCRUZILHADA;;;ATROPELAMENTO DE PESSOA;0,0;0,0;0,0;0,0;0,0;1,0;0,0;0,0;0,0;1,0;0,0;;;;;;;;;;;;;
202212456,0;2022-06-02;;1;FINALIZADA;SÃO JOSÉ;AV DANTAS BARRETO;1186,0;RUA SAO JOAO;EM FRENTE AO EDF SAN RAFAEL. AO LADO DA SECRETARIA DA FAZENDA - SEFAZ.;SÃO JOSÉ;54,0;SUBURBIO;COLISÃO TRANSVERSAL;1,0;0,0;0,0;0,0;0,0;1,0;0,0;0,0;0,0;2,0;0,0;Cruzamento;Chuvoso;Sem defeito;Perfeito estado;Molhada;Perfeito estado;Faixa de pedestre;Não há placas;;Dupla;Faixa contínua;;
202212461,0;2022-06-02;;1;FINALIZADA;ILHA DO RETIRO;AV ENGENHEIRO ABDIAS DE CARVALHO;;AV JOSE GONCALVES DE MEDEIROS;EM FRENTE AO CLUBE DO SPORT,  MC DONALDS;ILHA DO RETIRO;355,0;SUBURBIO;COLISÃO COM CICLISTA;0,0;1,0;0,0;1,0;0,0;0,0;0,0;0,0;0,0;2,0;0,0;Cruzamento;Bom;Sem defeito;Perfeito estado;Molhada;Perfeito estado;Faixa de pedestre;Não há placas;60 km/h;Dupla;Canteiro central;;
202212472,0;2022-06-02;;1;FINALIZADA;ENCRUZILHADA;AV NORTE MIGUEL ARRAES DE ALENCAR;2459,0;;ANTES DA AV. JOÃO DE BARROS. LADO OPOSTO AO POSTO SETTA;ENCRUZILHADA;43,0;CIDADE;ATROPELAMENTO DE PESSOA;0,0;1,0;0,0;0,0;1,0;0,0;0,0;0,0;0,0;2,0;0,0;Longo da via;Bom;Sem defeito;Perfeito estado;Seca;Perfeito estado;;R-6a;;Dupla;Blocos;;
202212473,0;2022-06-02;;1;FINALIZADA;PINA;AV ENGENHEIRO DOMINGOS FERREIRA;50,0;AV HERCULANO BANDEIRA;APOS A IGREGINHA;PINA;;SUBURBIO;COLISÃO LATERAL;3,0;1,0;0,0;0,0;0,0;0,0;0,0;0,0;0,0;1,0;0,0;Longo da via;Bom;Não existe;Não existente;Seca;Perfeito estado;Não existe;Não há placas;60 km/h;Única;Não existe;;
202212486,0;2022-06-02;;1;DUPLICIDADE;ENCRUZILHADA;AV NORTE MIGUEL ARRAES DE ALENCAR;;;ANTES DA AV. JOÃO DE BARROS. LADO OPOSTO AO POSTO SETTA;ENCRUZILHADA;;;ATROPELAMENTO DE PESSOA;0,0;1,0;0,0;0,0;1,0;0,0;0,0;0,0;0,0;2,0;0,0;;;;;;;;;;;;;
202212495,0;2022-06-02;;1;FINALIZADA;ENCRUZILHADA;EST DE BELEM;164,0;RUA DONA JULIETA;RUA DONA JULIETA,  PARÓQUIA NS DE BELÉM;ENCRUZILHADA;;CIDADE;QUEDA;0,0;1,0;0,0;0,0;0,0;0,0;0,0;0,0;0,0;2,0;0,0;Longo da via;Bom;Não existe;Perfeito estado;Seca;Perfeito estado;Não existe;R-6a;;Dupla;Faixa contínua;Faixa seccionada;
202212514,0;2022-06-02;;1;FINALIZADA;AREIAS;AV DR JOSE RUFINO;2465,0;;SENTIDO JABOATÃO;AREIAS;;;ATROPELAMENTO DE PESSOA;0,0;1,0;0,0;0,0;1,0;0,0;0,0;0,0;0,0;1,0;0,0;;;;;;;;;;;;;
202212548,0;2022-06-03;;2;FINALIZADA;AREIAS;AV RECIFE;272,0;;LADO OPOSTO CIROL ROYAL;AREIAS;;;CHOQUE;1,0;0,0;0,0;0,0;0,0;0,0;0,0;0,0;0,0;0,0;0,0;Longo da via;Chuvoso;Não existe;Não existente;Molhada;Mal conservada;Não existe;Não há placas;50 km/h;Dupla;Canteiro central;;
202212582,0;2022-06-03;;1;FINALIZADA;PRADO;AV ENGENHEIRO ABDIAS DE CARVALHO;;RUA CARLOS GOMES;CRUZAMENTO DO SEMÁFORO 057;PRADO;57,0;SUBURBIO;COLISÃO TRASEIRA;1,0;1,0;0,0;0,0;0,0;0,0;0,0;0,0;0,0;1,0;0,0;Cruzamento;Chuvoso;Sem defeito;Perfeito estado;Molhada;Perfeito estado;;;60 km/h;Única;Faixa seccionada;;
202212594,0;2022-06-03;;1;FINALIZADA;CAMPO GRANDE;AV GOVERNADOR AGAMENON MAGALHAES;;RUA ODORICO MENDES;PRÓX À CENTRAL DE FLAGRANTES - CEPLANC;CAMPO GRANDE;49,0;CIDADE;COLISÃO TRANSVERSAL;2,0;0,0;0,0;0,0;0,0;0,0;0,0;0,0;0,0;1,0;0,0;Cruzamento;Bom;Sem defeito;Perfeito estado;Seca;Perfeito estado;Faixa de pedestre;Não há placas;60 km/h;Dupla;Faixa contínua;;
202212621,0;2022-06-03;;2;FINALIZADA;IMBIRIBEIRA;RUA ARQUITETO LUIZ NUNES;539,0;;COLISÃO ENTRE  AUTO  / MOTO , CONDUTOR EMBREAGADO -  FIAT / TOURO PLACA QYC1970 - HONDA / CG FAN 125 . REF. POSTO IPIRANGA;IMBIRIBEIRA;;SUBURBIO;COLISÃO TRASEIRA;1,0;1,0;0,0;0,0;0,0;0,0;0,0;0,0;0,0;0,0;0,0;;;;;;;;;;;;;
202212622,0;2022-06-03;;1;FINALIZADA;CASA FORTE;AV DEZESSETE DE AGOSTO;99,0;;LADO OPOSTO À FARMÁCIA PERMANENTE;CASA FORTE;;;COLISÃO LATERAL;1,0;1,0;0,0;0,0;0,0;0,0;0,0;0,0;0,0;1,0;0,0;Longo da via;Bom;Não existe;Perfeito estado;Seca;Perfeito estado;Outros;Outras;;Dupla;Faixa contínua;;
202212630,0;2022-06-03;;1;FINALIZADA;TEJIPIÓ;RUA SARGENTO JUVENCIO;130,0;RUA DO SANCHO;RES. BOSQUE DAS PALMEIRAS / O ACIDENTE OCORREU NA  RUA DO SANCHO;TEJIPIÓ;;;COLISÃO LATERAL;1,0;1,0;0,0;0,0;0,0;0,0;0,0;0,0;0,0;1,0;0,0;;;;;;;;;;;;;
202212639,0;2022-06-03;;1;FINALIZADA;CAXANGÁ;AV CAXANGA;;;EM FRENTE AO TERMINAL INTEGRADO;CAXANGÁ;;SUBURBIO;ENGAVETAMENTO;2,0;0,0;0,0;0,0;0,0;1,0;0,0;0,0;0,0;2,0;0,0;;;;;;;;;;;;;
202212642,0;2022-06-04;;2;FINALIZADA;ENCRUZILHADA;AV BEBERIBE;;;AUTO ESCOLA BELÉM;ENCRUZILHADA;;;COLISÃO TRANSVERSAL;1,0;1,0;0,0;0,0;0,0;0,0;0,0;0,0;0,0;0,0;0,0;;;;;;;;;;;;;
202212643,0;2022-06-04;;1;FINALIZADA;CAMPO GRANDE;RUA JERONIMO VILELA;803,0;AV PROFESSOR JOSE DOS ANJOS;NO CRUZAMENTO PROXIMO AO ESPETINHO;CAMPO GRANDE;642,0;;COLISÃO LATERAL;2,0;0,0;0,0;0,0;0,0;0,0;0,0;0,0;0,0;1,0;0,0;Cruzamento;Chuvoso;Sem defeito;Perfeito estado;Molhada;Perfeito estado;Faixa de pedestre;;40 km/h;Dupla;Canteiro central;;
202212655,0;2022-06-04;;1;CANCELADA;ESPINHEIRO;RUA DR FERNANDO ALLAIN;;;AO LADO DO MARTELINHO DE OURO;ESPINHEIRO;;;COLISÃO LATERAL;1,0;1,0;0,0;0,0;0,0;0,0;0,0;0,0;0,0;1,0;0,0;;;;;;;;;;;;;
202212670,0;2022-06-04;;1;FINALIZADA;PINA;AV HERCULANO BANDEIRA;627,0;;PROCURADORIA REGIONAL DA UNIÃO;PINA;;SUBURBIO;COLISÃO TRASEIRA;1,0;1,0;0,0;0,0;0,0;0,0;0,0;0,0;0,0;1,0;0,0;Longo da via;Chuvoso;Não existe;Perfeito estado;Molhada;Mal conservada;Não existe;R-6a;;Única;Faixa contínua;Faixa seccionada;
202212679,0;2022-06-04;;1;FINALIZADA;AFOGADOS;RUA SAO MIGUEL;685,0;RUA CARVALHO DE MENDONCA;SOB SEMÁFORO 391;AFOGADOS;391,0;CIDADE;COLISÃO LATERAL;1,0;1,0;0,0;0,0;0,0;0,0;0,0;0,0;0,0;1,0;0,0;Esquina;Chuvoso;Sem defeito;Perfeito estado;Molhada;Perfeito estado;Faixa de pedestre;Outras;;Dupla;Faixa contínua;;
202212685,0;2022-06-04;;2;DATA / HORA (PREENCHER);CASA AMARELA;AV NORTE MIGUEL ARRAES DE ALENCAR;991,0;RUA MANDACARU;CASA MÃE MÓVEIS;CASA AMARELA;;CIDADE;;2,0;0,0;0,0;0,0;0,0;0,0;0,0;0,0;0,0;0,0;0,0;Longo da via;Bom;Não existe;Não existente;Seca;Perfeito estado;Não existe;Não há placas;;Única;Não existe;;
202212686,0;2022-06-04;;1;FINALIZADA;CASA AMARELA;AV NORTE MIGUEL ARRAES DE ALENCAR;;COR DO BARTOLOMEU;;CASA AMARELA;79,0;CIDADE;COLISÃO TRANSVERSAL;0,0;2,0;0,0;0,0;0,0;0,0;0,0;0,0;0,0;2,0;0,0;Longo da via;Chuvoso;Sem defeito;Perfeito estado;Molhada;Perfeito estado;Faixa de pedestre;R-6a;;Dupla;Blocos;;
202212711,0;2022-06-05;;1;FINALIZADA;MANGABEIRA;RUA JACOB;306,0;RUA DO CINEMA;RECANTO DA DANDA/SAPA DA DANDA;MANGABEIRA;;SUBURBIO;COLISÃO TRASEIRA;1,0;0,0;0,0;0,0;0,0;0,0;0,0;1,0;0,0;1,0;0,0;Longo da via;Chuvoso;Não existe;Incompleta;Molhada;Perfeito estado;Não existe;Outras;;Dupla;Não existe;;
202212729,0;2022-06-05;;2;FINALIZADA;ÁGUA FRIA;RUA SAO BENTO;325,0;EST VELHA DE AGUA FRIA;POSTO NORTE BRAZ;ÁGUA FRIA;;SUBURBIO;COLISÃO TRASEIRA;2,0;0,0;0,0;0,0;0,0;0,0;0,0;0,0;0,0;0,0;0,0;;Bom;Não existe;Incompleta;Seca;Perfeito estado;;R-6a;;Única;Outros;;
202212739,0;2022-06-05;;1;FINALIZADA;BOA VIAGEM;RUA DEZ DE JULHO;115,0;RUA CAMBOIM;;BOA VIAGEM;;CIDADE;COLISÃO TRANSVERSAL;1,0;1,0;0,0;0,0;0,0;0,0;0,0;0,0;0,0;1,0;0,0;Cruzamento;Bom;Não existe;Perfeito estado;Seca;Perfeito estado;Faixa de pedestre;"Placas ""Pare""";;Única;Faixa seccionada;;
202212767,0;2022-06-05;;1;FINALIZADA;ARRUDA;AV BEBERIBE;975,0;;PRÓXIMO AO CAMPO DO SANTA CRUZ / EM FRENTE AO LOJÃO DO PETRÓLEO;ARRUDA;;SUBURBIO;COLISÃO LATERAL;1,0;1,0;0,0;0,0;0,0;0,0;0,0;0,0;0,0;1,0;0,0;Longo da via;Bom;Não existe;Perfeito estado;Seca;Perfeito estado;Não existe;Não há placas;;Dupla;Faixa seccionada;;
202212790,0;2022-06-06;;1;FINALIZADA;TEJIPIÓ;RUA GENERAL MANUEL RABELO;498,0;;EM FRENTE A PRAÇA DO PACHECO;TEJIPIÓ;;SUBURBIO;COLISÃO COM CICLISTA;1,0;1,0;0,0;1,0;0,0;0,0;0,0;0,0;0,0;3,0;0,0;Longo da via;Chuvoso;Não existe;Perfeito estado;Molhada;Perfeito estado;Não existe;Não há placas;;Dupla;Faixa contínua;;
202212859,0;2022-06-06;;1;CANCELADA;CAXANGÁ;AV CAXANGA;;;VIADUTO BR 101;CAXANGÁ;;SUBURBIO;COLISÃO LATERAL;0,0;0,0;0,0;0,0;0,0;0,0;0,0;0,0;0,0;1,0;0,0;;;;;;;;;;;;;
202212876,0;2022-06-06;;1;FINALIZADA;IPSEP;RUA JEAN EMILE FAVRE;1001,0;;PROXIMO AO POSTO DE GASOLINA BR,  AGROPECUARIA IPSEP;IPSEP;;CIDADE;COLISÃO TRANSVERSAL;1,0;1,0;0,0;0,0;0,0;0,0;0,0;0,0;0,0;1,0;0,0;Longo da via;Chuvoso;Não existe;;Molhada;Perfeito estado;Não existe;R-6a;;Dupla;Faixa contínua;;
202212881,0;2022-06-06;;2;FINALIZADA;MADALENA;AV BEIRA RIO;879,0;RUA JANUARIO BARBOSA;EM FRENTE A O EDFº  QUATRO ESTAÇÕES;MADALENA;;SUBURBIO;;2,0;0,0;0,0;0,0;0,0;0,0;0,0;0,0;0,0;0,0;0,0;Longo da via;Chuvoso;Não existe;Perfeito estado;Molhada;Perfeito estado;Faixa de pedestre;Não há placas;;Dupla;Não existe;;
202212884,0;2022-06-06;;2;FINALIZADA;CIDADE UNIVERSITÁRIA;RUA EMILIANO BRAGA;;;TERMINAL INTEGRADA DO TI CDU;CIDADE UNIVERSITÁRIA;;;COLISÃO LATERAL;1,0;0,0;0,0;0,0;0,0;0,0;1,0;0,0;0,0;0,0;0,0;;;;;;;;;;;;;
202212913,0;2022-06-07;;1;FINALIZADA;CASA AMARELA;AV NORTE MIGUEL ARRAES DE ALENCAR;6465,0;AV NORTE MIGUEL ARRAES DE ALENCAR;EM FRENTE Á POLICLÍNICA BARROS LIMA;CASA AMARELA;256,0;SUBURBIO;COLISÃO TRASEIRA;1,0;1,0;0,0;0,0;0,0;0,0;0,0;0,0;0,0;1,0;0,0;Esquina;Chuvoso;Sem defeito;Perfeito estado;Molhada;Perfeito estado;Faixa de pedestre;R-6a;60 km/h;Dupla;Faixa contínua;Canteiro central;
202212920,0;2022-06-07;;1;FINALIZADA;BOA VISTA;AV GOVERNADOR AGAMENON MAGALHAES;;RUA DOM BOSCO;;BOA VISTA;174,0;SUBURBIO;COLISÃO TRANSVERSAL;1,0;1,0;0,0;0,0;0,0;0,0;0,0;0,0;0,0;1,0;0,0;Cruzamento;Chuvoso;Sem defeito;Incompleta;Molhada;Mal conservada;Agente;;60 km/h;Dupla;Canal;;
202212922,0;2022-06-07;;1;FINALIZADA;MADALENA;RUA JANUARIO BARBOSA;;AV VISCONDE DE ALBUQUERQUE;PRAÇA DE QUEIROZ;MADALENA;;SUBURBIO;COLISÃO LATERAL;1,0;1,0;0,0;0,0;0,0;0,0;0,0;0,0;0,0;1,0;0,0;Cruzamento;Chuvoso;Não existe;Perfeito estado;Molhada;Perfeito estado;Não existe;R-6a;;Única;Faixa seccionada;;
202212927,0;2022-06-07;;2;FINALIZADA;DERBY;AV BEIRA RIO;;;PRAÇA DO COQUE;DERBY;;CIDADE;COLISÃO TRANSVERSAL;0,0;0,0;0,0;0,0;0,0;0,0;0,0;0,0;0,0;0,0;0,0;;;;;;;;;;;;;
202212951,0;2022-06-07;;1;FINALIZADA;ESTÂNCIA;AV DR JOSE RUFINO;846,0;;EM  FRENTE JUNIOR CAR;ESTÂNCIA;;SUBURBIO;COLISÃO LATERAL;1,0;1,0;0,0;0,0;0,0;0,0;0,0;0,0;0,0;1,0;0,0;;;;;;;;;;;;;
202212958,0;2022-06-07;;1;FINALIZADA;CASA FORTE;AV DEZESSETE DE AGOSTO;50,0;;PROX A PRAÇA 17;CASA FORTE;;CIDADE;COLISÃO TRANSVERSAL;1,0;1,0;0,0;0,0;0,0;0,0;0,0;0,0;0,0;1,0;0,0;Longo da via;Bom;Não existe;Perfeito estado;Seca;Perfeito estado;Outros;Outras;;Dupla;Faixa contínua;;
202212966,0;2022-06-07;;1;FINALIZADA;AREIAS;AV RECIFE;1040,0;;PRÓXIMO A CHURRASCARIA PAJUÇARA;AREIAS;;;COLISÃO LATERAL;0,0;1,0;0,0;0,0;0,0;0,0;0,0;1,0;0,0;1,0;0,0;Longo da via;Bom;Não existe;Perfeito estado;Seca;;Não existe;Não há placas;60 km/h;Dupla;Canteiro central;;
202213000,0;2022-06-07;;2;FINALIZADA;VÁRZEA;AV AFONSO OLINDENSE;320,0;;EM FRENTE AO NUMERAL 320;VÁRZEA;;CIDADE;CHOQUE;2,0;0,0;0,0;0,0;0,0;0,0;0,0;0,0;0,0;0,0;0,0;Longo da via;Bom;Sem defeito;Perfeito estado;Seca;Perfeito estado;Faixa de pedestre;R-6a;40 km/h;Única;Faixa seccionada;;
202213002,0;2022-06-07;;1;FINALIZADA;BOA VISTA;RUA GERVASIO PIRES;125,0;AV MANOEL BORBA;;BOA VISTA;169,0;SUBURBIO;COLISÃO TRASEIRA;2,0;0,0;0,0;0,0;0,0;0,0;0,0;0,0;0,0;1,0;0,0;Cruzamento;Bom;Com defeito;Perfeito estado;Seca;Perfeito estado;Faixa de pedestre;;;Única;Faixa contínua;;
202213007,0;2022-06-08;;1;FINALIZADA;FUNDÃO;AV BEBERIBE;2960,0;;PRÓXIMO A PRAÇA DO FUNDÃO;FUNDÃO;;SUBURBIO;COLISÃO FRONTAL;1,0;1,0;0,0;0,0;0,0;0,0;0,0;0,0;0,0;1,0;0,0;Longo da via;Chuvoso;Não existe;Não existente;Molhada;Perfeito estado;Não existe;Não há placas;;Dupla;Canteiro central;;
202213030,0;2022-06-08;;1;FINALIZADA;ILHA DO RETIRO;RUA ASTORGA;70B;EST DOS REMEDIOS;AO LADO DA LOJA CONSUMA EXCELÊNCIA EM TECNOLOGIA.;ILHA DO RETIRO;;CIDADE;COLISÃO LATERAL;1,0;1,0;0,0;0,0;0,0;0,0;0,0;0,0;0,0;1,0;0,0;Longo da via;Bom;Não existe;Perfeito estado;Seca;Perfeito estado;Não existe;Não há placas;30 km/h;Dupla;Não existe;;
202213034,0;2022-06-08;;1;FINALIZADA;ILHA DO RETIRO;RUA SPORT CLUBE DO RECIFE;;RUA PAISSANDU;DO LADO DO ESTÁDIO DO SPORT;ILHA DO RETIRO;367,0;CIDADE;COLISÃO LATERAL;0,0;0,0;0,0;0,0;0,0;0,0;0,0;0,0;0,0;1,0;0,0;;;;;;;;;;;;;
202213065,0;2022-06-08;;2;FINALIZADA;SÃO JOSÉ;RUA BARAO DA VITORIA;487,0;;EM FRENTE A OFICINA DISNOVE YAMAHA;SÃO JOSÉ;;;COLISÃO TRASEIRA;1,0;0,0;0,0;0,0;0,0;0,0;0,0;1,0;0,0;0,0;0,0;Longo da via;Bom;Sem defeito;Perfeito estado;Seca;Perfeito estado;Não existe;Não há placas;;Única;Não existe;;
202213070,0;2022-06-08;;2;FINALIZADA;;AV CAXANGA;;RUA GENERAL POLIDORO;REEF ACADEMIA;;231,0;CIDADE;COLISÃO TRANSVERSAL;2,0;0,0;0,0;0,0;0,0;0,0;0,0;0,0;0,0;0,0;0,0;Cruzamento;Bom;Sem defeito;Perfeito estado;Seca;Perfeito estado;Faixa de pedestre;Outras;60 km/h;Dupla;Canteiro central;;
202213073,0;2022-06-08;;2;FINALIZADA;SANTO AMARO;AV CRUZ CABUGA;165,0;RUA CAPITAO LIMA;OPOSTO A IGREJA INTERNACIONAL DA GRAÇA DE DEUS;SANTO AMARO;;SUBURBIO;;0,0;0,0;0,0;0,0;0,0;1,0;0,0;1,0;0,0;0,0;0,0;Cruzamento;Bom;Não existe;Perfeito estado;Seca;Perfeito estado;Faixa de retenção;"Placas ""Pare""";;Dupla;Faixa contínua;;
202213075,0;2022-06-08;;1;CANCELADA;PINA;AV HERCULANO BANDEIRA;825,0;;APOS A PONTE DO PINA PROX A PASSARELA;PINA;;;COLISÃO FRONTAL;1,0;1,0;0,0;0,0;0,0;0,0;0,0;0,0;0,0;1,0;0,0;;;;;;;;;;;;;
202213081,0;2022-06-08;;1;FINALIZADA;IPUTINGA;AV CAXANGA;3860,0;;EM FRENTEAO HOSPITAL BARÃO DE LUSENA;IPUTINGA;;SUBURBIO;ATROPELAMENTO DE PESSOA;1,0;1,0;0,0;0,0;1,0;0,0;0,0;0,0;0,0;1,0;0,0;Longo da via;Bom;Não existe;Perfeito estado;Seca;Perfeito estado;Não existe;Não há placas;60 km/h;Única;Faixa seccionada;;
202213116,0;2022-06-08;;1;FINALIZADA;BOA VIAGEM;AV BOA VIAGEM;914,0;;EM FRENTE AO EDIFICIO MANTO SAGRADO. EDF NOSSA SENHORA DE COPACABANA (914);BOA VIAGEM;;CIDADE;COLISÃO TRASEIRA;1,0;1,0;0,0;0,0;0,0;0,0;0,0;0,0;0,0;1,0;0,0;Longo da via;Bom;Sem defeito;Perfeito estado;Seca;Perfeito estado;Faixa de pedestre;Não há placas;60 km/h;Única;;;
202213119,0;2022-06-08;;1;FINALIZADA;SÃO JOSÉ;AV DANTAS BARRETO;1090,0;;EM FRENTE AO ANTIGO SANTADER. PRÓXIMO AO CAMELÓDROMO.;SÃO JOSÉ;;SUBURBIO;ATROPELAMENTO DE PESSOA;0,0;0,0;0,0;0,0;1,0;1,0;0,0;0,0;0,0;1,0;0,0;Longo da via;Bom;Não existe;Perfeito estado;Seca;Perfeito estado;Não existe;Outras;;Dupla;Faixa contínua;;
202213123,0;2022-06-08;;1;FINALIZADA;GRAÇAS;RUA ALBERTO PAIVA;;AV RUI BARBOSA;MUSEU DO ESTADO DE PERNAMBUCO;GRAÇAS;;SUBURBIO;COLISÃO TRASEIRA;1,0;1,0;0,0;0,0;0,0;0,0;0,0;0,0;0,0;1,0;0,0;Longo da via;Bom;Não existe;Perfeito estado;Seca;Perfeito estado;Não existe;R-6a;;Única;Faixa seccionada;;
202213138,0;2022-06-09;;1;FINALIZADA;SÍTIO DOS PINTOS;EST DOS PINTOS;23,0;;PANIFICADORA NOVA OPÇÃO. EM FRENTE À IGREJA DEUS É AMOR.;SÍTIO DOS PINTOS;;DOIS IRMÃOS;COLISÃO FRONTAL;0,0;1,0;0,0;0,0;0,0;1,0;0,0;0,0;0,0;1,0;0,0;Longo da via;Nublado;Não existe;Incompleta;Seca;Perfeito estado;Não existe;Outras;;Dupla;Não existe;;