Protocolo;data;hora;natureza;situacao;bairro;endereco;numero;detalhe_endereco_acidente;complemento;bairro_cruzamento;num_semaforo;sentido_via;tipo;auto;moto;ciclom;ciclista;pedestre;onibus;caminhao;viatura;outros;vitimas;vitimasfatais;acidente_verificado;tempo_clima;situacao_semaforo;sinalizacao;condicao_via;conservacao_via;ponto_controle;situacao_placa;velocidade_max_via;mao_direcao;divisao_via1;divisao_via2;divisao_via3
202213139,0;2022-06-09;;1;FINALIZADA;TEJIPIÓ;AV DR JOSE RUFINO;;;EM FRENTE À ESTAÇÃO DO METRÔ DE TEJIPIÓ;TEJIPIÓ;434,0;SUBURBIO;COLISÃO TRANSVERSAL;1,0;1,0;0,0;0,0;0,0;0,0;0,0;0,0;0,0;1,0;0,0;Longo da via;Bom;Sem defeito;Incompleta;Seca;Perfeito estado;Faixa de pedestre;;;;Faixa contínua;;
202213211,0;2022-06-09;;1;CANCELADA;CORDEIRO;AV CAXANGA;;;MOTO ATROPELOU UM ADOLESCENTE  NA FRENTE DA ESPOSIÇÃO DO CORDEIRO;CORDEIRO;;SUBURBIO;ATROPELAMENTO DE PESSOA;0,0;1,0;0,0;0,0;1,0;0,0;0,0;0,0;0,0;1,0;0,0;;;;;;;;;;;;;
202213212,0;2022-06-09;;1;CANCELADA;PINA;AV ENGENHEIRO DOMINGOS FERREIRA;1274,0;;E/F A CASA PRONTA, COLISAO ENTRE AUTO E ONIBUS E CICLISTA  COM UMA VITINMA ,  -  PGQ 7710 ONIBUS DA BORBOREMA / PCI 2794 ETIOS;PINA;;SUBURBIO;COLISÃO FRONTAL;1,0;0,0;0,0;1,0;0,0;1,0;0,0;0,0;0,0;1,0;0,0;;;;;;;;;;;;;
202213216,0;2022-06-09;;1;FINALIZADA;CAXANGÁ;RUA RIBEIRO PESSOA;324,0;;PROX A UPA DA CAXANGA. CONDOMÍNIO FICOS BENJAMIN;CAXANGÁ;;SUBURBIO;COLISÃO TRANSVERSAL;1,0;1,0;0,0;0,0;0,0;0,0;0,0;0,0;0,0;1,0;0,0;Longo da via;Bom;Não existe;Perfeito estado;Seca;Perfeito estado;;;60 km/h;Dupla;Faixa seccionada;;
202213231,0;2022-06-09;;1;FINALIZADA;ESTÂNCIA;AV DR JOSE RUFINO;892,0;;LADO OPOSTO A HONDA SENTIDO JABOATÃO. EREM JOSÉ MARIANO;ESTÂNCIA;;SUBURBIO;ATROPELAMENTO DE PESSOA;1,0;0,0;0,0;0,0;1,0;0,0;0,0;0,0;0,0;1,0;0,0;Longo da via;Bom;Sem defeito;Perfeito estado;Seca;Perfeito estado;Faixa de pedestre;Outras;50 km/h;Dupla;Faixa contínua;;
202213234,0;2022-06-10;;1;FINALIZADA;BOA VIAGEM;AV BOA VIAGEM;5212,0;;EM FRENTE AO EDFÍCIO TRANSATLANTICO;BOA VIAGEM;;CIDADE;COLISÃO LATERAL;5,0;0,0;0,0;0,0;0,0;0,0;0,0;0,0;0,0;1,0;0,0;Longo da via;Bom;Não existe;Perfeito estado;Seca;Perfeito estado;Não existe;Não há placas;;Única;Faixa seccionada;;
202213242,0;2022-06-10;;2;FINALIZADA;BOA VIAGEM;RUA FRANCISCO DA CUNHA;;RUA PROFESSOR JOSE BRANDAO;PROX AO COLEGIO CBV;BOA VIAGEM;;;COLISÃO LATERAL;2,0;0,0;0,0;0,0;1,0;0,0;0,0;0,0;0,0;0,0;0,0;;;;;;;;;;;;;
202213262,0;2022-06-10;;1;FINALIZADA;SANTO AMARO;AV GOVERNADOR AGAMENON MAGALHAES;118A;;NA DESCIDA DO VIADUTO DA JOAO DE BARROS. EM FRENTE À UPE;SANTO AMARO;;SUBURBIO;COLISÃO LATERAL;1,0;1,0;0,0;0,0;0,0;0,0;0,0;0,0;0,0;1,0;0,0;Viaduto;Bom;Não existe;Não existente;Seca;Perfeito estado;Não existe;Outras;;Dupla;Canteiro central;;
202213269,0;2022-06-10;;1;FINALIZADA;CAMPO GRANDE;AV GOVERNADOR AGAMENON MAGALHAES;;RUA ODORICO MENDES;;CAMPO GRANDE;49,0;CIDADE;COLISÃO TRANSVERSAL;2,0;0,0;0,0;1,0;0,0;0,0;0,0;0,0;0,0;2,0;0,0;Cruzamento;Bom;Com defeito;Perfeito estado;Seca;Perfeito estado;Outros;Outras;;Dupla;Faixa contínua;;
202213290,0;2022-06-10;;1;FINALIZADA;SANTO AMARO;RUA DOS PALMARES;;RUA ARNOBIO MARQUES;AO LADO DO HOSPITAL DO PROCAPE;SANTO AMARO;;SUBURBIO;COLISÃO TRANSVERSAL;1,0;1,0;0,0;0,0;0,0;0,0;0,0;0,0;0,0;1,0;0,0;Cruzamento;Bom;Não existe;Perfeito estado;Seca;Perfeito estado;Não existe;Não há placas;60 km/h;Única;Faixa seccionada;;
202213298,0;2022-06-10;;1;FINALIZADA;SANTO AMARO;RUA DA AURORA;703,0;;EM FRENTE COLEGIO GINASIO PERNAMBUCANO;SANTO AMARO;429,0;SUBURBIO;COLISÃO TRASEIRA;2,0;0,0;0,0;0,0;0,0;2,0;0,0;0,0;0,0;3,0;0,0;Longo da via;Bom;Sem defeito;Perfeito estado;Seca;Perfeito estado;Não existe;R-6a;;Única;Canteiro central;;
202213314,0;2022-06-10;;1;FINALIZADA;BOA VIAGEM;RUA DOS NAVEGANTES;4558,0;RUA CORONEL BENEDITO CHAVES;POR TRÁS DO CASTELINHO;BOA VIAGEM;;SUBURBIO;COLISÃO TRANSVERSAL;1,0;1,0;0,0;0,0;0,0;0,0;0,0;0,0;0,0;2,0;0,0;Cruzamento;Bom;Sem defeito;Perfeito estado;Seca;Perfeito estado;;"Placas ""Pare""";;Única;Não existe;;
202213316,0;2022-06-10;;1;FINALIZADA;CASA AMARELA;AV NORTE MIGUEL ARRAES DE ALENCAR;;;EM FRENTE AO SESC;CASA AMARELA;364,0;SUBURBIO;COLISÃO TRANSVERSAL;1,0;1,0;0,0;0,0;0,0;0,0;0,0;0,0;0,0;1,0;0,0;Longo da via;Bom;Sem defeito;Perfeito estado;Seca;Perfeito estado;Faixa de pedestre;"Placas ""Pare""";;Dupla;Canteiro central;;
202213317,0;2022-06-10;;1;FINALIZADA;JORDÃO;AV MARIA IRENE;26,0;RUA ANTONIO ROCHA;EM FRENTE AO MARTELINO DE OURO;JORDÃO;;SUBURBIO;COLISÃO FRONTAL;1,0;1,0;0,0;0,0;0,0;0,0;0,0;0,0;0,0;1,0;0,0;Esquina;Bom;Não existe;Não existente;Molhada;Mal conservada;;Não há placas;30 km/h;Dupla;Faixa contínua;;
202213325,0;2022-06-11;;1;FINALIZADA;IMBIRIBEIRA;AV MARECHAL MASCARENHAS DE MORAES;;;JUSTIÇA DO TRABALHO. SOB VIADUTO TANCREDO NEVES;IMBIRIBEIRA;;CIDADE;ATROPELAMENTO DE PESSOA;0,0;0,0;0,0;0,0;1,0;1,0;0,0;0,0;0,0;1,0;0,0;Longo da via;Chuvoso;Não existe;;Molhada;;Não existe;Não há placas;;Única;Faixa seccionada;;
202213372,0;2022-06-11;;2;FINALIZADA;ALTO SANTA TERESINHA;RUA TAMBOARA;548,0;;PERTO DA ANTENA DA TIM;ALTO SANTA TERESINHA;;;COLISÃO TRASEIRA;1,0;1,0;0,0;0,0;0,0;0,0;0,0;0,0;0,0;0,0;0,0;Longo da via;Chuvoso;Não existe;Não existente;Molhada;Perfeito estado;Não existe;Não há placas;;Dupla;;;
202213373,0;2022-06-11;;1;FINALIZADA;HIPÓDROMO;RUA MADRE ROSA GATTORNO;110,0;;PROXIMO Á PRAÇA DO HIPÓDROMO;HIPÓDROMO;;;COLISÃO LATERAL;1,0;1,0;0,0;0,0;0,0;0,0;0,0;0,0;0,0;1,0;0,0;;;;;;;;;;;;;
202213374,0;2022-06-11;;1;FINALIZADA;MUSTARDINHA;AV MANOEL GONCALVES DA LUZ;272,0;;PROXIMO AO ARMAZEM POPULAR;MUSTARDINHA;;SUBURBIO;COLISÃO LATERAL;1,0;1,0;0,0;0,0;0,0;0,0;0,0;0,0;0,0;1,0;0,0;Longo da via;Chuvoso;Não existe;Incompleta;Molhada;Mal conservada;Não existe;R-6a;;Dupla;Faixa seccionada;;
202213388,0;2022-06-11;;1;FINALIZADA;JAQUEIRA;RUA PADRE ROMA;;RUA DO FUTURO;ANTES DO HOSPITAL ALBERT SABIN NO SEMAFORO 223;JAQUEIRA;223,0;SUBURBIO;COLISÃO COM CICLISTA;0,0;0,0;0,0;1,0;0,0;1,0;0,0;0,0;0,0;1,0;0,0;Longo da via;Chuvoso;Sem defeito;Perfeito estado;Molhada;Perfeito estado;Faixa de retenção;R-4b;;Dupla;Canteiro central;;
202213393,0;2022-06-11;;1;FINALIZADA;AFOGADOS;EST DOS REMEDIOS;;;EM FRENTE AO RACE RODAS;AFOGADOS;;;COLISÃO TRASEIRA;2,0;0,0;0,0;0,0;0,0;0,0;0,0;0,0;0,0;1,0;0,0;;;;;;;;;;;;;
202213404,0;2022-06-12;;1;FINALIZADA;SANTO AMARO;AV DR JAYME DA FONTE;;RUA MARIO ALBUQUERQUE CAVALCANTI;RUA DA COMPESA;SANTO AMARO;;SUBURBIO;ATROPELAMENTO DE PESSOA;1,0;0,0;0,0;0,0;1,0;0,0;0,0;0,0;0,0;1,0;0,0;Longo da via;Bom;Não existe;Perfeito estado;Seca;Perfeito estado;Não existe;Não há placas;;Dupla;Faixa seccionada;Canteiro central;
202213423,0;2022-06-12;;1;FINALIZADA;PINA;RUA ARTUR MUNIZ;602,0;;EM FRENTE A NAU FRUTOS DO MAR;PINA;;CIDADE;CHOQUE;1,0;1,0;0,0;0,0;0,0;0,0;0,0;0,0;0,0;1,0;0,0;Longo da via;Bom;Não existe;Não existente;Seca;Perfeito estado;Não existe;Não há placas;30 km/h;Dupla;Não existe;;
202213424,0;2022-06-12;;1;FINALIZADA;MADALENA;RUA REAL DA TORRE;538,0;RUA DR ARTUR GONCALVES;EM FRENTE AO MERCADO DA MADALENA;MADALENA;;CIDADE;COLISÃO TRANSVERSAL;2,0;0,0;0,0;0,0;0,0;0,0;0,0;0,0;0,0;1,0;0,0;Longo da via;Bom;Não existe;Perfeito estado;Seca;Perfeito estado;Não existe;R-6a;;Única;Faixa seccionada;;
202213453,0;2022-06-12;;1;FINALIZADA;IMBIRIBEIRA;AV MARECHAL MASCARENHAS DE MORAES;841,0;;EM FRENTE A D MAGAZINE;IMBIRIBEIRA;;CIDADE;COLISÃO LATERAL;2,0;0,0;0,0;0,0;0,0;0,0;0,0;0,0;0,0;1,0;0,0;Cruzamento;Bom;Sem defeito;Perfeito estado;Seca;Perfeito estado;Faixa de pedestre;Não há placas;;Dupla;Canteiro central;;
202213455,0;2022-06-12;;1;FINALIZADA;TOTÓ;AV LIBERDADE;1420,0;;PRESIDIO ANIBAL BRUNO;TOTÓ;;CIDADE;ATROPELAMENTO DE PESSOA;1,0;0,0;0,0;0,0;1,0;0,0;0,0;0,0;0,0;1,0;0,0;;;;;;;;;;;;;
202213456,0;2022-06-12;;1;FINALIZADA;BOMBA DO HEMETÉRIO;RUA ARLINDO CISNEIRO;20,0;;ACADEMIA CIA DO CORPO;BOMBA DO HEMETÉRIO;;SUBURBIO;ATROPELAMENTO DE PESSOA;1,0;0,0;0,0;0,0;2,0;0,0;0,0;0,0;0,0;2,0;0,0;Rotatória;Bom;Não existe;Incompleta;Seca;Perfeito estado;Não existe;Não há placas;;Dupla;Não existe;;
202213458,0;2022-06-12;;1;FINALIZADA;CORDEIRO;EST DO FORTE DO ARRAIAL N. DO B. JESUS;750,0;RUA DR MIGUEL VIEIRA FERREIRA;SEMAFARO 249;CORDEIRO;249,0;SUBURBIO;COLISÃO FRONTAL;1,0;1,0;0,0;0,0;0,0;0,0;0,0;0,0;0,0;1,0;0,0;Cruzamento;Bom;Sem defeito;Perfeito estado;Seca;Perfeito estado;Faixa de pedestre;Não há placas;30 km/h;Dupla;Faixa contínua;;
202213459,0;2022-06-13;;2;FINALIZADA;SANTO AMARO;AV GOVERNADOR AGAMENON MAGALHAES;;;PRÓXIMO AO SHOPPING TACARUNA, PISTA LOCAL;SANTO AMARO;;SUBURBIO;CHOQUE;0,0;0,0;0,0;0,0;0,0;0,0;0,0;1,0;0,0;0,0;0,0;Longo da via;Bom;Não existe;Não existente;Seca;Perfeito estado;Não existe;Não há placas;30KM/H;Única;;;
202213468,0;2022-06-13;;2;FINALIZADA;AFOGADOS;RUA DORMENTOS;;RUA IMPERIAL;PROX. AO DEPOSITO SUPERGAS;AFOGADOS;;;COLISÃO TRASEIRA;2,0;0,0;0,0;0,0;0,0;0,0;0,0;0,0;0,0;0,0;0,0;Longo da via;Bom;Não existe;Perfeito estado;Seca;Perfeito estado;Não existe;Não há placas;;Única;Faixa seccionada;;
202213473,0;2022-06-13;;1;FINALIZADA;PINA;AVENIDA CELSO FURTADO (VIA MANGUE);;;NA PONTE DE ACESSO AO BIGBOMPREÇO. PRÓXIMO AO VIADUTO DOM JOÃO VI.;PINA;;SUBURBIO;COLISÃO TRASEIRA;0,0;2,0;0,0;0,0;0,0;0,0;0,0;0,0;0,0;2,0;0,0;Viaduto;Bom;Não existe;Perfeito estado;Seca;Perfeito estado;Não existe;Não há placas;60 km/h;Única;Faixa seccionada;;
202213500,0;2022-06-13;;2;FINALIZADA;BOA VIAGEM;RUA PROFESSOR JOAO MEDEIROS;;RUA ERNESTO DE PAULA SANTOS;PROX A DROGASIL;BOA VIAGEM;;;COLISÃO LATERAL;1,0;0,0;0,0;0,0;0,0;0,0;1,0;0,0;0,0;0,0;0,0;Esquina;Bom;Sem defeito;Perfeito estado;Seca;Perfeito estado;Faixa de pedestre;;;Única;Faixa seccionada;;
202213502,0;2022-06-13;;2;FINALIZADA;BOA VIAGEM;RUA CONEGO ROMEU;;;EM FRENTE AO ARMAZEM ECOSEL;BOA VIAGEM;;;COLISÃO TRANSVERSAL;1,0;0,0;0,0;0,0;0,0;0,0;0,0;1,0;0,0;0,0;0,0;Longo da via;Bom;Não existe;Incompleta;Seca;Mal iluminada;Não existe;Não há placas;40KM/H;Dupla;Faixa contínua;;
202213521,0;2022-06-13;;2;FINALIZADA;CAMPO GRANDE;1TR MARQUES DE BAIPENDI;;;ATRAS DO CAMPO DO SANTA CRUZ;CAMPO GRANDE;;SUBURBIO;COLISÃO LATERAL;1,0;0,0;0,0;0,0;0,0;0,0;0,0;1,0;0,0;0,0;0,0;Cruzamento;Bom;Sem defeito;Perfeito estado;Seca;Perfeito estado;Faixa de pedestre;Não há placas;;Dupla;Faixa contínua;;
202213531,0;2022-06-13;;1;CANCELADA;IPSEP;AV RAIMUNDO DINIZ;;AV RECIFE;PROXIMIDADES DO SEMÁFORO Nº 247;IPSEP;247,0;SUBURBIO;COLISÃO TRASEIRA;0,0;0,0;0,0;0,0;0,0;0,0;0,0;0,0;0,0;1,0;0,0;;;;;;;;;;;;;
202213556,0;2022-06-14;;1;FINALIZADA;BONGI;AV ENGENHEIRO ABDIAS DE CARVALHO;;RUA CARLOS GOMES;EM FRENTE À BIG CAR;BONGI;57,0;CIDADE;COLISÃO COM CICLISTA;0,0;1,0;0,0;1,0;0,0;0,0;0,0;0,0;0,0;1,0;0,0;Cruzamento;Bom;Sem defeito;Perfeito estado;Seca;Perfeito estado;Não existe;Não há placas;30 km/h;Única;Não existe;;
202213562,0;2022-06-14;;1;FINALIZADA;IBURA;AV DOIS RIOS;673,0;;EM FRENTE À IGREJA UNIVERSAL;IBURA;;SUBURBIO;COLISÃO LATERAL;0,0;1,0;0,0;0,0;0,0;0,0;1,0;0,0;0,0;1,0;0,0;Longo da via;Bom;Sem defeito;Ilegível;Seca;Mal conservada;;;;Dupla;Não existe;;
202213583,0;2022-06-14;;1;FINALIZADA;JARDIM SÃO PAULO;AV SAO PAULO;625,0;;EM FRENTE A FARMACIA PAGUE MENOS;JARDIM SÃO PAULO;;CIDADE;COLISÃO LATERAL;1,0;1,0;0,0;0,0;0,0;0,0;0,0;0,0;0,0;1,0;0,0;Longo da via;Bom;Não existe;Incompleta;Seca;Perfeito estado;Não existe;Não há placas;;Dupla;Não existe;;
202213585,0;2022-06-14;;1;FINALIZADA;IPUTINGA;AV CAXANGA;;EST DO BARBALHO;EM FRENTE AO BIGBOMPREÇO;IPUTINGA;533,0;SUBURBIO;COLISÃO TRANSVERSAL;0,0;2,0;0,0;0,0;0,0;0,0;0,0;0,0;0,0;3,0;0,0;Cruzamento;Bom;Sem defeito;Perfeito estado;Seca;Perfeito estado;Agente;Não há placas;60 km/h;Única;Canteiro central;;
202213591,0;2022-06-14;;2;FINALIZADA;CORDEIRO;AV GENERAL SAN MARTIN;;RUA GOMES TABORDA;AO LADO DO MERCADINHO IDEAL;CORDEIRO;67,0;;COLISÃO TRASEIRA;1,0;0,0;0,0;0,0;0,0;0,0;1,0;0,0;0,0;0,0;0,0;Cruzamento;Bom;Sem defeito;Ilegível;Seca;Mal conservada;Faixa de pedestre;Não há placas;;Dupla;Não existe;;
202213592,0;2022-06-14;;1;FINALIZADA;CORDEIRO;AV GENERAL SAN MARTIN;;;EM FRENTE AO CENTRO DE DISTRIBUIÇÃO DOS CORREIOS.;CORDEIRO;;CORDEIRO;COLISÃO TRASEIRA;0,0;2,0;0,0;0,0;0,0;0,0;0,0;0,0;0,0;1,0;0,0;Longo da via;Bom;Não existe;Perfeito estado;Seca;Perfeito estado;Não existe;Não há placas;40 km/h;Dupla;Faixa contínua;;
202213594,0;2022-06-14;;1;FINALIZADA;CAMPO GRANDE;RUA PROFESSOR FRANCISCO DA TRINDADE;290,0;RUA SAO CAETANO;DUAS RUAS POR TRAS DO CLUBE DAS PAZ;CAMPO GRANDE;;SUBURBIO;COLISÃO TRANSVERSAL;2,0;0,0;0,0;0,0;0,0;0,0;0,0;0,0;0,0;1,0;0,0;Não informado;Bom;Não existe;Não existente;Seca;Perfeito estado;Não existe;Não há placas;;Dupla;Não existe;;
202213603,0;2022-06-14;;1;FINALIZADA;CORDEIRO;AV CAXANGA;;;CANAL DO CAVOUCO;CORDEIRO;;SUBURBIO;COLISÃO TRASEIRA;1,0;1,0;0,0;0,0;0,0;0,0;0,0;0,0;0,0;2,0;0,0;Longo da via;Bom;Não existe;Perfeito estado;Seca;Perfeito estado;Não existe;Não há placas;;Dupla;Canteiro central;;
202213618,0;2022-06-14;;1;FINALIZADA;MANGUEIRA;RUA DR JOAO ELISIO;294,0;RUA HORIZONTINA;EM FRENTE A PADARIA SANTO ANTONIO;MANGUEIRA;;SUBURBIO;COLISÃO TRANSVERSAL;0,0;2,0;0,0;0,0;0,0;0,0;0,0;0,0;0,0;2,0;0,0;Longo da via;Bom;Não existe;Ilegível;Seca;Mal conservada;Não existe;Não há placas;;Dupla;Não existe;;
202213642,0;2022-06-15;;1;FINALIZADA;BEBERIBE;AV BEBERIBE;4024,0;;EM FRENTE AO REI DO ARRUMADINHO;BEBERIBE;;CIDADE;COLISÃO LATERAL;0,0;2,0;0,0;0,0;0,0;0,0;0,0;0,0;0,0;3,0;0,0;Longo da via;Bom;Não existe;Perfeito estado;Seca;Perfeito estado;Outros;Não há placas;;Dupla;Faixa contínua;Faixa seccionada;
202213652,0;2022-06-15;;1;FINALIZADA;BOA VIAGEM;AV ENGENHEIRO DOMINGOS FERREIRA;;RUA CORONEL BENEDITO CHAVES;EM FRENTE AO DRIVE THRU DA MC DONALDS;BOA VIAGEM;128,0;SUBURBIO;COLISÃO TRASEIRA;1,0;1,0;0,0;0,0;0,0;0,0;0,0;0,0;0,0;1,0;0,0;Cruzamento;Bom;Sem defeito;Perfeito estado;Seca;Perfeito estado;Faixa de pedestre;Outras;60 km/h;Única;Faixa contínua;;
202213662,0;2022-06-15;;1;FINALIZADA;MADALENA;AV CAXANGA;;RUA JOAO IVO DA SILVA;PROX AO MUSEU DA ABOLIÇÃO. BANCO BRADESCO;MADALENA;257,0;CIDADE;COLISÃO TRANSVERSAL;0,0;2,0;0,0;0,0;0,0;0,0;0,0;0,0;0,0;2,0;0,0;Cruzamento;Bom;Sem defeito;Perfeito estado;Seca;Perfeito estado;Outros;Não há placas;60 km/h;Única;Faixa contínua;;
202213671,0;2022-06-15;;2;FINALIZADA;CORDEIRO;RUA OCIDENTAL;109,0;RUA XAVIER DE BRITO;PROX AO CANAL DO CAVOCO;CORDEIRO;;;COLISÃO LATERAL;1,0;1,0;0,0;0,0;0,0;0,0;0,0;0,0;0,0;0,0;0,0;Cruzamento;Bom;Não existe;Não existente;Seca;Perfeito estado;Não existe;Não há placas;30KM/H;Única;Canteiro central;;
202213674,0;2022-06-15;;2;FINALIZADA;DERBY;PRC DO DERBY;;;PRAÇA DO DERBY - ESTAÇÃO DO BRT;DERBY;;SUBURBIO;COLISÃO LATERAL;0,0;0,0;0,0;0,0;0,0;1,0;0,0;1,0;0,0;0,0;0,0;Longo da via;Bom;Não existe;Perfeito estado;Seca;Perfeito estado;Não existe;Não há placas;50KM/H;Dupla;Canteiro central;;
202213675,0;2022-06-15;;1;FINALIZADA;TORRE;RUA PROFESSOR TRAJANO DE MENDONCA;200,0;;EM FRENTE AO POSTO SHEL DA REAL TORRE;TORRE;;CIDADE;COLISÃO LATERAL;2,0;1,0;0,0;0,0;0,0;0,0;0,0;0,0;0,0;1,0;0,0;Longo da via;Bom;Não existe;Perfeito estado;Seca;Perfeito estado;Não existe;R-6a;;Única;Faixa seccionada;;
202213696,0;2022-06-15;;1;FINALIZADA;SANTO AMARO;RUA FRANCISCO JACINTO;366,0;;AO LADO DA IGREJA BATISTA CENTRAL, PRÓXIMO À DELEGACIA DE POLICIA CIVIL;SANTO AMARO;;CIDADE;COLISÃO TRANSVERSAL;1,0;1,0;0,0;0,0;0,0;0,0;0,0;0,0;0,0;1,0;0,0;Longo da via;Bom;Não existe;Não existente;Seca;Perfeito estado;Não existe;Não há placas;;Dupla;Não existe;;
202213700,0;2022-06-15;;2;FINALIZADA;IMBIRIBEIRA;AV PRESIDENTE DUTRA;;;NA FRENTE DO SAL E BRASA;IMBIRIBEIRA;;;COLISÃO TRASEIRA;2,0;0,0;0,0;0,0;0,0;0,0;0,0;1,0;0,0;0,0;0,0;;;;;;;;;;;;;
202213705,0;2022-06-15;;1;FINALIZADA;SAN MARTIN;AV GENERAL SAN MARTIN;2482,0;;EM FRENTE A CLINICA AMOR DE BICHO. FERRO VELHO REI DA SUCATA.;SAN MARTIN;;SUL;COLISÃO COM CICLISTA;1,0;0,0;0,0;1,0;0,0;0,0;0,0;0,0;0,0;1,0;0,0;Longo da via;Bom;Não existe;Perfeito estado;Seca;Perfeito estado;Não existe;Não há placas;40 km/h;Dupla;Faixa seccionada;;
202213706,0;2022-06-15;;1;FINALIZADA;GRAÇAS;AV RUI BARBOSA;;;AO LADO DO MURO DO  COLEGIO AGNES;GRAÇAS;;;COLISÃO TRASEIRA;1,0;1,0;0,0;0,0;0,0;0,0;0,0;0,0;0,0;1,0;0,0;;;;;;;;;;;;;
202213708,0;2022-06-15;;1;FINALIZADA;BOA VIAGEM;RUA RIBEIRO DE BRITO;1507,0;;VIADUTO TANCREDO NEVES;BOA VIAGEM;;SUBURBIO;ATROPELAMENTO DE ANIMAL;0,0;1,0;0,0;0,0;0,0;0,0;0,0;0,0;0,0;1,0;0,0;Longo da via;Bom;Não existe;Perfeito estado;Seca;Perfeito estado;Agente;Não há placas;;Única;Faixa seccionada;;
202213728,0;2022-06-15;;2;FINALIZADA;CAMPINA DO BARRETO;AV POETA VINICIUS DE MORAIS;;RUA NOVA ESPERANCA;EM FRENTE  A PONTE DE CAMPINA DO BARRETO SENTIDO  PARA PEIXINHOS;CAMPINA DO BARRETO;;;COLISÃO TRASEIRA;0,0;0,0;0,0;0,0;0,0;0,0;0,0;2,0;0,0;0,0;0,0;Longo da via;Bom;Não existe;Perfeito estado;Seca;Perfeito estado;Não existe;Não há placas;;Dupla;Faixa seccionada;;
202213731,0;2022-06-15;;2;FINALIZADA;CAMPO GRANDE;RUA ODORICO MENDES;700,0;;NA ENTRADA DA CEPLANC;CAMPO GRANDE;;;COLISÃO LATERAL;1,0;0,0;0,0;0,0;0,0;0,0;0,0;1,0;0,0;0,0;0,0;;;;;;;;;;;;;
202213732,0;2022-06-16;;1;FINALIZADA;BOA VIAGEM;AV ENGENHEIRO DOMINGOS FERREIRA;287,0;RUA PADRE BERNADINO PESSOA;PRÓXIMO AO CARREFOUR. EM FRENTE À PAMESA DO BRASIL, Nº 2800;BOA VIAGEM;144,0;SUBURBIO;COLISÃO TRANSVERSAL;2,0;0,0;0,0;0,0;0,0;0,0;0,0;0,0;0,0;3,0;0,0;Cruzamento;Chuvoso;Sem defeito;Perfeito estado;Molhada;Perfeito estado;Faixa de pedestre;Não há placas;;Única;Canteiro central;;
202213759,0;2022-06-16;;1;FINALIZADA;SANTO AMARO;AV NORTE MIGUEL ARRAES DE ALENCAR;890A;RUA SAO SEBASTIAO;ANTES DA SUBIDA DO VIADUTO. LADO OPOSTO AO CENTRO DA JUVENTUDE DE SANTO AMARO.;SANTO AMARO;397,0;SUBURBIO;ATROPELAMENTO DE PESSOA;0,0;1,0;0,0;0,0;1,0;0,0;0,0;0,0;0,0;1,0;0,0;Longo da via;Bom;Sem defeito;Perfeito estado;Seca;Perfeito estado;Faixa de pedestre;Não há placas;60 km/h;Dupla;Canteiro central;;
202213774,0;2022-06-16;;1;FINALIZADA;ENCRUZILHADA;AV NORTE MIGUEL ARRAES DE ALENCAR;5050,0;;PROX AO REI DA PICANHA;ENCRUZILHADA;;;COLISÃO TRASEIRA;1,0;1,0;0,0;0,0;0,0;0,0;0,0;0,0;0,0;1,0;0,0;Longo da via;Chuvoso;Não existe;Incompleta;Seca;Perfeito estado;Não existe;Não há placas;;Dupla;Blocos;;
202213821,0;2022-06-16;;1;FINALIZADA;DERBY;AV GOVERNADOR CARLOS DE LIMA CAVALCANTI;;AV GOVERNADOR AGAMENON MAGALHAES;AO LADO DA MC DONALD;DERBY;75,0;CIDADE;ATROPELAMENTO DE PESSOA;0,0;0,0;0,0;0,0;1,0;1,0;0,0;0,0;0,0;1,0;0,0;Cruzamento;Bom;Sem defeito;Perfeito estado;Seca;Perfeito estado;Faixa de pedestre;R-25d;;Única;Canteiro central;;
202213839,0;2022-06-17;;1;FINALIZADA;JARDIM SÃO PAULO;RUA LORENA;104,0;;APOS O VIADULTO DA JARDIM SÃO PAULO;JARDIM SÃO PAULO;;;COLISÃO FRONTAL;1,0;1,0;0,0;0,0;0,0;0,0;0,0;0,0;0,0;1,0;0,0;;;;;;;;;;;;;
202213840,0;2022-06-17;;1;FINALIZADA;ESTÂNCIA;AV DR JOSE RUFINO;523,0;RUA BARAO DE BUIQUE;PRÓX. À LANCHONETE LANCHES DA PRAÇA. EM FRENTE A GESSO ART DECORAÇÕES.;ESTÂNCIA;;CIDADE;COLISÃO TRANSVERSAL;1,0;1,0;0,0;0,0;0,0;0,0;0,0;0,0;0,0;1,0;0,0;Cruzamento;Bom;Não existe;Incompleta;Seca;Mal conservada;Não existe;"Placas ""Pare""";60 km/h;Dupla;Faixa seccionada;;