Protocolo;data;hora;natureza;situacao;bairro;endereco;numero;detalhe_endereco_acidente;complemento;bairro_cruzamento;num_semaforo;sentido_via;tipo;auto;moto;ciclom;ciclista;pedestre;onibus;caminhao;viatura;outros;vitimas;vitimasfatais;acidente_verificado;tempo_clima;situacao_semaforo;sinalizacao;condicao_via;conservacao_via;ponto_controle;situacao_placa;velocidade_max_via;mao_direcao;divisao_via1;divisao_via2;divisao_via3
202213847,0;2022-06-17;;1;FINALIZADA;BOA VIAGEM;AV MARECHAL JUAREZ TAVORA;;RUA BALTAZAR PASSOS;EM FRENTE AO POSTO BR. RUA PROFESSOR AURELIO DE CASTRO CAVALCANTI.;BOA VIAGEM;556,0;CIDADE;COLISÃO FRONTAL;1,0;1,0;0,0;0,0;0,0;0,0;0,0;0,0;0,0;1,0;0,0;Cruzamento;Bom;Com defeito;Perfeito estado;Seca;Perfeito estado;Faixa de pedestre;R-24a;30 km/h;Única;Faixa contínua;Faixa seccionada;
202213858,0;2022-06-17;;1;FINALIZADA;IBURA;AV DOIS RIOS;;RUA RIO JURUA;PRÓX. AO POSTO SHELL;IBURA;;SUBURBIO;COLISÃO LATERAL;0,0;2,0;0,0;0,0;0,0;0,0;0,0;0,0;0,0;1,0;0,0;Cruzamento;Bom;Não existe;Perfeito estado;Seca;Perfeito estado;Não existe;Outras;;Dupla;Faixa contínua;;
202213874,0;2022-06-17;;1;FINALIZADA;SÃO JOSÉ;C SANTA RITA;;;EM FRENTE AO ARMAZÉM 16;SÃO JOSÉ;76,0;CIDADE;QUEDA;1,0;1,0;0,0;0,0;0,0;0,0;0,0;0,0;0,0;1,0;0,0;Longo da via;Bom;Sem defeito;Perfeito estado;Seca;Perfeito estado;Não existe;Não há placas;60 km/h;Única;Faixa seccionada;;
202213884,0;2022-06-17;;1;FINALIZADA;SÃO JOSÉ;AV DANTAS BARRETO;1326,0;RUA DO PEIXOTO;PROX AO TERMINAL DO PROGRESSO. LEOPOLDO BAR.;SÃO JOSÉ;181,0;CIDADE;COLISÃO TRANSVERSAL;0,0;1,0;0,0;0,0;0,0;1,0;0,0;0,0;0,0;1,0;0,0;Cruzamento;Bom;Sem defeito;Perfeito estado;Seca;Perfeito estado;Faixa de pedestre;Outras;60 km/h;Dupla;Faixa contínua;;
202213905,0;2022-06-17;;1;FINALIZADA;ÁGUA FRIA;RUA LADEIRA DE PEDRA;498,0;;NO TERMINAL DE ONIBUS ALTO DO PASCOAL;ÁGUA FRIA;;SUBURBIO;ATROPELAMENTO DE PESSOA;0,0;0,0;0,0;0,0;1,0;1,0;0,0;0,0;0,0;1,0;0,0;Longo da via;Bom;Não existe;Perfeito estado;Seca;Mal conservada;Não existe;Outras;;Dupla;Faixa seccionada;;
202213916,0;2022-06-17;;1;FINALIZADA;ILHA DO LEITE;AV GOVERNADOR AGAMENON MAGALHAES;;;PROX AO EMPRESARIAL ISAAC  NILTON;ILHA DO LEITE;;SUBURBIO;QUEDA;0,0;1,0;0,0;0,0;0,0;0,0;0,0;0,0;0,0;1,0;0,0;;;;;;;;;;;;;
202213930,0;2022-06-17;;1;FINALIZADA;BOA VISTA;RUA DO PRINCIPE;446,0;RUA GENERAL JOSE SEMEAO;ACIDENTE ENTRE UM AUTO E MOTO;BOA VISTA;;CIDADE;COLISÃO LATERAL;1,0;1,0;0,0;0,0;0,0;0,0;0,0;0,0;0,0;1,0;0,0;Longo da via;Bom;Não existe;Perfeito estado;Seca;Perfeito estado;Não existe;Outras;;Única;Faixa seccionada;;
202213956,0;2022-06-18;;1;FINALIZADA;MADALENA;RUA LOPES DE CARVALHO;401,0;AV VISCONDE DE ALBUQUERQUE;EM FRENTE A MADALENA CENTER;MADALENA;;SUBURBIO;COLISÃO TRANSVERSAL;1,0;1,0;0,0;0,0;0,0;0,0;0,0;0,0;0,0;1,0;0,0;Cruzamento;Bom;Não existe;Perfeito estado;Seca;Perfeito estado;Outros;Outras;;Única;Faixa seccionada;;
202213995,0;2022-06-18;;1;CANCELADA;IMBIRIBEIRA;RUA PAMPULHA;251,0;;PRÓX. À CASA BRANCA RECEPÇÕES;IMBIRIBEIRA;;;COLISÃO LATERAL;1,0;1,0;0,0;0,0;0,0;0,0;0,0;0,0;0,0;1,0;0,0;;;;;;;;;;;;;
202213996,0;2022-06-18;;1;CANCELADA;IMBIRIBEIRA;RUA PARIS;552,0;;ATRAS DO SUPERMERCADO AÇAI;IMBIRIBEIRA;;;COLISÃO LATERAL;1,0;1,0;0,0;0,0;0,0;0,0;0,0;0,0;0,0;1,0;0,0;;;;;;;;;;;;;
202213999,0;2022-06-18;;1;CANCELADA;ESPINHEIRO;RUA DA HORA;;AV JOAO DE BARROS;POSTO SHELW;ESPINHEIRO;;;COLISÃO TRASEIRA;2,0;0,0;0,0;0,0;0,0;0,0;0,0;0,0;0,0;1,0;0,0;;;;;;;;;;;;;
202214000,0;2022-06-18;;1;FINALIZADA;IPUTINGA;RUA BOM PASTOR;126,0;RUA COMENDADOR ALVARES DE CARVALHO;EDIFÍCIO PRAÇA DOS CARVALHOS;IPUTINGA;254,0;CIDADE;COLISÃO LATERAL;1,0;1,0;0,0;0,0;0,0;0,0;0,0;0,0;0,0;1,0;0,0;Cruzamento;Bom;Sem defeito;Perfeito estado;Seca;Perfeito estado;Faixa de pedestre;R-6a;;Dupla;Faixa contínua;Faixa seccionada;
202214001,0;2022-06-18;;1;CANCELADA;CASA FORTE;AV DEZESSETE DE AGOSTO;;;NO SEMÁFORO 469;CASA FORTE;469,0;;COLISÃO COM CICLISTA;0,0;1,0;0,0;1,0;0,0;0,0;0,0;0,0;0,0;1,0;0,0;;;;;;;;;;;;;
202214013,0;2022-06-18;;1;FINALIZADA;IPUTINGA;AV CAXANGA;;RUA MANOEL JOAQUIM DE ALMEIDA;EM FRENTE A IPUTINGA AUTOMOVEIS;IPUTINGA;533,0;CIDADE;COLISÃO LATERAL;1,0;1,0;0,0;0,0;0,0;0,0;0,0;0,0;0,0;1,0;0,0;Cruzamento;Bom;Sem defeito;Perfeito estado;Seca;Perfeito estado;Não existe;Outras;;Dupla;Canteiro central;;
202214019,0;2022-06-18;;2;FINALIZADA;CASA AMARELA;EST DO ARRAIAL;2626,0;RUA GOMES COUTINHO;;CASA AMARELA;;SUBURBIO;;2,0;0,0;0,0;0,0;0,0;0,0;0,0;0,0;0,0;0,0;0,0;Longo da via;Bom;Não existe;Perfeito estado;Seca;Perfeito estado;;;;Única;;;
202214031,0;2022-06-18;;1;FINALIZADA;SANTO AMARO;AV NORTE MIGUEL ARRAES DE ALENCAR;;;EM FRENTE AO POSTO ALVORADA;SANTO AMARO;;SUBURBIO;COLISÃO TRASEIRA;1,0;1,0;0,0;0,0;0,0;0,0;0,0;0,0;0,0;2,0;0,0;Longo da via;Bom;Não existe;Perfeito estado;Seca;Perfeito estado;Não existe;R-6a;;Dupla;Canteiro central;;
202214032,0;2022-06-18;;1;FINALIZADA;ÁGUA FRIA;AV BEBERIBE;2175,0;RUA DA REGENERACAO;SEMÁFARO 187;ÁGUA FRIA;187,0;SUBURBIO;ATROPELAMENTO DE PESSOA;0,0;1,0;0,0;0,0;1,0;0,0;0,0;0,0;0,0;1,0;0,0;Cruzamento;Bom;Sem defeito;Perfeito estado;Seca;Perfeito estado;Faixa de pedestre;;;;;;
202214035,0;2022-06-19;;1;FINALIZADA;BOA VIAGEM;AV DES JOSE NEVES;;AV JOAQUIM RIBEIRO;PROXIMO A FERREIRA PINTO,  ANTES DO TÚNEL ALGUSTO LUCENA;BOA VIAGEM;567,0;SUBURBIO;COLISÃO TRANSVERSAL;2,0;0,0;0,0;0,0;0,0;0,0;0,0;0,0;0,0;4,0;0,0;Longo da via;Chuvoso;Sem defeito;Perfeito estado;Molhada;Mal iluminada;Faixa de pedestre;;;Única;Faixa seccionada;;
202214065,0;2022-06-19;;1;FINALIZADA;SANTO AMARO;RUA CAPITAO LIMA;;RUA DA FUNDICAO;PROX A TV GLOBO;SANTO AMARO;;;COLISÃO TRANSVERSAL;1,0;1,0;0,0;0,0;0,0;0,0;0,0;0,0;0,0;1,0;0,0;Cruzamento;Bom;Não existe;Perfeito estado;Seca;Perfeito estado;Faixa de pedestre;"Placas ""Pare""";;;Faixa contínua;Faixa seccionada;
202214094,0;2022-06-19;;1;FINALIZADA;JORDÃO;AV MARECHAL MASCARENHAS DE MORAES;161B;;EM FRENTE AO AEROPORTO, PRÓXIMO A ENTRADA PARA O JORDÃO;JORDÃO;;SUBURBIO;COLISÃO LATERAL;0,0;2,0;0,0;0,0;0,0;0,0;0,0;0,0;0,0;1,0;0,0;Longo da via;Bom;Não existe;Incompleta;Seca;Mal iluminada;;Não há placas;60 km/h;Dupla;;;
202214097,0;2022-06-19;;2;FINALIZADA;MORRO DA CONCEIÇÃO;RUA ITACOATIARA;;;PRÓXIMO A ANDRÉ GÁS;MORRO DA CONCEIÇÃO;;SUBURBIO;CHOQUE;1,0;0,0;0,0;0,0;0,0;0,0;0,0;0,0;0,0;0,0;0,0;Longo da via;Chuvoso;Não existe;Não existente;Molhada;Perfeito estado;Não existe;Não há placas;;Única;Não existe;;
202214099,0;2022-06-19;;1;FINALIZADA;IMBIRIBEIRA;AV MARECHAL MASCARENHAS DE MORAES;2160,0;RUA PAMPULHA;EM FRENTE A RENAULT;IMBIRIBEIRA;;SUBURBIO;COLISÃO TRASEIRA;1,0;1,0;0,0;0,0;0,0;0,0;0,0;0,0;0,0;1,0;0,0;Longo da via;Chuvoso;;;Molhada;;Não existe;;;Dupla;;;
202214125,0;2022-06-20;;1;FINALIZADA;CAMPO GRANDE;AV GOVERNADOR AGAMENON MAGALHAES;;;LADO OPOSTO AO SHOPPING TACARUNA. FÁBRICA TACARUNA.;CAMPO GRANDE;;CIDADE;ATROPELAMENTO DE PESSOA;0,0;1,0;0,0;0,0;1,0;0,0;0,0;0,0;0,0;1,0;0,0;Longo da via;Bom;Não existe;Perfeito estado;Seca;Perfeito estado;Não existe;R-32;60 km/h;Dupla;Canteiro central;;
202214155,0;2022-06-20;;1;FINALIZADA;ESTÂNCIA;AV RECIFE;5520,0;;PROX. AO ARMAZEM CORAL SENT. BR. EM FRENTE A T e F DESIGN;ESTÂNCIA;;SUBURBIO;COLISÃO LATERAL;1,0;1,0;0,0;0,0;0,0;0,0;0,0;0,0;0,0;1,0;0,0;Longo da via;Bom;Não existe;Perfeito estado;Seca;Perfeito estado;Não existe;Não há placas;;Única;Faixa seccionada;;
202214173,0;2022-06-20;;2;FINALIZADA;AREIAS;RUA HAVAI;;;EM FRENTE AO ATACADÃO;AREIAS;;CIDADE;COLISÃO FRONTAL;1,0;0,0;0,0;0,0;0,0;0,0;1,0;0,0;0,0;0,0;0,0;Longo da via;Bom;Não existe;Não existente;Seca;Perfeito estado;Não existe;Não há placas;;Dupla;Não existe;;
202214179,0;2022-06-20;;1;FINALIZADA;IPSEP;RUA HELIO BRANDAO;500,0;AV GENERAL BENTO DA GAMA;RUA GAL BENTO DA GAMA;IPSEP;;CIDADE;COLISÃO TRANSVERSAL;2,0;0,0;0,0;0,0;0,0;0,0;0,0;0,0;0,0;1,0;0,0;Cruzamento;Bom;Não existe;Perfeito estado;Seca;Perfeito estado;Faixa de retenção;"Placas ""Pare""";;Dupla;Faixa seccionada;;
202214206,0;2022-06-20;;2;FINALIZADA;SÃO JOSÉ;AV SUL;;;AO LADO DO FORTE DAS CINCO PONTAS;SÃO JOSÉ;;;COLISÃO TRASEIRA;2,0;0,0;0,0;0,0;0,0;0,0;0,0;0,0;0,0;0,0;0,0;;;;;;;;;;;;;
202214220,0;2022-06-21;;1;FINALIZADA;BOA VIAGEM;RUA JOSE DA SILVA LUCENA;20,0;;EM FRENTE AO COLEGIO GGE - ACIDENTE ENVOLVENDO ORIENTADOR II  DA ARGUS THOMAZ EDSON  - COLABORADOR DA CTTU/RECIFE.;BOA VIAGEM;;SUBURBIO;COLISÃO LATERAL;1,0;1,0;0,0;0,0;0,0;0,0;0,0;0,0;0,0;1,0;0,0;Longo da via;Bom;Não existe;Perfeito estado;Seca;Perfeito estado;Faixa de pedestre;Outras;60 km/h;Dupla;Não existe;;
202214242,0;2022-06-21;;1;FINALIZADA;TOTÓ;AV LIBERDADE;612,0;EST DO CURADO;Depois da Loterica/ Em Frente a Barraca Tenda da Liberdade;TOTÓ;;CIDADE;COLISÃO TRANSVERSAL;1,0;1,0;0,0;0,0;0,0;0,0;0,0;0,0;0,0;2,0;0,0;Longo da via;Bom;Sem defeito;Não existente;Seca;Perfeito estado;Não existe;Não há placas;;Dupla;Não existe;;
202214267,0;2022-06-21;;1;FINALIZADA;BEBERIBE;AV BEBERIBE;;;ENTRE O CAMPO DO ARRUDA  EO ARMAZEM ACHAQUI;BEBERIBE;;;ATROPELAMENTO DE PESSOA;0,0;0,0;0,0;0,0;1,0;1,0;0,0;0,0;0,0;1,0;0,0;Longo da via;Bom;Não existe;Perfeito estado;Seca;Perfeito estado;Não existe;Não há placas;;Dupla;Faixa contínua;;
202214269,0;2022-06-21;;2;FINALIZADA;JARDIM SÃO PAULO;AV LIBERDADE;525,0;;LOTERIA LIBERDADE;JARDIM SÃO PAULO;;;COLISÃO TRASEIRA;0,0;1,0;0,0;0,0;0,0;0,0;0,0;1,0;0,0;0,0;0,0;Longo da via;Bom;Não existe;Não existente;Seca;Mal conservada;Não existe;Não há placas;;Dupla;Não existe;;
202214271,0;2022-06-21;;2;FINALIZADA;SANTO AMARO;RUA DR CARLOS CHAGAS;;AV JOAO DE BARROS;AO LADO DA CLÍNICA ODONTOLÓGICA CIA DO SORRISO;SANTO AMARO;;CIDADE;;1,0;0,0;0,0;0,0;0,0;0,0;0,0;1,0;0,0;0,0;0,0;;Bom;Não existe;Perfeito estado;Seca;Perfeito estado;Faixa de pedestre;;;Única;Faixa seccionada;;
202214289,0;2022-06-21;;1;FINALIZADA;TEJIPIÓ;AV DR JOSE RUFINO;3385,0;;EM FRENTE A ESCOLA EDWIGES DE SA PEREIRA E AO LADO DO ARMAZEM CORAL;TEJIPIÓ;;SUBURBIO;ATROPELAMENTO DE PESSOA;0,0;0,0;0,0;0,0;1,0;1,0;0,0;0,0;0,0;1,0;0,0;Longo da via;Bom;Não existe;Perfeito estado;Seca;Perfeito estado;Não existe;Não há placas;60 km/h;Dupla;Faixa contínua;;
202214292,0;2022-06-21;;1;FINALIZADA;ÁGUA FRIA;AV ANIBAL BENEVOLO;;;TERMINAL DE ÔNIBUS DO ALTO SANTA TERSINHA;ÁGUA FRIA;;;COLISÃO TRANSVERSAL;1,0;1,0;0,0;0,0;0,0;0,0;0,0;0,0;0,0;1,0;0,0;;;;;;;;;;;;;
202214296,0;2022-06-21;;1;FINALIZADA;IBURA;RUA RIO BRIGIDA;;;PRÓXIMO  AO SESI;IBURA;;;COLISÃO FRONTAL;0,0;2,0;0,0;0,0;0,0;0,0;0,0;0,0;0,0;1,0;0,0;;;;;;;;;;;;;
202214305,0;2022-06-22;;1;FINALIZADA;CIDADE UNIVERSITÁRIA;AV PROFESSOR LUIZ FREIRE;500,0;;EM FRENTE A ENTRADA PRINCPAL DO ESTACIONAMENTO DA UFPE. INSTITUTO FEDERAL DE PERNAMBUCO.;CIDADE UNIVERSITÁRIA;;SUBURBIO;COLISÃO LATERAL;1,0;1,0;0,0;0,0;0,0;0,0;0,0;0,0;0,0;1,0;0,0;Longo da via;Chuvoso;Não existe;Não existente;Molhada;Perfeito estado;Não existe;Não há placas;40 km/h;Dupla;Faixa seccionada;;
202214306,0;2022-06-22;;1;DUPLICIDADE;CURADO;AV PROFESSOR LUIZ FREIRE;500,0;;PROX AO INSTITUTO FEDERAL DA EDUCAÇÃO;CURADO;;;COLISÃO LATERAL;1,0;1,0;0,0;0,0;0,0;0,0;0,0;0,0;0,0;1,0;0,0;;;;;;;;;;;;;
202214309,0;2022-06-22;;2;FINALIZADA;IPUTINGA;RUA SAO MATEUS;1160,0;;PRÓX. AO DEPÓSITO DOS CORREIOS;IPUTINGA;;;COLISÃO LATERAL;3,0;0,0;0,0;0,0;0,0;0,0;0,0;0,0;0,0;0,0;0,0;;;;;;;;;;;;;
202214319,0;2022-06-22;;1;FINALIZADA;SANTANA;RUA SANT'ANNA;136,0;RUA DONA ADA VIEIRA;EM FRENTE AO QUARTEL DA CPOR;SANTANA;;;COLISÃO TRANSVERSAL;2,0;0,0;0,0;0,0;0,0;0,0;0,0;0,0;0,0;1,0;0,0;Não informado;Chuvoso;Não existe;Perfeito estado;Molhada;Perfeito estado;;;;Dupla;;;
202214322,0;2022-06-22;;1;FINALIZADA;MADALENA;EST DOS REMEDIOS;401,0;RUA LOPES DE CARVALHO;;MADALENA;;CIDADE;COLISÃO TRANSVERSAL;1,0;1,0;0,0;0,0;0,0;0,0;0,0;0,0;0,0;1,0;0,0;Longo da via;Chuvoso;Não existe;Perfeito estado;Molhada;Perfeito estado;Não existe;Outras;;Única;Faixa seccionada;;
202214325,0;2022-06-22;;1;FINALIZADA;BOA VIAGEM;AV DES JOSE NEVES;;;ENTRADA DO TÚNEL, LADO OPOSTO AO ATACADÃO;BOA VIAGEM;;CIDADE;COLISÃO TRASEIRA;2,0;0,0;0,0;0,0;0,0;0,0;0,0;0,0;0,0;1,0;0,0;Longo da via;Chuvoso;Não existe;Incompleta;Molhada;Mal conservada;Não existe;Não há placas;;Única;Faixa contínua;;
202214337,0;2022-06-22;;1;FINALIZADA;MADALENA;RUA JOSE OSORIO;464,0;;EM FRENTE A ZEUS MULTIMARCAS;MADALENA;;SUBURBIO;COLISÃO LATERAL;1,0;1,0;0,0;0,0;0,0;0,0;0,0;0,0;0,0;1,0;0,0;Longo da via;Chuvoso;Não existe;Perfeito estado;Molhada;Perfeito estado;Não existe;Não há placas;40 km/h;Dupla;Faixa contínua;;
202214339,0;2022-06-22;;2;FINALIZADA;ARRUDA;AV PROFESSOR JOSE DOS ANJOS;;AV BEBERIBE;;ARRUDA;131,0;SUBURBIO;COLISÃO TRASEIRA;1,0;0,0;0,0;0,0;0,0;0,0;0,0;1,0;0,0;0,0;0,0;Cruzamento;Chuvoso;Sem defeito;Perfeito estado;Molhada;Perfeito estado;Faixa de pedestre;Outras;40 km/h;Dupla;Canteiro central;Canal;
202214341,0;2022-06-22;;1;FINALIZADA;TAMARINEIRA;RUA SEBASTIAO ALVES;73,0;;E/F AO COLEGIO MADRE DE DEUS;TAMARINEIRA;;;COLISÃO LATERAL;1,0;1,0;0,0;0,0;0,0;0,0;0,0;0,0;0,0;1,0;0,0;Longo da via;Chuvoso;Não existe;Perfeito estado;Molhada;Perfeito estado;Faixa de pedestre;R-34;;Única;Outros;;
202214346,0;2022-06-22;;1;FINALIZADA;IMBIRIBEIRA;AV PRESIDENTE DUTRA;;AV SENADOR ROBERT KENNEDY;PERTO DO SOL E BRASA. LADO OPOSTO À EQUIPADORA CARLOS FILM'S;IMBIRIBEIRA;;SUBURBIO;COLISÃO TRANSVERSAL;1,0;1,0;0,0;0,0;0,0;0,0;0,0;0,0;0,0;1,0;0,0;Cruzamento;Chuvoso;Sem defeito;Perfeito estado;Molhada;Perfeito estado;Faixa de pedestre;R-6a;;;Faixa seccionada;;
202214362,0;2022-06-22;;1;CANCELADA;TEJIPIÓ;AV DR JOSE RUFINO;;;EM FRENTE DO QUARTEL QUARTO BCOM;TEJIPIÓ;;;COLISÃO FRONTAL;1,0;1,0;0,0;0,0;0,0;0,0;0,0;0,0;0,0;1,0;0,0;;;;;;;;;;;;;
202214363,0;2022-06-22;;2;FINALIZADA;AFOGADOS;RUA SAO MIGUEL;;;E/F AO ARMAZEM CORAL;AFOGADOS;;;COLISÃO FRONTAL;1,0;1,0;0,0;0,0;0,0;0,0;0,0;0,0;0,0;0,0;0,0;;;;;;;;;;;;;
202214385,0;2022-06-22;;1;FINALIZADA;BOA VIAGEM;AV ENGENHEIRO DOMINGOS FERREIRA;107,0;RUA JOSE TRAJANO;AO LADO LABORATÓRIO EDMAR VICTO. ESCOLA DE GASTRONOMIA E CONFEITARIA.;BOA VIAGEM;;SUBURBIO;ATROPELAMENTO DE PESSOA;1,0;0,0;0,0;0,0;1,0;0,0;0,0;0,0;0,0;1,0;0,0;Longo da via;Chuvoso;Não existe;Perfeito estado;Molhada;Perfeito estado;Não existe;Não há placas;;Única;Faixa seccionada;;
202214390,0;2022-06-22;;1;FINALIZADA;GRAÇAS;PRC DO ENTRONCAMENTO;50,0;;LA LHAMBRA;GRAÇAS;;;COLISÃO COM CICLISTA;1,0;0,0;0,0;2,0;0,0;0,0;0,0;0,0;0,0;1,0;0,0;;;;;;;;;;;;;
202214406,0;2022-06-23;;1;FINALIZADA;BOA VIAGEM;AV BOA VIAGEM;5450,0;RUA PROFESSOR MARIO DE CASTRO;APÓS O PARQUE DONA LINDU;BOA VIAGEM;148,0;CIDADE;COLISÃO TRASEIRA;0,0;1,0;0,0;0,0;0,0;1,0;0,0;0,0;0,0;1,0;0,0;Longo da via;Bom;Sem defeito;Perfeito estado;Seca;Perfeito estado;Faixa de pedestre;Outras;60 km/h;Única;Faixa contínua;;
202214458,0;2022-06-23;;1;FINALIZADA;SÃO JOSÉ;TRV DO GASPAR;1600,0;;EM FRENTE A CIP MOTOS ROCAM;SÃO JOSÉ;;;CHOQUE;0,0;1,0;0,0;0,0;0,0;0,0;0,0;0,0;0,0;1,0;0,0;Longo da via;Bom;Não existe;Não existente;Molhada;Mal conservada;Não existe;Não há placas;;Dupla;Não existe;;
202214461,0;2022-06-23;;1;FINALIZADA;CAMPO GRANDE;EST DE BELEM;1335,0;RUA MARIO SETE;PROXIMA A IGREJA NOSSA SENHORA DO BOM PARTO;CAMPO GRANDE;;CIDADE;COLISÃO LATERAL;1,0;1,0;0,0;0,0;0,0;0,0;0,0;0,0;0,0;1,0;0,0;Cruzamento;Bom;Não existe;Perfeito estado;Seca;Perfeito estado;Não existe;Outras;;Dupla;Faixa contínua;;
202214462,0;2022-06-23;;1;FINALIZADA;AREIAS;RUA JORNALISTA VILMA LESSA;875,0;;Flesh Hamburgueria;AREIAS;;SUBURBIO;COLISÃO TRANSVERSAL;1,0;1,0;0,0;0,0;0,0;0,0;0,0;0,0;0,0;1,0;0,0;Cruzamento;Bom;Não existe;Não existente;Seca;Mal conservada;Não existe;Não há placas;30 km/h;Dupla;Não existe;;
202214464,0;2022-06-23;;2;CANCELADA;CORDEIRO;RUA GOMES TABORDA;;;BAR VAPOR 82;CORDEIRO;;;CHOQUE;2,0;0,0;0,0;0,0;0,0;0,0;0,0;0,0;0,0;0,0;0,0;;;;;;;;;;;;;
202214472,0;2022-06-24;;1;FINALIZADA;BAIRRO DO RECIFE;PTE GIRATORIA;;;;BAIRRO DO RECIFE;;SUBURBIO;QUEDA;0,0;1,0;0,0;0,0;0,0;0,0;0,0;0,0;0,0;1,0;0,0;Ponte;Chuvoso;Não existe;Não existente;Oleosa;Perfeito estado;Não existe;Não há placas;;Dupla;Canteiro central;;
202214484,0;2022-06-24;;1;FINALIZADA;CAMPO GRANDE;RUA HERMILIO GOMES;225,0;RUA PROFESSOR FRANCISCO DA TRINDADE;NA RUA DO POSTO DE GASOLINA TOTAL;CAMPO GRANDE;;;COLISÃO TRANSVERSAL;1,0;1,0;0,0;0,0;0,0;0,0;0,0;0,0;0,0;1,0;0,0;Esquina;Chuvoso;Não existe;Não existente;Molhada;Perfeito estado;Não existe;Não há placas;;Dupla;Não existe;;
202214489,0;2022-06-24;;2;FINALIZADA;IPUTINGA;AV PROFESSOR MORAES REGO;;RUA LAGO VERDE;APÓS O MOTEL EROS;IPUTINGA;;SUBURBIO;COLISÃO TRASEIRA;0,0;2,0;0,0;0,0;0,0;0,0;0,0;0,0;0,0;0,0;0,0;Longo da via;Bom;Não existe;Perfeito estado;Seca;Perfeito estado;Não existe;Não há placas;;Única;Faixa seccionada;;
202214503,0;2022-06-25;;1;FINALIZADA;MADALENA;AV VISCONDE DE ALBUQUERQUE;401,0;RUA LOPES DE CARVALHO;EM FRENTE A GALERIA MADALENA CENTER;MADALENA;;SUBURBIO;COLISÃO LATERAL;1,0;1,0;0,0;0,0;0,0;0,0;0,0;0,0;0,0;2,0;0,0;Cruzamento;Bom;Não existe;Perfeito estado;Seca;Perfeito estado;Não existe;"Placas ""Pare""";60 km/h;Única;Faixa contínua;Faixa seccionada;
202214511,0;2022-06-25;;2;FINALIZADA;BAIRRO DO RECIFE;CAIS DO APOLO;;PTE BUARQUE DE MACEDO;BANCO DO BRASIL;BAIRRO DO RECIFE;19,0;SUBURBIO;;2,0;0,0;0,0;0,0;0,0;0,0;0,0;0,0;0,0;0,0;0,0;Longo da via;Bom;Sem defeito;Perfeito estado;Seca;Perfeito estado;Faixa de pedestre;R-6a;;Dupla;Faixa seccionada;Canteiro central;
202214515,0;2022-06-25;;1;FINALIZADA;IMBIRIBEIRA;RUA ITACARI;299,0;RUA ITAJAI;LOJA INOVE;IMBIRIBEIRA;;;COLISÃO TRANSVERSAL;1,0;1,0;0,0;0,0;0,0;0,0;0,0;0,0;0,0;1,0;0,0;Cruzamento;Bom;Não existe;Perfeito estado;Seca;Perfeito estado;Faixa de pedestre;;;Única;Faixa seccionada;;
202214524,0;2022-06-25;;1;FINALIZADA;DERBY;AV GOVERNADOR AGAMENON MAGALHAES;;RUA HENRIQUE DIAS;VT 10 NO LOCAL GM JACKSON NO LOCAL;DERBY;68,0;SUBURBIO;COLISÃO LATERAL;1,0;1,0;0,0;0,0;0,0;0,0;0,0;0,0;0,0;1,0;0,0;Cruzamento;Bom;Sem defeito;Perfeito estado;Seca;Perfeito estado;Não existe;Outras;60 km/h;Única;Faixa seccionada;;
202214537,0;2022-06-25;;2;CANCELADA;ESPINHEIRO;AV JOAO DE BARROS;;;RUA 48 NA FRENTE DO PRIMEIRO GERIS;ESPINHEIRO;;;COLISÃO TRASEIRA;2,0;0,0;0,0;0,0;0,0;0,0;0,0;0,0;0,0;0,0;0,0;;;;;;;;;;;;;
202214538,0;2022-06-25;;1;FINALIZADA;TORRE;RUA JOSE BONIFACIO;;RUA MARCOS ANDRE;AO LADO DO CARREFUR;TORRE;;CIDADE;ATROPELAMENTO DE PESSOA;0,0;1,0;0,0;0,0;1,0;0,0;0,0;0,0;0,0;1,0;0,0;Longo da via;Bom;Não existe;Perfeito estado;Seca;Perfeito estado;Não existe;Não há placas;;Dupla;Canteiro central;;
202214539,0;2022-06-25;;1;FINALIZADA;AREIAS;AV TENENTE FELIPE BANDEIRA DE MELO;97,0;RUA ANTONIO PINHEIRO;EM FRENTE A ESQUINA DO MALTE;AREIAS;;SUBURBIO;COLISÃO COM CICLISTA;1,0;0,0;0,0;1,0;0,0;0,0;0,0;0,0;0,0;1,0;0,0;Longo da via;Bom;;;Seca;Perfeito estado;;;;Dupla;Não existe;;
202214550,0;2022-06-26;;1;FINALIZADA;BOA VISTA;AV JOAO DE BARROS;594,0;RUA DR LEOPOLDO LINS;PROX A FACULDADE DE DIREITO SOPETE;BOA VISTA;198,0;SUBURBIO;COLISÃO LATERAL;1,0;1,0;0,0;0,0;0,0;0,0;0,0;0,0;0,0;1,0;0,0;Esquina;Bom;Sem defeito;Perfeito estado;Seca;Perfeito estado;Faixa de pedestre;Outras;;Única;Faixa contínua;Faixa seccionada;