Protocolo;data;hora;natureza;situacao;bairro;endereco;numero;detalhe_endereco_acidente;complemento;bairro_cruzamento;num_semaforo;sentido_via;tipo;auto;moto;ciclom;ciclista;pedestre;onibus;caminhao;viatura;outros;vitimas;vitimasfatais;acidente_verificado;tempo_clima;situacao_semaforo;sinalizacao;condicao_via;conservacao_via;ponto_controle;situacao_placa;velocidade_max_via;mao_direcao;divisao_via1;divisao_via2;divisao_via3
202214552,0;2022-06-26;;1;FINALIZADA;AREIAS;AV DR JOSE RUFINO;955,0;;EM FRENTE A HONDA;AREIAS;;CIDADE;COLISÃO FRONTAL;1,0;1,0;0,0;0,0;0,0;0,0;0,0;0,0;0,0;1,0;0,0;Longo da via;Bom;Não existe;Perfeito estado;Seca;Perfeito estado;Não existe;Não há placas;50 km/h;Dupla;Faixa contínua;;
202214574,0;2022-06-26;;1;FINALIZADA;AFOGADOS;RUA COSME VIANA;215,0;RUA CORONEL ALFREDO DUARTE;DE FRENTE AO BAR LÉO CHOPP;AFOGADOS;430,0;SUBURBIO;COLISÃO TRANSVERSAL;2,0;0,0;0,0;0,0;0,0;0,0;0,0;0,0;0,0;1,0;0,0;Cruzamento;Bom;Sem defeito;Perfeito estado;Seca;Perfeito estado;Faixa de pedestre;Outras;;Única;Faixa contínua;;
202214576,0;2022-06-27;;1;FINALIZADA;SANTO AMARO;AV CRUZ CABUGA;1200,0;;EM FRENTE AO HOSPITAL NAVAL E AO DER;SANTO AMARO;;;COLISÃO TRASEIRA;1,0;1,0;0,0;0,0;0,0;0,0;0,0;0,0;0,0;1,0;0,0;;;;;;;;;;;;;
202214579,0;2022-06-27;;1;FINALIZADA;DOIS IRMÃOS;RUA DE APIPUCOS;223,0;;LADO OPOSTO A ASSOCIAÇÃO BRASILEIRA DE ODONTOLOGIA;DOIS IRMÃOS;;CIDADE;COLISÃO LATERAL;1,0;1,0;0,0;0,0;0,0;0,0;0,0;0,0;0,0;2,0;0,0;Longo da via;Chuvoso;Não existe;Perfeito estado;Molhada;Perfeito estado;Outros;R-6a;;Dupla;Faixa contínua;Faixa seccionada;
202214586,0;2022-06-27;;1;FINALIZADA;CORDEIRO;AV PROFESSOR ESTEVAO FRANCISCO DA COSTA;257,0;RUA ODETE MONTEIRO;EM FRENTE AO POSTO DE GASOLINA PETROCAL;CORDEIRO;589,0;SUBURBIO;COLISÃO FRONTAL;1,0;1,0;0,0;0,0;0,0;0,0;0,0;0,0;0,0;1,0;0,0;Cruzamento;Chuvoso;Com defeito;Perfeito estado;Molhada;Perfeito estado;Faixa de pedestre;Não há placas;;Dupla;Canteiro central;;
202214589,0;2022-06-27;;1;FINALIZADA;AREIAS;AV DR JOSE RUFINO;885,0;;EM FRENTE A HONDA;AREIAS;;CIDADE;ATROPELAMENTO DE PESSOA;0,0;1,0;0,0;0,0;1,0;0,0;0,0;0,0;0,0;1,0;0,0;Longo da via;Bom;Não existe;Perfeito estado;Seca;Perfeito estado;Faixa de pedestre;Não há placas;50 km/h;Dupla;Faixa contínua;;
202214591,0;2022-06-27;;1;FINALIZADA;JIQUIÁ;AV DR JOSE RUFINO;2181,0;;PONTE DO IOLANDA;JIQUIÁ;;CIDADE;COLISÃO COM CICLISTA;1,0;0,0;0,0;1,0;0,0;0,0;0,0;0,0;0,0;1,0;0,0;Ponte;Bom;Não existe;Perfeito estado;Seca;Perfeito estado;Não existe;R-6a;60 km/h;Dupla;Faixa seccionada;;
202214595,0;2022-06-27;;1;FINALIZADA;ESTÂNCIA;AV DR JOSE RUFINO;860,0;;HONDA;ESTÂNCIA;;;ATROPELAMENTO DE PESSOA;0,0;1,0;0,0;0,0;1,0;0,0;0,0;0,0;0,0;1,0;0,0;;;;;;;;;;;;;
202214596,0;2022-06-27;;3;FINALIZADA;BOA VIAGEM;AV CONSELHEIRO AGUIAR;680,0;RUA VICENCIA;;BOA VIAGEM;;CIDADE;ATROPELAMENTO DE PESSOA;0,0;0,0;0,0;0,0;1,0;1,0;0,0;0,0;0,0;0,0;1,0;Longo da via;Bom;Não existe;Perfeito estado;Seca;Perfeito estado;Não existe;Outras;;Única;Faixa seccionada;;
202214607,0;2022-06-27;;2;FINALIZADA;BOA VIAGEM;RUA DR NYLO DORNELLAS CAMARA;;;AO LADO DA PRAÇA DE BOA VIAGEM;BOA VIAGEM;;CIDADE;TOMBAMENTO;0,0;1,0;0,0;0,0;0,0;0,0;0,0;0,0;0,0;0,0;0,0;Longo da via;Bom;Não existe;Perfeito estado;Seca;Perfeito estado;Agente;Outras;30 km/h;Única;Não existe;;
202214615,0;2022-06-27;;1;FINALIZADA;MACAXEIRA;AV NORTE MIGUEL ARRAES DE ALENCAR;7819,0;;PRÓXIMO AO PARQUE DA MACAXEIRA;MACAXEIRA;;CIDADE;ATROPELAMENTO DE PESSOA;0,0;1,0;0,0;0,0;1,0;0,0;0,0;0,0;0,0;3,0;0,0;Longo da via;Bom;Não existe;;Seca;Mal conservada;Outros;Outras;;Dupla;Canteiro central;;
202214616,0;2022-06-27;;2;FINALIZADA;BOA VIAGEM;RUA BARAO DE SOUZA LEAO;418,0;;EM FRENTE AO BANCO DO BRASIL;BOA VIAGEM;;SUBURBIO;COLISÃO TRASEIRA;2,0;0,0;0,0;0,0;0,0;0,0;0,0;0,0;0,0;0,0;0,0;Longo da via;Bom;Não existe;Perfeito estado;Seca;Perfeito estado;Não existe;R-6a;;Única;Faixa seccionada;;
202214651,0;2022-06-27;;1;FINALIZADA;FUNDÃO;AV BEBERIBE;2475,0;;Em frente a AutoEscola Piloto;FUNDÃO;;CIDADE;COLISÃO TRANSVERSAL;1,0;1,0;0,0;0,0;0,0;0,0;0,0;0,0;0,0;2,0;0,0;Longo da via;Chuvoso;Não existe;Perfeito estado;Molhada;Perfeito estado;Não existe;Não há placas;;Dupla;Faixa contínua;Faixa seccionada;
202214667,0;2022-06-27;;1;FINALIZADA;DERBY;RUA JENER DE SOUZA;372,0;RUA FELICIANO GOMES;EM FRENTE AO LABORATÓRIO CERPE;DERBY;;SUBURBIO;COLISÃO TRANSVERSAL;2,0;0,0;0,0;0,0;0,0;0,0;0,0;0,0;0,0;2,0;0,0;Longo da via;Chuvoso;;Perfeito estado;Molhada;Perfeito estado;Não existe;;;Dupla;Não existe;;
202214672,0;2022-06-27;;1;FINALIZADA;IPUTINGA;AV MAURICIO DE NASSAU;433,0;;PRÓXIMO AO GOE;IPUTINGA;;SUBURBIO;CHOQUE;1,0;0,0;0,0;0,0;0,0;0,0;0,0;0,0;0,0;2,0;0,0;Longo da via;Chuvoso;Não existe;Perfeito estado;Molhada;Perfeito estado;Não existe;Não há placas;60 km/h;Única;Faixa seccionada;;
202214724,0;2022-06-28;;1;FINALIZADA;DERBY;PRC DO DERBY;;;Na parada do Brt da Praça do Derby;DERBY;75,0;SUBURBIO;ATROPELAMENTO DE PESSOA;1,0;0,0;0,0;0,0;1,0;0,0;0,0;0,0;0,0;1,0;0,0;Longo da via;Bom;Sem defeito;Perfeito estado;Seca;Perfeito estado;Agente;R-6c;;Única;Faixa seccionada;;
202214736,0;2022-06-28;;2;FINALIZADA;DERBY;PRC DO DERBY;;RUA JENER DE SOUZA;;DERBY;678,0;SUBURBIO;;1,0;0,0;0,0;0,0;0,0;1,0;0,0;0,0;0,0;0,0;0,0;Cruzamento;Bom;Sem defeito;Perfeito estado;Seca;Perfeito estado;Faixa de pedestre;R-6a;;Dupla;Canteiro central;;
202214746,0;2022-06-28;;1;FINALIZADA;APIPUCOS;RUA DOIS IRMAOS;;;Em frente ao Decimo Primeiro Batalhão da Policia Militar;APIPUCOS;;;COLISÃO FRONTAL;0,0;2,0;0,0;0,0;0,0;0,0;0,0;0,0;0,0;2,0;0,0;Longo da via;Bom;Não existe;Perfeito estado;Seca;Perfeito estado;Não existe;R-6a;;Dupla;Faixa contínua;;
202214750,0;2022-06-28;;1;FINALIZADA;ILHA JOANA BEZERRA;AV DES GUERRA BARRETO;;VIADUTO CAPITAO TEMUDO;NA ESQUINA DO FORUM DE JUSTIÇA;ILHA JOANA BEZERRA;;CIDADE;COLISÃO LATERAL;1,0;1,0;0,0;0,0;0,0;0,0;0,0;0,0;0,0;1,0;0,0;Longo da via;Chuvoso;Não existe;Perfeito estado;Molhada;Mal conservada;Não existe;Não há placas;;Única;Não existe;;
202214764,0;2022-06-28;;1;FINALIZADA;BOA VIAGEM;AV BOA VIAGEM;4632,0;;PROXIMO AO ANTIGO CASTELINHO;BOA VIAGEM;;CIDADE;COLISÃO TRASEIRA;1,0;1,0;0,0;0,0;0,0;0,0;0,0;0,0;0,0;1,0;0,0;Longo da via;Chuvoso;Não existe;Perfeito estado;Molhada;Perfeito estado;Não existe;Outras;;Única;Faixa seccionada;;
202214793,0;2022-06-29;;1;FINALIZADA;BOA VIAGEM;AVENIDA CELSO FURTADO (VIA MANGUE);;;PROX AS ESCULTURAS DE BRENNAND;BOA VIAGEM;;SUBURBIO;COLISÃO TRASEIRA;1,0;1,0;0,0;0,0;0,0;0,0;0,0;0,0;0,0;1,0;0,0;Longo da via;Bom;Não existe;Perfeito estado;Seca;Perfeito estado;Não existe;Outras;60 km/h;Única;Faixa contínua;;
202214807,0;2022-06-29;;1;FINALIZADA;SANTO AMARO;VIADUTO CAPITAO TEMUDO;;AV GOVERNADOR AGAMENON MAGALHAES;ESTAÇÃO JOANA BEZERRA;SANTO AMARO;;;COLISÃO TRASEIRA;1,0;1,0;0,0;0,0;0,0;0,0;0,0;0,0;0,0;1,0;0,0;Viaduto;Bom;Não existe;Perfeito estado;Seca;Perfeito estado;Não existe;;;Dupla;Faixa seccionada;Canteiro central;Blocos
202214810,0;2022-06-29;;1;FINALIZADA;SANTO AMARO;AV CRUZ CABUGA;;;ENFRENTE A SANTA CASA DE MISERICÓRDIA  NA AVENIDA CRUZ CABUGÁ;SANTO AMARO;344,0;CIDADE;QUEDA;0,0;1,0;0,0;0,0;0,0;0,0;0,0;0,0;0,0;1,0;0,0;Longo da via;Bom;Sem defeito;Perfeito estado;Seca;Perfeito estado;Faixa de pedestre;Não há placas;60 km/h;Dupla;Faixa contínua;;
202214839,0;2022-06-29;;1;FINALIZADA;SANTO AMARO;AV CRUZ CABUGA;;;EM FRENTE A CORAL;SANTO AMARO;457,0;SUBURBIO;COLISÃO TRASEIRA;0,0;1,0;0,0;0,0;0,0;1,0;0,0;0,0;0,0;2,0;0,0;Longo da via;Chuvoso;Sem defeito;Perfeito estado;Molhada;Perfeito estado;Faixa de pedestre;Não há placas;;Dupla;Faixa seccionada;Canteiro central;
202214849,0;2022-06-29;;1;FINALIZADA;BOA VISTA;RUA PRINCESA IZABEL;;RUA DA SAUDADE;PRÓXIMO AO PARQUE 13 DE MAIO;BOA VISTA;168,0;SUBURBIO;ATROPELAMENTO DE PESSOA;1,0;0,0;0,0;0,0;1,0;0,0;0,0;0,0;0,0;1,0;0,0;Cruzamento;Chuvoso;Sem defeito;Perfeito estado;Molhada;Perfeito estado;Faixa de pedestre;Não há placas;;Única;Faixa contínua;;
202214850,0;2022-06-29;;1;FINALIZADA;SAN MARTIN;AV GENERAL SAN MARTIN;;;EM FRENTE A IGREJA ADVENTISTA;SAN MARTIN;371,0;CIDADE;COLISÃO LATERAL;1,0;1,0;0,0;0,0;0,0;0,0;0,0;0,0;0,0;1,0;0,0;Longo da via;Chuvoso;Sem defeito;Perfeito estado;Molhada;Perfeito estado;Não existe;Outras;30 km/h;;Faixa seccionada;;
202214902,0;2022-06-30;;2;FINALIZADA;IMBIRIBEIRA;AV GENERAL MAC ARTHUR;2809,0;AV MARECHAL MASCARENHAS DE MORAES;;IMBIRIBEIRA;225,0;SUBURBIO;;1,0;0,0;0,0;0,0;0,0;0,0;1,0;0,0;0,0;0,0;0,0;Cruzamento;Bom;Sem defeito;Incompleta;Seca;Perfeito estado;;;40 km/h;Única;Não existe;;
202214911,0;2022-06-30;;1;FINALIZADA;AFOGADOS;EST DOS REMEDIOS;;;EM FRENTE AO SUPERMERCADO TODO DIA;AFOGADOS;;;COLISÃO LATERAL;1,0;1,0;0,0;0,0;0,0;0,0;0,0;0,0;0,0;1,0;0,0;;;;;;;;;;;;;
202214912,0;2022-06-30;;1;FINALIZADA;DERBY;AV RUI BARBOSA;;AV GOVERNADOR AGAMENON MAGALHAES;EM FRENTE AO SEMAFORO 37;DERBY;37,0;SUBURBIO;ATROPELAMENTO DE PESSOA;0,0;1,0;0,0;0,0;1,0;0,0;0,0;0,0;0,0;1,0;0,0;Cruzamento;Bom;Sem defeito;Perfeito estado;Seca;Perfeito estado;Faixa de pedestre;;60 km/h;Única;Canteiro central;;
202214918,0;2022-06-30;;3;FINALIZADA;ESPINHEIRO;RUA SANTO ELIAS;;RUA DA HORA;E/F ASSISTENCIA TECNICA IPHONE  SERVICE;ESPINHEIRO;;CIDADE;CHOQUE;0,0;1,0;0,0;0,0;0,0;0,0;0,0;0,0;0,0;0,0;1,0;Cruzamento;Bom;Não existe;Perfeito estado;Seca;Perfeito estado;Faixa de pedestre;Outras;40 km/h;Única;Não existe;;
202214920,0;2022-06-30;;1;FINALIZADA;SANTO AMARO;AV GOVERNADOR AGAMENON MAGALHAES;;;PROX A REITORIA DA UPE;SANTO AMARO;465,0;;COLISÃO LATERAL;1,0;1,0;0,0;0,0;0,0;0,0;0,0;0,0;0,0;2,0;0,0;Cruzamento;Bom;Com defeito;Perfeito estado;Seca;Perfeito estado;Faixa de pedestre;Outras;60 km/h;Única;Faixa contínua;;
202214923,0;2022-06-30;;1;FINALIZADA;SANTO AMARO;VDO INDEPENDENCIA;;;SENTIDO OLINDA;SANTO AMARO;;SUBURBIO;QUEDA;0,0;1,0;0,0;0,0;0,0;0,0;0,0;0,0;0,0;1,0;0,0;Viaduto;Bom;Não existe;Perfeito estado;Seca;Perfeito estado;Não existe;Não há placas;60 km/h;Dupla;Canal;;
202214925,0;2022-06-30;;1;FINALIZADA;IMBIRIBEIRA;AV GENERAL MAC ARTHUR;1623,0;;EM FRENTE AO RESIDENCIAL LEPARC;IMBIRIBEIRA;;SUBURBIO;COLISÃO TRASEIRA;1,0;1,0;0,0;0,0;0,0;0,0;0,0;0,0;0,0;1,0;0,0;Longo da via;Bom;Não existe;Perfeito estado;Seca;Perfeito estado;;;;;;;
202214958,0;2022-07-01;;1;FINALIZADA;BOA VIAGEM;AV BOA VIAGEM;6234,0;;PROXIMO AO PARQUE DONA LINDU;BOA VIAGEM;;CIDADE;CHOQUE;2,0;0,0;0,0;0,0;0,0;0,0;0,0;0,0;0,0;1,0;0,0;Longo da via;Bom;Não existe;Perfeito estado;Seca;Perfeito estado;Não existe;R-6b;60 km/h;Única;Faixa seccionada;;
202214959,0;2022-07-01;;2;FINALIZADA;PINA;AV HERCULANO BANDEIRA;;;EM FRENTE AO ATACADO DOS PRESENTES;PINA;;;COLISÃO TRANSVERSAL;2,0;0,0;0,0;0,0;0,0;0,0;0,0;0,0;0,0;0,0;0,0;;;;;;;;;;;;;
202214979,0;2022-07-01;;1;FINALIZADA;SANTO AMARO;AV CRUZ CABUGA;;AV DR JAYME DA FONTE;;SANTO AMARO;;;COLISÃO LATERAL;1,0;1,0;0,0;0,0;0,0;0,0;0,0;0,0;0,0;1,0;0,0;;;;;;;;;;;;;
202215019,0;2022-07-01;;1;FINALIZADA;CORDEIRO;AV CAXANGA;1319,0;;EM FRENTE AO BRADESCO;CORDEIRO;80,0;CIDADE;COLISÃO COM CICLISTA;0,0;0,0;0,0;1,0;0,0;1,0;0,0;0,0;0,0;1,0;0,0;Longo da via;Bom;Sem defeito;Perfeito estado;Seca;Perfeito estado;Não existe;;;Dupla;Faixa contínua;Faixa seccionada;Canteiro central
202215027,0;2022-07-01;;1;FINALIZADA;TORRE;RUA JOSE BONIFACIO;964,0;RUA DEMOSTENES DE OLINDA;EM FRENTE AO POSTO IPIRANGA;TORRE;576,0;SUBURBIO;COLISÃO TRANSVERSAL;1,0;1,0;0,0;0,0;0,0;0,0;0,0;0,0;0,0;1,0;0,0;Cruzamento;Bom;Sem defeito;Perfeito estado;Seca;Perfeito estado;Faixa de pedestre;Não há placas;40 km/h;Única;Faixa seccionada;;
202215029,0;2022-07-01;;1;FINALIZADA;JOANA BEZERRA;AV MARTIN LUTHER KING;;;AO LADO DA ACADEMIA DA CIDADE;JOANA BEZERRA;;;COLISÃO COM CICLISTA;1,0;0,0;0,0;1,0;0,0;0,0;0,0;0,0;0,0;1,0;0,0;;;;;;;;;;;;;
202215030,0;2022-07-01;;1;FINALIZADA;AFOGADOS;EST DOS REMEDIOS;161,0;RUA DO ACRE;EM FRENTE AO SUPERMERCADO TODO DIA;AFOGADOS;;SUBURBIO;COLISÃO LATERAL;1,0;1,0;0,0;0,0;0,0;0,0;0,0;0,0;0,0;1,0;0,0;Cruzamento;Bom;Não existe;Perfeito estado;Seca;Perfeito estado;Faixa de pedestre;Não há placas;;Dupla;Faixa contínua;;
202215034,0;2022-07-01;;1;FINALIZADA;IBURA;AV SANTA FE;127,0;AV GUARAPUAVA;PROXIMO AO POSTO DE SAÚDE, COLISÃO COM VITIMA, KGG3947 LOGAN/ RVJ3I82 MOTO;IBURA;;SUBURBIO;COLISÃO FRONTAL;1,0;1,0;0,0;0,0;0,0;0,0;0,0;0,0;0,0;1,0;0,0;Cruzamento;Bom;Não existe;Perfeito estado;Seca;Perfeito estado;Não existe;Outras;30 km/h;Dupla;Faixa seccionada;;
202215041,0;2022-07-01;;1;FINALIZADA;SÃO JOSÉ;PTE JOAQUIM CARDOSO;;RUA FRANCISCO ALVES;PROXIMO AO IMIP;SÃO JOSÉ;;SUBURBIO;COLISÃO LATERAL;0,0;1,0;0,0;0,0;0,0;0,0;0,0;1,0;0,0;2,0;0,0;Longo da via;Bom;Não existe;Perfeito estado;Seca;Perfeito estado;Não existe;Não há placas;;Única;Faixa seccionada;;
202215043,0;2022-07-01;;1;FINALIZADA;CASA AMARELA;RUA CONS NABUCO;178,0;RUA EVARISTO DA VEIGA;EM FRENTE A BROTHER BARBEARIA,  CENTER SALES NEVES;CASA AMARELA;;;COLISÃO FRONTAL;1,0;1,0;0,0;0,0;0,0;0,0;0,0;0,0;0,0;1,0;0,0;Esquina;Bom;Não existe;Incompleta;Seca;Perfeito estado;Não existe;Não há placas;;Dupla;Não existe;;
202215045,0;2022-07-01;;1;FINALIZADA;TOTÓ;AV LIBERDADE;37A;;EM FRENTE AO CEMITERIO PARQUE DAS FLORES;TOTÓ;;SUBURBIO;COLISÃO LATERAL;1,0;1,0;0,0;0,0;0,0;0,0;0,0;0,0;0,0;1,0;0,0;Longo da via;Bom;Não existe;Perfeito estado;Seca;Perfeito estado;Não existe;;;Dupla;Faixa contínua;;
202215054,0;2022-07-01;;1;FINALIZADA;IPUTINGA;AV CAXANGA;3372,0;;EM FRENTE AO BANCO SANTANDER -  PRÓXIMO AO ELEVADO;IPUTINGA;;SUBURBIO;COLISÃO TRANSVERSAL;1,0;1,0;0,0;0,0;0,0;0,0;0,0;0,0;0,0;2,0;0,0;Longo da via;Bom;Não existe;Perfeito estado;Seca;Perfeito estado;Não existe;Não há placas;;Dupla;Faixa seccionada;Canteiro central;
202215055,0;2022-07-01;;1;FINALIZADA;ENCRUZILHADA;RUA DONA ELVIRA;;RUA DA CORAGEM;PRÓXIMO A QUITANDARIA NA ESTRADA DE BELÉM;ENCRUZILHADA;;CIDADE;COLISÃO TRANSVERSAL;1,0;1,0;0,0;0,0;0,0;0,0;0,0;0,0;0,0;2,0;0,0;Cruzamento;Bom;Não existe;Perfeito estado;Seca;Perfeito estado;Faixa de retenção;"Placas ""Pare""";;Dupla;Não existe;;
202215056,0;2022-07-01;;1;FINALIZADA;IMBIRIBEIRA;AV GENERAL MAC ARTHUR;;AV DOM JOAO VI;PRÓXIMO AO LE PARC;IMBIRIBEIRA;;SUBURBIO;COLISÃO COM CICLISTA;1,0;0,0;0,0;1,0;0,0;0,0;0,0;0,0;0,0;1,0;0,0;Esquina;Bom;Não existe;Perfeito estado;Seca;Perfeito estado;Não existe;"Placas ""Pare""";;Única;Faixa seccionada;;
202215075,0;2022-07-02;;2;FINALIZADA;DOIS UNIDOS;AV HILDEBRANDO DE VASCONCELOS;;;HA CEM METROS DO CANIL DA POLICIA MILITAR;DOIS UNIDOS;;;CAPOTAMENTO;1,0;0,0;0,0;0,0;0,0;0,0;0,0;0,0;0,0;0,0;0,0;;;;;;;;;;;;;
202215092,0;2022-07-02;;1;FINALIZADA;ESTÂNCIA;AV RECIFE;5705,0;RUA LAURA BANDEIRA DE MELO;EM FRENTE À LOJA O BARATÃO DAS EMBALAGENS;ESTÂNCIA;705,0;;COLISÃO LATERAL;1,0;1,0;0,0;0,0;0,0;0,0;0,0;0,0;0,0;1,0;0,0;;;;;;;;;;;;;
202215122,0;2022-07-02;;1;FINALIZADA;VÁRZEA;AV CAXANGA;;;PERTO DA UPA DA CAXANGA;VÁRZEA;;CIDADE;COLISÃO TRASEIRA;2,0;0,0;0,0;0,0;0,0;0,0;0,0;0,0;0,0;1,0;0,0;Ponte;Nublado;Não existe;Perfeito estado;Molhada;Perfeito estado;Não existe;Não há placas;;Dupla;Canteiro central;;
202215194,0;2022-07-03;;2;FINALIZADA;CASA AMARELA;EST DO ARRAIAL;3087,0;1TR ARNOLDO MAGALHAES;AO LADO DO CONDOMÍNIO VAN GOGH , VEÍCULO SE CHOCOU EM MOTOCICLETA MT-05 VIATURA OFICIAL DA CTTU PLACA  PCO-5977 QUE ESTAVA ESTACIONADA COM AGENTE EM MONITORAMENTO NAS PROXIMIDADES DO EVENDO SÃO JOÃO DO SITIO DA TRINDADE.;CASA AMARELA;;SUBURBIO;CHOQUE;1,0;1,0;0,0;0,0;0,0;0,0;0,0;1,0;0,0;0,0;0,0;Longo da via;Chuvoso;Não existe;Perfeito estado;Molhada;Perfeito estado;Não existe;Não há placas;;Única;Não existe;;
202215209,0;2022-07-04;;1;FINALIZADA;BONGI;AV GENERAL SAN MARTIN;1083,0;;PRÓXIMO AOS CORREIOS;BONGI;;SUBURBIO;COLISÃO FRONTAL;1,0;0,0;0,0;0,0;0,0;0,0;1,0;0,0;0,0;1,0;0,0;Longo da via;Chuvoso;Não existe;Perfeito estado;Molhada;Perfeito estado;Não existe;R-6a;;Dupla;Faixa contínua;;
202215222,0;2022-07-04;;1;FINALIZADA;BOA VIAGEM;AV BOA VIAGEM;;AV ARMINDO MOURA;;BOA VIAGEM;84,0;;COLISÃO TRASEIRA;1,0;1,0;0,0;0,0;0,0;0,0;0,0;0,0;0,0;1,0;0,0;;;;;;;;;;;;;
202215227,0;2022-07-04;;2;FINALIZADA;DOIS UNIDOS;AV HILDEBRANDO DE VASCONCELOS;;;AO LADO DO CIP CAES;DOIS UNIDOS;;SUBURBIO;CAPOTAMENTO;1,0;0,0;0,0;0,0;0,0;0,0;0,0;0,0;0,0;0,0;0,0;Longo da via;Chuvoso;Não existe;Incompleta;Molhada;Perfeito estado;Não existe;;;Dupla;Não existe;;
202215230,0;2022-07-04;;1;FINALIZADA;IPSEP;RUA JEAN EMILE FAVRE;;RUA PAMPULHA;PRAÇA DA MAURICEA;IPSEP;564,0;SUBURBIO;COLISÃO TRANSVERSAL;1,0;1,0;0,0;0,0;0,0;0,0;0,0;0,0;0,0;1,0;0,0;Cruzamento;Chuvoso;Sem defeito;Perfeito estado;Molhada;;Faixa de pedestre;R-4a;40 km/h;Dupla;Faixa contínua;;
202215250,0;2022-07-04;;1;FINALIZADA;GUABIRABA;AV VEREADOR OTACILIO AZEVEDO;30,0;;TERMINAL DO ÔNIBUS GLOBO;GUABIRABA;;;COLISÃO LATERAL;1,0;1,0;0,0;0,0;0,0;0,0;0,0;0,0;0,0;1,0;0,0;;;;;;;;;;;;;
202215292,0;2022-07-05;;2;FINALIZADA;ENCRUZILHADA;AV BEBERIBE;484,0;RUA PROFESSOR JERONIMO GUEIROS;LADO OPOSTO AO 484;ENCRUZILHADA;;CIDADE;CHOQUE;0,0;0,0;0,0;0,0;0,0;0,0;0,0;1,0;0,0;0,0;0,0;Longo da via;Chuvoso;Sem defeito;Perfeito estado;Molhada;Perfeito estado;Outros;Outras;;Dupla;Faixa contínua;;
202215303,0;2022-07-05;;2;FINALIZADA;SANTO AMARO;AV GOVERNADOR AGAMENON MAGALHAES;;;EM FRENTE A ANTIGA FÁBRICA DO TACARUNA;SANTO AMARO;;CIDADE;;0,0;1,0;0,0;0,0;0,0;0,0;0,0;1,0;0,0;0,0;0,0;Longo da via;Bom;Não existe;Perfeito estado;Seca;Perfeito estado;Não existe;Não há placas;60 km/h;Única;Não existe;;
202215304,0;2022-07-05;;3;FINALIZADA;IPUTINGA;AV CAXANGA;;;PROXIMO Estação BRT  BR 101 , ACIDENTE 1 FATAL , CAMINHÃO SE EVADIU.;IPUTINGA;269,0;SUBURBIO;ATROPELAMENTO DE PESSOA;0,0;0,0;0,0;0,0;1,0;0,0;1,0;0,0;0,0;0,0;1,0;Longo da via;Bom;Sem defeito;Perfeito estado;Seca;Perfeito estado;Faixa de pedestre;Não há placas;60 km/h;Dupla;Canteiro central;Outros;
202215323,0;2022-07-05;;1;FINALIZADA;SAN MARTIN;AV GENERAL SAN MARTIN;1864,0;;PRAÇA DE EVENTOS;SAN MARTIN;;CIDADE;COLISÃO LATERAL;1,0;1,0;0,0;0,0;0,0;0,0;0,0;0,0;0,0;1,0;0,0;Longo da via;Bom;Não existe;Perfeito estado;Seca;Perfeito estado;Não existe;Não há placas;40 km/h;Dupla;Faixa contínua;;
202215325,0;2022-07-05;;2;FINALIZADA;JAQUEIRA;AV RUI BARBOSA;;;PARQUE DA JAQUEIRA;JAQUEIRA;;CIDADE;COLISÃO TRASEIRA;1,0;0,0;0,0;0,0;0,0;0,0;0,0;1,0;0,0;0,0;0,0;Longo da via;Bom;Não existe;Perfeito estado;Seca;Perfeito estado;Não existe;Não há placas;;Única;Não existe;;
202215329,0;2022-07-05;;1;CANCELADA;APIPUCOS;RUA DE APIPUCOS;355,0;;EM FRENTE À PIZZARIA STUPENDA MASSAS;APIPUCOS;;;COLISÃO LATERAL;1,0;1,0;0,0;0,0;0,0;0,0;0,0;0,0;0,0;1,0;0,0;;;;;;;;;;;;;
202215342,0;2022-07-05;;1;FINALIZADA;IMBIRIBEIRA;AV MARECHAL MASCARENHAS DE MORAES;4223,0;;LOGO APÓS O VIADUTO TANCREDO NEVES;IMBIRIBEIRA;;CIDADE;COLISÃO TRASEIRA;1,0;1,0;0,0;0,0;0,0;0,0;0,0;0,0;0,0;1,0;0,0;Longo da via;Bom;Não existe;Perfeito estado;Seca;Perfeito estado;Não existe;Não há placas;;Única;Faixa seccionada;;
202215349,0;2022-07-05;;1;FINALIZADA;IMBIRIBEIRA;RUA ITACARI;162,0;RUA ITAJAI;PROXIMO A EMPRESA YNOVE;IMBIRIBEIRA;;SUBURBIO;COLISÃO TRANSVERSAL;2,0;1,0;0,0;0,0;0,0;0,0;0,0;0,0;0,0;1,0;0,0;Cruzamento;Bom;Não existe;Perfeito estado;Seca;Perfeito estado;Faixa de pedestre;"Placas ""Pare""";;Única;Faixa seccionada;;