Protocolo;data;hora;natureza;situacao;bairro;endereco;numero;detalhe_endereco_acidente;complemento;bairro_cruzamento;num_semaforo;sentido_via;tipo;auto;moto;ciclom;ciclista;pedestre;onibus;caminhao;viatura;outros;vitimas;vitimasfatais;acidente_verificado;tempo_clima;situacao_semaforo;sinalizacao;condicao_via;conservacao_via;ponto_controle;situacao_placa;velocidade_max_via;mao_direcao;divisao_via1;divisao_via2;divisao_via3
202215354,0;2022-07-05;;1;FINALIZADA;ROSARINHO;AV NORTE MIGUEL ARRAES DE ALENCAR;;AV SANTOS DUMONT;ACIDENTE 1 ENVOVENDO MOTO E PEDESTRES ( ATROPELAMENTO )  INFORMAÇÃO COLHIDA A POSTERIOR;ROSARINHO;81,0;CIDADE;ATROPELAMENTO DE PESSOA;0,0;1,0;0,0;0,0;1,0;0,0;0,0;0,0;0,0;2,0;0,0;Longo da via;Bom;Sem defeito;Perfeito estado;Seca;Perfeito estado;Faixa de pedestre;Outras;;Dupla;Canteiro central;;
202215360,0;2022-07-05;;1;FINALIZADA;CORDEIRO;AV GENERAL SAN MARTIN;;;AO LADO DA COMPAZ;CORDEIRO;;;COLISÃO LATERAL;1,0;1,0;0,0;0,0;0,0;0,0;0,0;0,0;0,0;1,0;0,0;;;;;;;;;;;;;
202215361,0;2022-07-05;;1;FINALIZADA;AFOGADOS;RUA CARLOS PENA FILHO;1136,0;RUA SAO MIGUEL;EM FRENTE CHINE BOX DE AFOGADOS;AFOGADOS;;SUBURBIO;COLISÃO LATERAL;1,0;1,0;0,0;0,0;0,0;0,0;0,0;0,0;0,0;1,0;0,0;Cruzamento;Chuvoso;Não existe;Incompleta;Molhada;Mal conservada;Não existe;Não há placas;60 km/h;Dupla;Não existe;;
202215368,0;2022-07-05;;2;FINALIZADA;ESTÂNCIA;AV RECIFE;5630,0;;EM FRENTE AO CERPE;ESTÂNCIA;;;COLISÃO TRASEIRA;1,0;0,0;0,0;0,0;0,0;0,0;1,0;0,0;0,0;0,0;0,0;Longo da via;Chuvoso;Sem defeito;Perfeito estado;Seca;Perfeito estado;;Não há placas;50 km/h;Dupla;Faixa contínua;;
202215370,0;2022-07-05;;1;FINALIZADA;PARNAMIRIM;AV DEZESSETE DE AGOSTO;372,0;AV FLOR DE SANTANA;BURGER KING;PARNAMIRIM;614,0;SUBURBIO;COLISÃO TRANSVERSAL;1,0;1,0;0,0;0,0;0,0;0,0;0,0;0,0;0,0;1,0;0,0;Cruzamento;Chuvoso;Sem defeito;Perfeito estado;Molhada;Perfeito estado;Faixa de pedestre;Outras;;Dupla;Faixa contínua;;
202215371,0;2022-07-05;;1;FINALIZADA;ARRUDA;AV PROFESSOR JOSE DOS ANJOS;;AV BEBERIBE;;ARRUDA;131,0;CIDADE;COLISÃO LATERAL;1,0;0,0;0,0;0,0;0,0;0,0;1,0;0,0;0,0;1,0;0,0;Cruzamento;Chuvoso;Sem defeito;Perfeito estado;Molhada;Perfeito estado;Faixa de pedestre;Outras;;Dupla;Faixa contínua;;
202215373,0;2022-07-05;;1;FINALIZADA;DOIS UNIDOS;AV HILDEBRANDO DE VASCONCELOS;781,0;;PROXIMO A ANTIGA FABRICA MINERVA / ASINHA DO TOINHO;DOIS UNIDOS;;CIDADE;COLISÃO LATERAL;1,0;1,0;0,0;0,0;0,0;1,0;0,0;0,0;0,0;1,0;0,0;Longo da via;Chuvoso;Não existe;Não existente;Molhada;Perfeito estado;Não existe;Não há placas;;Dupla;Não existe;;
202215403,0;2022-07-06;;1;FINALIZADA;SANTO AMARO;AV GOVERNADOR AGAMENON MAGALHAES;;AV DR JAYME DA FONTE;NO SEMAFORO 049;SANTO AMARO;49,0;SUBURBIO;COLISÃO TRASEIRA;1,0;1,0;0,0;0,0;0,0;0,0;0,0;0,0;0,0;1,0;0,0;Cruzamento;Bom;Sem defeito;Perfeito estado;Seca;Perfeito estado;Faixa de pedestre;Não há placas;60 km/h;Dupla;Faixa seccionada;;
202215409,0;2022-07-06;;2;FINALIZADA;SANTO ANTÔNIO;RUA FLORIANO PEIXOTO;;;BRADESCO / CASAS BAHIA;SANTO ANTÔNIO;;CIDADE;COLISÃO TRASEIRA;1,0;0,0;0,0;0,0;0,0;0,0;0,0;1,0;0,0;0,0;0,0;Longo da via;Bom;Não existe;Não existente;Seca;Perfeito estado;Não existe;Outras;;Única;Não existe;;
202215438,0;2022-07-06;;1;FINALIZADA;IPUTINGA;AV MAURICIO DE NASSAU;268,0;;EM FRENTE AO ALUGUEL DE REBOQUE;IPUTINGA;;;COLISÃO TRANSVERSAL;1,0;1,0;0,0;0,0;0,0;0,0;0,0;0,0;0,0;1,0;0,0;Cruzamento;Bom;Não existe;Ilegível;Seca;Perfeito estado;Não existe;R-6a;;Dupla;Outros;;
202215445,0;2022-07-06;;2;FINALIZADA;BOA VISTA;AV GOVERNADOR AGAMENON MAGALHAES;;RUA JOAO FERNANDES VIEIRA;COLÉGIO AMERICANO BATISTA;BOA VISTA;37,0;;;1,0;0,0;0,0;0,0;0,0;0,0;0,0;1,0;0,0;0,0;0,0;Cruzamento;Bom;Sem defeito;Perfeito estado;Seca;Perfeito estado;Agente;Não há placas;60 km/h;Dupla;Canteiro central;;
202215447,0;2022-07-06;;1;FINALIZADA;DERBY;AV GOVERNADOR AGAMENON MAGALHAES;1160,0;AV RUI BARBOSA;EM FRENTE AO TRE;DERBY;37,0;SUBURBIO;QUEDA;0,0;1,0;0,0;0,0;0,0;0,0;0,0;0,0;0,0;1,0;0,0;Longo da via;Bom;Sem defeito;Perfeito estado;Seca;Perfeito estado;Faixa de pedestre;Outras;60 km/h;Única;Canteiro central;;
202215451,0;2022-07-06;;1;FINALIZADA;BOA VISTA;RUA DA AURORA;1301,0;;EM FRENTE AO BANCO CENTRAL;BOA VISTA;;;ATROPELAMENTO DE PESSOA;1,0;0,0;0,0;0,0;1,0;0,0;0,0;0,0;0,0;1,0;0,0;Longo da via;Bom;Não existe;Perfeito estado;Seca;Perfeito estado;Não existe;Não há placas;;Dupla;Canteiro central;;
202215472,0;2022-07-07;;2;CANCELADA;CIDADE UNIVERSITÁRIA;AV CAXANGA;;RUA GENERAL POLIDORO;EM FRENTE A FIAT;CIDADE UNIVERSITÁRIA;608,0;;COLISÃO TRANSVERSAL;2,0;0,0;0,0;0,0;0,0;0,0;0,0;0,0;0,0;0,0;0,0;;;;;;;;;;;;;
202215475,0;2022-07-07;;1;FINALIZADA;BOA VIAGEM;RUA VISCONDE DE JEQUITINHONHA;;RUA CAPITAO ZUZINHA;SEM. 433 - CRUZAMENTO C/A RUA CAP ZUZINHA;BOA VIAGEM;433,0;;COLISÃO COM CICLISTA;0,0;0,0;0,0;1,0;0,0;1,0;0,0;0,0;0,0;1,0;0,0;Cruzamento;Bom;Sem defeito;Perfeito estado;Seca;Perfeito estado;;Outras;;;;;
202215483,0;2022-07-07;;1;FINALIZADA;SÃO JOSÉ;C SANTA RITA;595,0;;OPOSTO AS TORRES GEMEAS;SÃO JOSÉ;;SUBURBIO;COLISÃO LATERAL;1,0;1,0;0,0;0,0;0,0;0,0;0,0;0,0;0,0;1,0;0,0;Longo da via;Chuvoso;Não existe;Não existente;Molhada;Perfeito estado;Não existe;Não há placas;60 km/h;Única;Faixa seccionada;;
202215485,0;2022-07-07;;1;FINALIZADA;CASA AMARELA;AV NORTE MIGUEL ARRAES DE ALENCAR;270,0;;PROX. A FARMACIA DO TRABALHADOR;CASA AMARELA;95,0;CIDADE;ATROPELAMENTO DE PESSOA;0,0;1,0;0,0;0,0;1,0;0,0;0,0;0,0;0,0;2,0;0,0;Longo da via;Chuvoso;Sem defeito;Perfeito estado;Molhada;Perfeito estado;Faixa de pedestre;R-6a;;Dupla;Faixa seccionada;;
202215506,0;2022-07-07;;2;FINALIZADA;JORDÃO;AV DONA CARENTINA;;;AO LADO DA PRAÇA DO JORDÃO ALTO;JORDÃO;;SUBURBIO;COLISÃO TRASEIRA;3,0;0,0;0,0;0,0;0,0;0,0;0,0;0,0;0,0;0,0;0,0;Longo da via;Bom;Não existe;Não existente;Seca;Perfeito estado;Não existe;Não há placas;;Dupla;Não existe;;
202215515,0;2022-07-07;;1;CANCELADA;SANTO ANTÔNIO;AV DANTAS BARRETO;;;COLISÃO ENTRE AUTO / MOTO.  ENVOLVENDO O SUB MALAGUETA, SOLICITADO APOIO DOS BATEDORES  INSP VALMIR  / BAT  LIMOEIRO;SANTO ANTÔNIO;;;COLISÃO LATERAL;1,0;1,0;0,0;0,0;0,0;0,0;0,0;0,0;0,0;1,0;0,0;;;;;;;;;;;;;
202215553,0;2022-07-07;;1;FINALIZADA;BOA VIAGEM;RUA BARAO DE SOUZA LEAO;1000,0;RUA ALMIRANTE TAMANDARE;ESCOLA SANTOS DUMONT;BOA VIAGEM;;SUBURBIO;COLISÃO LATERAL;1,0;1,0;0,0;0,0;0,0;0,0;0,0;0,0;0,0;1,0;0,0;Esquina;Bom;Não existe;Perfeito estado;Seca;Perfeito estado;Não existe;Não há placas;;Única;Faixa seccionada;;
202215554,0;2022-07-07;;2;FINALIZADA;BAIRRO DO RECIFE;AV ALFREDO LISBOA;;;OGRIO RECIFE AO LADO;BAIRRO DO RECIFE;;SUBURBIO;CHOQUE;1,0;0,0;0,0;0,0;0,0;0,0;0,0;0,0;0,0;0,0;0,0;Longo da via;Chuvoso;Não existe;Perfeito estado;Molhada;Perfeito estado;Não existe;R-6a;;Única;Faixa seccionada;;
202215571,0;2022-07-08;;1;CANCELADA;PRADO;RUA CARLOS GOMES;481,0;;EM FRENTE AO CONSELHO REGIONAL DE CONTABILIDADE;PRADO;;;COLISÃO FRONTAL;1,0;1,0;0,0;0,0;0,0;0,0;0,0;0,0;0,0;1,0;0,0;;;;;;;;;;;;;
202215573,0;2022-07-08;;2;FINALIZADA;GRAÇAS;RUA ANTONIO NOVAIS;241,0;RUA SOUZA DE ANDRADE;;GRAÇAS;;SUBURBIO;;0,0;0,0;0,0;0,0;0,0;0,0;1,0;0,0;0,0;0,0;0,0;Cruzamento;Bom;Não existe;Perfeito estado;Seca;Perfeito estado;Não existe;;;Única;Não existe;;
202215575,0;2022-07-08;;1;FINALIZADA;MADALENA;RUA DEMOCRITO DE SOUZA FILHO;17,0;RUA BARTOLOMEU DE GUSMAO;BELEZA CAFÉ MODA E BARBEARIA;MADALENA;;CIDADE;COLISÃO TRANSVERSAL;1,0;1,0;0,0;0,0;0,0;0,0;0,0;0,0;0,0;2,0;0,0;Cruzamento;Bom;Não existe;Perfeito estado;Seca;Perfeito estado;Não existe;Não há placas;;Única;Faixa seccionada;;
202215596,0;2022-07-08;;1;FINALIZADA;ÁGUA FRIA;RUA SAO SEBASTIAO;1312,0;RUA JULIO JOSE DE SOUZA;PROX A BRASILGAS;ÁGUA FRIA;;;CHOQUE;0,0;0,0;0,0;0,0;0,0;0,0;1,0;0,0;0,0;2,0;0,0;Longo da via;Chuvoso;Não existe;Não existente;Molhada;Perfeito estado;Não existe;Não há placas;;Dupla;Não existe;;
202215611,0;2022-07-08;;1;FINALIZADA;IPUTINGA;EST DO BARBALHO;532,0;;EM FRENTE A CARLOS PEÇAS;IPUTINGA;;CIDADE;COLISÃO COM CICLISTA;0,0;1,0;0,0;1,0;0,0;0,0;0,0;0,0;0,0;1,0;0,0;Longo da via;Bom;Não existe;Incompleta;Seca;Perfeito estado;Não existe;Não há placas;;Única;Não existe;;
202215629,0;2022-07-08;;1;FINALIZADA;SÃO JOSÉ;AV SUL;585,0;;ANTES DO POSTO BR / LOJA DOS FREIOS;SÃO JOSÉ;;CIDADE;CHOQUE;0,0;1,0;0,0;0,0;0,0;0,0;0,0;0,0;1,0;2,0;0,0;Longo da via;Bom;Não existe;Perfeito estado;Seca;Perfeito estado;Não existe;Não há placas;;Única;Faixa seccionada;;
202215642,0;2022-07-08;;1;FINALIZADA;CAMPO GRANDE;RUA PROFESSOR FRANCISCO DA TRINDADE;480,0;RUA CATULO DA PAIXAO CEARENSE;DEPOIS DO CLUBE DAS PAZ PRIMEIRA DIREITA;CAMPO GRANDE;;SUBURBIO;COLISÃO TRANSVERSAL;2,0;0,0;0,0;0,0;0,0;0,0;0,0;0,0;0,0;1,0;0,0;Cruzamento;Bom;Não existe;Perfeito estado;Seca;Perfeito estado;Faixa de pedestre;;;Dupla;Faixa seccionada;;
202215646,0;2022-07-08;;1;CANCELADA;LINHA DO TIRO;AV VEREADOR OTACILIO AZEVEDO;;;PRÓXIMO AO TERMINAL DO BREJO;LINHA DO TIRO;;;COLISÃO COM CICLISTA;0,0;0,0;0,0;0,0;0,0;0,0;0,0;0,0;0,0;1,0;0,0;;;;;;;;;;;;;
202215650,0;2022-07-08;;1;FINALIZADA;DOIS IRMÃOS;RUA MANUEL DE MEDEIROS;;;EM FRENTE  A UFRPE;DOIS IRMÃOS;588,0;;COLISÃO LATERAL;1,0;1,0;0,0;0,0;0,0;0,0;0,0;0,0;0,0;2,0;0,0;Longo da via;Bom;Sem defeito;Perfeito estado;Seca;Perfeito estado;Não existe;Não há placas;40 km/h;Dupla;Faixa contínua;;
202215658,0;2022-07-08;;1;FINALIZADA;AFOGADOS;RUA SAO MIGUEL;;EST DOS REMEDIOS;LARGO DA PAZ;AFOGADOS;53,0;SUBURBIO;COLISÃO TRANSVERSAL;0,0;0,0;1,0;0,0;0,0;1,0;0,0;0,0;0,0;2,0;0,0;Cruzamento;Bom;Sem defeito;Perfeito estado;Seca;Perfeito estado;Faixa de pedestre;Outras;;Única;Não existe;;
202215665,0;2022-07-09;;1;FINALIZADA;CASA AMARELA;AV NORTE MIGUEL ARRAES DE ALENCAR;;;SUPERMERCADO MAIS VOCÊ;CASA AMARELA;95,0;SUBURBIO;COLISÃO TRASEIRA;2,0;1,0;0,0;0,0;0,0;0,0;0,0;0,0;0,0;4,0;0,0;Longo da via;Bom;Sem defeito;Perfeito estado;Seca;Perfeito estado;Faixa de pedestre;R-6a;;Dupla;Canteiro central;;
202215689,0;2022-07-09;;1;FINALIZADA;CASA AMARELA;EST DAS UBAIAS;;RUA CONS NABUCO;POSTO BR / SEMÁFORO 655;CASA AMARELA;655,0;;QUEDA;1,0;1,0;0,0;0,0;0,0;0,0;0,0;0,0;0,0;1,0;0,0;;;;;;;;;;;;;
202215737,0;2022-07-10;;1;FINALIZADA;NOVA DESCOBERTA;RUA NOVA DESCOBERTA;;;NA ENTRADA DO CORREGO DA AREIA, PRÓXIMO A FEIRA DE NOVA DESCOBERTA;NOVA DESCOBERTA;;;COLISÃO LATERAL;0,0;1,0;0,0;0,0;0,0;1,0;0,0;0,0;0,0;1,0;0,0;;;;;;;;;;;;;
202215746,0;2022-07-10;;1;FINALIZADA;AFOGADOS;RUA COSME VIANA;180,0;RUA DR ADELINO;;AFOGADOS;426,0;SUBURBIO;COLISÃO LATERAL;0,0;2,0;0,0;0,0;0,0;0,0;0,0;0,0;0,0;1,0;0,0;Cruzamento;Bom;Sem defeito;Perfeito estado;Seca;Perfeito estado;Não existe;Não há placas;;Única;Não existe;;
202215786,0;2022-07-10;;1;FINALIZADA;CASA AMARELA;EST DO ARRAIAL;3310,0;RUA BELA VISTA;COM ESTRADA DO ARRAIAL;CASA AMARELA;;SUBURBIO;COLISÃO LATERAL;0,0;1,0;1,0;0,0;0,0;0,0;0,0;0,0;0,0;1,0;0,0;Esquina;Bom;Não existe;Não existente;Seca;Perfeito estado;Não existe;Não há placas;;Única;Faixa seccionada;;
202215793,0;2022-07-11;;1;FINALIZADA;IPUTINGA;AV PROFESSOR JOAQUIM CAVALCANTI;;;PROXIMO AO VIADUTO DA CAXANGA;IPUTINGA;;SUBURBIO;CHOQUE;1,0;0,0;0,0;0,0;0,0;0,0;0,0;0,0;0,0;3,0;0,0;Outros;Chuvoso;Não existe;Incompleta;Molhada;Perfeito estado;Não existe;Não há placas;;Dupla;Canteiro central;;
202215805,0;2022-07-11;;1;FINALIZADA;DERBY;AV GOVERNADOR AGAMENON MAGALHAES;;;EM FRENTE A RESTAURAÇÃO, SENT. BOA VIAGEM;DERBY;650,0;;COLISÃO TRASEIRA;0,0;2,0;0,0;0,0;0,0;0,0;0,0;0,0;0,0;2,0;0,0;Longo da via;Bom;Sem defeito;;Molhada;Perfeito estado;Outros;Não há placas;60 km/h;Única;Faixa seccionada;;
202215820,0;2022-07-11;;1;FINALIZADA;AFOGADOS;EST DOS REMEDIOS;1118,0;;EM FRENTE A CUNHA PNEUS;AFOGADOS;;CIDADE;COLISÃO TRASEIRA;1,0;1,0;0,0;0,0;0,0;0,0;0,0;0,0;0,0;1,0;0,0;Longo da via;Bom;Não existe;Perfeito estado;Seca;Perfeito estado;Não existe;R-6a;;Única;Faixa contínua;Faixa seccionada;
202215823,0;2022-07-11;;1;FINALIZADA;PINA;AV ENGENHEIRO DOMINGOS FERREIRA;210,0;;EM FRENTE AO ANTIGO CARTORIO DE REGISTRO;PINA;;SUBURBIO;COLISÃO LATERAL;1,0;1,0;0,0;0,0;0,0;0,0;0,0;0,0;0,0;1,0;0,0;Longo da via;Bom;Não existe;Incompleta;Seca;Mal iluminada;Não existe;Não há placas;;Única;Não existe;;
202215894,0;2022-07-12;;1;FINALIZADA;AREIAS;RUA JOSE NATARIO;343,0;;PRÓX. À CBTU;AREIAS;;SUBURBIO;COLISÃO TRASEIRA;0,0;2,0;0,0;0,0;0,0;0,0;0,0;0,0;0,0;1,0;0,0;Longo da via;Bom;Não existe;Não existente;Seca;Perfeito estado;Não existe;Não há placas;;Dupla;Não existe;;
202215898,0;2022-07-12;;1;FINALIZADA;IMBIRIBEIRA;AV MARECHAL MASCARENHAS DE MORAES;;RUA JALISCO;EM FRENTE O GERALDÃO;IMBIRIBEIRA;290,0;CIDADE;COLISÃO TRASEIRA;1,0;1,0;0,0;0,0;0,0;0,0;0,0;0,0;0,0;1,0;0,0;Longo da via;Bom;Sem defeito;Perfeito estado;Seca;Perfeito estado;Faixa de retenção;Outras;;Dupla;Canteiro central;;
202215906,0;2022-07-12;;1;FINALIZADA;TEJIPIÓ;AV DR JOSE RUFINO;3385,0;;PROX AO ARMAZEM CORAL;TEJIPIÓ;;CIDADE;COLISÃO TRASEIRA;1,0;1,0;0,0;0,0;0,0;0,0;0,0;0,0;0,0;1,0;0,0;Longo da via;Bom;Não existe;Ilegível;Seca;Perfeito estado;Não existe;Não há placas;;Dupla;Faixa contínua;;
202215934,0;2022-07-13;;1;FINALIZADA;DOIS UNIDOS;AV HILDEBRANDO DE VASCONCELOS;;RUA URIEL DE HOLANDA;CT DO SANTA CRUZ / ENTRADA DE DOIS UNIDOS;DOIS UNIDOS;;SUBURBIO;COLISÃO FRONTAL;1,0;1,0;0,0;0,0;0,0;0,0;0,0;0,0;0,0;1,0;0,0;Cruzamento;Chuvoso;Não existe;Não existente;Molhada;Perfeito estado;Não existe;Não há placas;;Dupla;Não existe;;
202215939,0;2022-07-13;;1;FINALIZADA;PINA;AV HERCULANO BANDEIRA;543,0;;EM FRENTE AO MARTELINHO DE OURO;PINA;;SUBURBIO;COLISÃO TRASEIRA;1,0;1,0;0,0;0,0;0,0;0,0;0,0;0,0;0,0;1,0;0,0;Longo da via;Chuvoso;Não existe;Perfeito estado;Molhada;Perfeito estado;Não existe;R-6a;60 km/h;Única;Faixa seccionada;;
202215957,0;2022-07-13;;1;FINALIZADA;BOA VIAGEM;RUA WALDEMAR NERY CARNEIRO MONTEIRO;531,0;RUA SIDERAL;PRÓX. AO ESPAÇO CRIANÇAR E AO CAPS ESPAÇO LIVREMENTE;BOA VIAGEM;;SUBURBIO;COLISÃO LATERAL;2,0;1,0;0,0;0,0;0,0;0,0;0,0;0,0;0,0;1,0;0,0;Cruzamento;Bom;Não existe;Não existente;Seca;Perfeito estado;Não existe;Não há placas;;Dupla;Faixa contínua;;
202215960,0;2022-07-13;;2;FINALIZADA;CABANGA;AV ENGENHEIRO JOSE ESTELITA;;;APÓS O CABANGA IATE CLUBE;CABANGA;;CIDADE;;2,0;0,0;0,0;0,0;0,0;0,0;0,0;0,0;0,0;0,0;0,0;Longo da via;Bom;Não existe;Perfeito estado;Seca;Perfeito estado;Não existe;R-19;60 km/h;Dupla;Faixa seccionada;Canteiro central;
202215966,0;2022-07-13;;1;FINALIZADA;TORRE;AV BEIRA RIO;;RUA CONDE DE IRAJA;PRÓX. À OGREJA EXÉRCITO DE SALVAÇÃO;TORRE;630,0;SUBURBIO;COLISÃO TRANSVERSAL;1,0;1,0;0,0;0,0;0,0;0,0;0,0;0,0;0,0;1,0;0,0;Cruzamento;Bom;Sem defeito;Perfeito estado;Seca;Perfeito estado;Faixa de pedestre;Outras;;Dupla;Faixa contínua;;
202215976,0;2022-07-13;;1;FINALIZADA;ÁGUA FRIA;RUA DA REGENERACAO;898A;RUA DEZESSEIS DE JULHO;EM FRENTE AO IRMÃO ANDRADRE BEBIDAS;ÁGUA FRIA;;;COLISÃO FRONTAL;1,0;1,0;0,0;0,0;0,0;0,0;0,0;0,0;0,0;1,0;0,0;Longo da via;Bom;Não existe;Incompleta;Seca;Perfeito estado;Não existe;Não há placas;;Dupla;Não existe;;
202215986,0;2022-07-13;;1;CANCELADA;IBURA;RUA IBIARA;188,0;;E/F A ANTIGA FREVO;IBURA;;;COLISÃO LATERAL;0,0;1,0;0,0;0,0;0,0;0,0;1,0;0,0;0,0;2,0;0,0;;;;;;;;;;;;;
202215993,0;2022-07-13;;1;FINALIZADA;BOA VIAGEM;AV ENGENHEIRO DOMINGOS FERREIRA;1274,0;;EM FRENTE A CASA PRONTA;BOA VIAGEM;;;ATROPELAMENTO DE PESSOA;1,0;0,0;0,0;0,0;2,0;0,0;0,0;0,0;0,0;2,0;0,0;;;;;;;;;;;;;
202216004,0;2022-07-13;;1;FINALIZADA;CASA AMARELA;RUA PADRE LEMOS;;RUA DR TOME DIAS;ESQUINA DA IGREJA UNIVERSAL;CASA AMARELA;;SUBURBIO;COLISÃO TRASEIRA;1,0;1,0;0,0;0,0;0,0;0,0;0,0;0,0;0,0;1,0;0,0;Longo da via;Bom;Não existe;Perfeito estado;Seca;Perfeito estado;Não existe;Outras;;Dupla;;;
202216007,0;2022-07-13;;2;CANCELADA;AREIAS;AV IZABEL DE GOES;407,0;;;AREIAS;;;COLISÃO LATERAL;0,0;0,0;0,0;0,0;0,0;0,0;0,0;0,0;0,0;0,0;0,0;;;;;;;;;;;;;
202216008,0;2022-07-13;;2;FINALIZADA;;RUA JOAO FERNANDES VIEIRA;;PRC PARQUE AMORIM;EM FRENTE SUPER BOMPREÇO;;173,0;SUBURBIO;;1,0;0,0;0,0;0,0;0,0;1,0;0,0;0,0;0,0;0,0;0,0;Longo da via;Bom;Sem defeito;Perfeito estado;Seca;Perfeito estado;Faixa de pedestre;;;Única;Faixa seccionada;;
202216012,0;2022-07-14;;1;FINALIZADA;IMBIRIBEIRA;RUA ARQUITETO LUIZ NUNES;438,0;RUA ARQUITETO FERNANDO ALMEIDA;PRÓXIMO A LAGOA DO ARAÇA ONDE TEM A LOMBADA ELET^RNICA;IMBIRIBEIRA;;SUBURBIO;COLISÃO LATERAL;1,0;1,0;0,0;0,0;0,0;0,0;0,0;0,0;0,0;1,0;0,0;Cruzamento;Chuvoso;Não existe;Perfeito estado;Molhada;Perfeito estado;Não existe;Não há placas;;Única;Faixa seccionada;;
202216036,0;2022-07-14;;1;FINALIZADA;IPSEP;AV SENADOR ROBERT KENNEDY;350,0;RUA CONDESSA DE BARRAL;EM FRENTE À URB / REGIONAL SUL DA DIRCON;IPSEP;;SUBURBIO;COLISÃO FRONTAL;1,0;1,0;0,0;0,0;0,0;0,0;0,0;0,0;0,0;1,0;0,0;Cruzamento;Bom;Não existe;Não existente;Seca;Perfeito estado;Não existe;Não há placas;;Dupla;Faixa seccionada;;
202216049,0;2022-07-14;;1;FINALIZADA;AREIAS;AV SALDANHA MARINHO;652,0;AV RECIFE;EM FRENTE AO POSTO BR;AREIAS;;SUBURBIO;COLISÃO LATERAL;1,0;1,0;0,0;0,0;0,0;0,0;0,0;0,0;0,0;2,0;0,0;;;;;;;;;;;;;
202216058,0;2022-07-14;;2;FINALIZADA;AFOGADOS;RUA SAO MIGUEL;;;NO SEMÁFORO 423;AFOGADOS;423,0;;COLISÃO LATERAL;2,0;0,0;0,0;0,0;0,0;0,0;0,0;0,0;0,0;0,0;0,0;Longo da via;Bom;Não existe;Perfeito estado;Seca;Perfeito estado;Não existe;Não há placas;;Dupla;Faixa contínua;;
202216071,0;2022-07-14;;2;FINALIZADA;IPSEP;AV SENADOR ROBERT KENNEDY;;RUA RIO OCEANICO;PROX A CLINICA MED SLIM;IPSEP;;;COLISÃO FRONTAL;1,0;0,0;0,0;0,0;0,0;0,0;1,0;0,0;0,0;0,0;0,0;;;;;;;;;;;;;
202216073,0;2022-07-14;;1;FINALIZADA;ILHA DO LEITE;RUA FRANCISCO ALVES;;RUA CAPITAO JOSE DA LUZ;NA FRENTE DO EMPRESARIAL RIO CAPIBARIBE;ILHA DO LEITE;107,0;;COLISÃO FRONTAL;1,0;1,0;0,0;0,0;0,0;0,0;0,0;0,0;0,0;1,0;0,0;Cruzamento;Bom;Não existe;Perfeito estado;Seca;Perfeito estado;Faixa de retenção;"Placas ""Pare""";;Dupla;Faixa contínua;;
202216079,0;2022-07-14;;1;FINALIZADA;VASCO DA GAMA;RUA ALTO DO EUCALIPTO;283,0;;PROX A BARRACA DO SEU ALCIDES;VASCO DA GAMA;;;COLISÃO LATERAL;0,0;2,0;0,0;0,0;0,0;0,0;0,0;0,0;0,0;2,0;0,0;Longo da via;Bom;Não existe;Perfeito estado;Seca;Perfeito estado;Não existe;;30 km/h;Dupla;Não existe;;
202216158,0;2022-07-15;;1;FINALIZADA;IPSEP;RUA ITACARI;162,0;RUA ITAJAI;RUA ITAJAI - PROX ACADEMIA XTR  -  COLISÃO ENTRE DOIS AUTO.  SAMU A CAMINHO DE LOCAL , PFF-1112 HONDA CITY CINZA/ QNG-9998 ONIX PRATA;IPSEP;;;COLISÃO FRONTAL;2,0;0,0;0,0;0,0;0,0;0,0;0,0;0,0;0,0;1,0;0,0;Cruzamento;Bom;Não existe;Perfeito estado;Seca;Perfeito estado;Faixa de pedestre;"Placas ""Pare""";40 km/h;Única;Faixa contínua;;
202216172,0;2022-07-15;;1;CANCELADA;BOA VIAGEM;RUA VISCONDE DE JEQUITINHONHA;1140,0;;PROX AO HOSPITAL ALFA;BOA VIAGEM;;;COLISÃO TRASEIRA;1,0;1,0;0,0;0,0;0,0;0,0;0,0;0,0;0,0;1,0;0,0;;;;;;;;;;;;;
202216180,0;2022-07-15;;2;FINALIZADA;TORRÕES;RUA GURUPI;80,0;;AO LADO DO POSTO IPIRANGA;TORRÕES;;;COLISÃO LATERAL;0,0;0,0;0,0;0,0;0,0;0,0;0,0;0,0;0,0;0,0;0,0;Longo da via;Bom;Não existe;Não existente;Seca;Perfeito estado;Não existe;Não há placas;;Dupla;Não existe;;
202216186,0;2022-07-15;;1;FINALIZADA;IPUTINGA;AV CAXANGA;3275,0;;PROX AO SUPERMERCADO ARCO-MIX;IPUTINGA;;;QUEDA;0,0;1,0;0,0;0,0;0,0;0,0;0,0;0,0;0,0;1,0;0,0;Longo da via;Bom;Não existe;Perfeito estado;Seca;Perfeito estado;Não existe;Não há placas;;Dupla;Canteiro central;;