Protocolo;data;hora;natureza;situacao;bairro;endereco;numero;detalhe_endereco_acidente;complemento;bairro_cruzamento;num_semaforo;sentido_via;tipo;auto;moto;ciclom;ciclista;pedestre;onibus;caminhao;viatura;outros;vitimas;vitimasfatais;acidente_verificado;tempo_clima;situacao_semaforo;sinalizacao;condicao_via;conservacao_via;ponto_controle;situacao_placa;velocidade_max_via;mao_direcao;divisao_via1;divisao_via2;divisao_via3
202216190,0;2022-07-15;;1;FINALIZADA;SAN MARTIN;AV GENERAL SAN MARTIN;2489,0;;PRÓXIMO A RUA TENENTE MINDELO;SAN MARTIN;;SUBURBIO;COLISÃO COM CICLISTA;1,0;0,0;0,0;1,0;0,0;0,0;0,0;0,0;0,0;1,0;0,0;Longo da via;Chuvoso;Não existe;Perfeito estado;Molhada;;;;;Dupla;Não existe;;
202216215,0;2022-07-16;;1;FINALIZADA;PINA;AV ANTONIO DE GOES;;;DNIT;PINA;103,0;CIDADE;COLISÃO TRASEIRA;1,0;1,0;0,0;0,0;0,0;0,0;0,0;0,0;0,0;1,0;0,0;Outros;Chuvoso;Sem defeito;Perfeito estado;Molhada;Perfeito estado;Faixa de pedestre;;;Única;Faixa seccionada;;
202216251,0;2022-07-16;;1;FINALIZADA;GRAÇAS;RUA SAO SALVADOR;105,0;;PROX A UNIMED DA AGAMENON MAGALHÕES;GRAÇAS;;;COLISÃO LATERAL;1,0;1,0;0,0;0,0;0,0;0,0;0,0;0,0;0,0;1,0;0,0;Longo da via;Chuvoso;Não existe;;Molhada;Perfeito estado;;;;;;;
202216266,0;2022-07-16;;1;FINALIZADA;CAMPO GRANDE;RUA MARQUES DE ABRANTES;124,0;RUA PRUDENTE DE MORAES;PROX AO ULTRA GAS;CAMPO GRANDE;;CIDADE;COLISÃO TRANSVERSAL;1,0;1,0;0,0;0,0;0,0;0,0;0,0;0,0;0,0;1,0;0,0;Cruzamento;Chuvoso;Não existe;Perfeito estado;Molhada;Perfeito estado;Não existe;"Placas ""Pare""";;Dupla;Faixa seccionada;;
202216283,0;2022-07-16;;2;FINALIZADA;ENGENHO DO MEIO;RUA PEDRO DA CUNHA ANDRADE;43,0;;RUA DO COLÉGIO DIÁRIO DE PERNAMBUCO;ENGENHO DO MEIO;;;COLISÃO TRANSVERSAL;0,0;0,0;0,0;0,0;0,0;0,0;0,0;0,0;0,0;0,0;0,0;;;;;;;;;;;;;
202216286,0;2022-07-16;;2;FINALIZADA;SAN MARTIN;RUA DR TELESPHORO FRAGOSO;1555,0;;NA RUA DA IGREJA NOSSA SENHORA DE FÁTIMA;SAN MARTIN;;;CHOQUE;3,0;0,0;0,0;0,0;0,0;0,0;0,0;0,0;0,0;0,0;0,0;;;;;;;;;;;;;
202216313,0;2022-07-17;;2;FINALIZADA;SÃO JOSÉ;RUA FLORIANO PEIXOTO;;;EM FRENTE A CASA DA CULTURA,ONIBUS ESTA PRESO A GALHOS DE UMA ÁRVORE IMPOSSIBILITADO DE SAIR DO LOCAL E COM ISSO ESTA OBSTRUINDO A VIA;SÃO JOSÉ;;;CHOQUE;0,0;0,0;0,0;0,0;0,0;1,0;0,0;0,0;0,0;0,0;0,0;;;;;;;;;;;;;
202216315,0;2022-07-17;;2;CANCELADA;BRASÍLIA TEIMOSA;RUA DO JAU;;RUA ALAGOINHA;CAMINHÃO DA DIRCON SE ENVOLVEU EM UMA COLISÃO COM VEÍCULO NA RUA JAÚ BRASILIA TEIMOSA.;BRASÍLIA TEIMOSA;;;COLISÃO LATERAL;1,0;0,0;0,0;0,0;0,0;0,0;1,0;0,0;0,0;0,0;0,0;;;;;;;;;;;;;
202216339,0;2022-07-17;;1;FINALIZADA;MADALENA;AV ENGENHEIRO ABDIAS DE CARVALHO;;;PROX AO BOBS;MADALENA;;;COLISÃO TRANSVERSAL;0,0;1,0;0,0;0,0;0,0;0,0;0,0;0,0;0,0;1,0;0,0;;;;;;;;;;;;;
202216340,0;2022-07-18;;2;FINALIZADA;NOVA DESCOBERTA;AV NORTE MIGUEL ARRAES DE ALENCAR;;RUA NOVA DESCOBERTA;;NOVA DESCOBERTA;65,0;;COLISÃO TRASEIRA;2,0;0,0;0,0;0,0;0,0;0,0;0,0;0,0;0,0;0,0;0,0;;;;;;;;;;;;;
202216341,0;2022-07-18;;1;FINALIZADA;VÁRZEA;AV CAXANGA;;RUA GASTAO VIDIGAL;EM FRENTE A UPA;VÁRZEA;281,0;SUBURBIO;COLISÃO TRANSVERSAL;1,0;1,0;0,0;0,0;0,0;0,0;0,0;0,0;0,0;2,0;0,0;Cruzamento;Bom;Sem defeito;Perfeito estado;Seca;Perfeito estado;Faixa de pedestre;;;Dupla;;;
202216362,0;2022-07-18;;1;FINALIZADA;BOA VIAGEM;RUA PEDRO PAES MENDONCA;;AV FERNANDO SIMOES BARBOSA;BIG BOMPREÇO;BOA VIAGEM;544,0;SUBURBIO;COLISÃO TRASEIRA;1,0;1,0;0,0;0,0;0,0;0,0;0,0;0,0;0,0;1,0;0,0;Longo da via;Chuvoso;Sem defeito;Perfeito estado;Molhada;;Faixa de pedestre;;60 km/h;Única;;;
202216371,0;2022-07-18;;1;FINALIZADA;CORDEIRO;RUA SOUZA BANDEIRA;;AV CAXANGA;;CORDEIRO;;SUBURBIO;COLISÃO TRANSVERSAL;1,0;1,0;0,0;0,0;0,0;0,0;0,0;0,0;0,0;1,0;0,0;Cruzamento;Chuvoso;Sem defeito;Perfeito estado;Molhada;Perfeito estado;Faixa de pedestre;Não há placas;60 km/h;Única;Faixa seccionada;;
202216392,0;2022-07-18;;2;FINALIZADA;JARDIM SÃO PAULO;RUA OSORIO BORBA;;RUA ATOR ELPIDIO CAMARA;PROXIMO AO GIRADORO DE JARDIM SÃO PAULO;JARDIM SÃO PAULO;;;COLISÃO FRONTAL;1,0;0,0;0,0;0,0;0,0;0,0;0,0;1,0;0,0;0,0;0,0;Longo da via;Bom;Não existe;Não existente;Seca;Perfeito estado;Não existe;Outras;;Única;Não existe;;
202216399,0;2022-07-18;;1;CANCELADA;JARDIM SÃO PAULO;RUA EUZEBIO DE MATOS;663,0;AV PIRACICABA;ATRAS DO PAGEU;JARDIM SÃO PAULO;;;COLISÃO LATERAL;1,0;0,0;0,0;0,0;0,0;0,0;1,0;0,0;0,0;1,0;0,0;;;;;;;;;;;;;
202216400,0;2022-07-18;;2;FINALIZADA;BOA VISTA;AV GOVERNADOR AGAMENON MAGALHAES;;;COM RUA DOM BOSCO(PISTA LOCAL);BOA VISTA;;;COLISÃO LATERAL;1,0;0,0;0,0;0,0;0,0;1,0;0,0;0,0;0,0;0,0;0,0;Cruzamento;Bom;Sem defeito;Perfeito estado;Seca;Perfeito estado;Agente;Outras;60km/h;Dupla;Canteiro central;;
202216403,0;2022-07-18;;1;FINALIZADA;AFOGADOS;EST DOS REMEDIOS;;;EM FRENTE AO POSTO PETROBAHIA;AFOGADOS;;CIDADE;ATROPELAMENTO DE PESSOA;0,0;1,0;0,0;0,0;1,0;0,0;0,0;0,0;0,0;2,0;0,0;Longo da via;Bom;Não existe;Perfeito estado;Seca;Perfeito estado;Não existe;Outras;;Única;Faixa contínua;Faixa seccionada;
202216414,0;2022-07-19;;1;FINALIZADA;APIPUCOS;RUA DE APIPUCOS;1252,0;RUA CAETES;EM FRENTE 11° BATALHÃO DA POLICIA MILITAR, PROX. A FUNDAÇÃO JOAQUIM NABUCO;APIPUCOS;248,0;CIDADE;COLISÃO TRASEIRA;1,0;1,0;0,0;0,0;0,0;0,0;0,0;0,0;0,0;1,0;0,0;Longo da via;Bom;Sem defeito;Perfeito estado;Molhada;Perfeito estado;Não existe;Não há placas;;Dupla;Faixa contínua;;
202216421,0;2022-07-19;;1;FINALIZADA;IPSEP;AV RECIFE;2528,0;;EM FRENTE AO ATACAMAX;IPSEP;;CIDADE;COLISÃO TRASEIRA;1,0;1,0;0,0;0,0;0,0;0,0;0,0;0,0;0,0;1,0;0,0;Longo da via;Bom;Não existe;Perfeito estado;Seca;Perfeito estado;Não existe;Não há placas;60 km/h;Dupla;Canteiro central;;
202216441,0;2022-07-19;;2;FINALIZADA;BOA VISTA;PRC PARQUE AMORIM;;;EM FRENTE AO SUPER BOMPREÇO;BOA VISTA;;;COLISÃO LATERAL;2,0;0,0;0,0;0,0;0,0;0,0;0,0;0,0;0,0;0,0;0,0;Longo da via;Bom;Não existe;Perfeito estado;Seca;Perfeito estado;Não existe;Não há placas;;Única;Faixa seccionada;;
202216450,0;2022-07-19;;1;FINALIZADA;BONGI;AV CONSUL VILARES FRAGOSO;60,0;RUA DR JOAO COSTA;EM FRENTE AO DEPOSITO MELHOR GÁS;BONGI;;CIDADE;COLISÃO LATERAL;0,0;1,0;0,0;0,0;0,0;1,0;0,0;0,0;0,0;1,0;0,0;Cruzamento;Bom;Não existe;Incompleta;Seca;Perfeito estado;Não existe;Não há placas;;Dupla;Não existe;;
202216469,0;2022-07-19;;1;FINALIZADA;ESPINHEIRO;AV CONS ROSA E SILVA;;RUA AMELIA;AO LADO DA EXTRAFARMA;ESPINHEIRO;46,0;SUBURBIO;COLISÃO COM CICLISTA;0,0;1,0;0,0;1,0;0,0;0,0;0,0;0,0;0,0;1,0;0,0;Cruzamento;Bom;Sem defeito;Perfeito estado;Seca;Perfeito estado;Faixa de pedestre;Outras;;Única;Faixa contínua;;
202216472,0;2022-07-19;;1;FINALIZADA;IBURA;AV DOIS RIOS;;;PRÓXIMO A POLICLÍNICA;IBURA;;CIDADE;COLISÃO FRONTAL;1,0;1,0;0,0;0,0;0,0;0,0;0,0;0,0;0,0;1,0;0,0;Longo da via;Bom;Não existe;Não existente;Seca;Perfeito estado;Não existe;Não há placas;;Dupla;Não existe;;
202216483,0;2022-07-20;;1;FINALIZADA;SANTO ANTÔNIO;RUA FLORIANO PEIXOTO;;PRC JOAQUIM NABUCO;PRÓX. AO BRADESCO;SANTO ANTÔNIO;;;COLISÃO COM CICLISTA;1,0;0,0;0,0;1,0;0,0;0,0;0,0;0,0;0,0;1,0;0,0;Cruzamento;Bom;Não existe;Ilegível;Seca;Mal conservada;Não existe;Não há placas;;Única;Faixa seccionada;;
202216484,0;2022-07-20;;2;FINALIZADA;CAXANGÁ;AV CAXANGA;;;CELPE / MUSEU DA ABOLIÇÃO;CAXANGÁ;;;COLISÃO LATERAL;0,0;1,0;0,0;0,0;0,0;0,0;0,0;1,0;0,0;0,0;0,0;Longo da via;Bom;Não existe;Perfeito estado;Seca;Perfeito estado;Não existe;;;Dupla;Canteiro central;;
202216487,0;2022-07-20;;1;FINALIZADA;IPSEP;AV RECIFE;3460,0;AV RAIMUNDO DINIZ;SENTIDO AEROPORTO / PRÓX. À CONCESSIONÁRIA JJK AUTOS;IPSEP;247,0;CIDADE;ATROPELAMENTO DE PESSOA;0,0;1,0;0,0;0,0;1,0;0,0;0,0;0,0;0,0;1,0;0,0;Longo da via;Bom;Sem defeito;Ilegível;Molhada;Perfeito estado;Outros;;60 km/h;Dupla;Canteiro central;;
202216493,0;2022-07-20;;1;FINALIZADA;BOA VIAGEM;RUA SA E SOUZA;381,0;RUA CAPITAO ZUZINHA;;BOA VIAGEM;420,0;;ATROPELAMENTO DE PESSOA;0,0;0,0;0,0;0,0;1,0;1,0;0,0;0,0;0,0;1,0;0,0;Cruzamento;Bom;Sem defeito;Incompleta;Seca;Perfeito estado;Faixa de pedestre;Não há placas;;Única;Não existe;;
202216499,0;2022-07-20;;1;FINALIZADA;TORRÕES;AV ENGENHEIRO ABDIAS DE CARVALHO;240,0;RUA QUINZE DE MARCO;PRÓXIMO À CHESF;TORRÕES;422,0;CIDADE;COLISÃO TRASEIRA;1,0;2,0;0,0;0,0;0,0;0,0;1,0;0,0;0,0;2,0;0,0;Longo da via;Bom;Sem defeito;Perfeito estado;Seca;Perfeito estado;Agente;R-6a;;Dupla;Canteiro central;;
202216505,0;2022-07-20;;1;CANCELADA;IMBIRIBEIRA;AV MARECHAL MASCARENHAS DE MORAES;945,0;;EM FRENTE À GRILLO HOME DECOR;IMBIRIBEIRA;;;COLISÃO LATERAL;1,0;1,0;0,0;0,0;0,0;0,0;0,0;0,0;0,0;1,0;0,0;;;;;;;;;;;;;
202216516,0;2022-07-20;;1;FINALIZADA;IPSEP;AV RECIFE;;AV DOM HELDER CAMARA;E/F AO ARMAZEM CORAL S/T BOA VIAGEM;IPSEP;55,0;;COLISÃO COM CICLISTA;1,0;0,0;0,0;1,0;0,0;0,0;0,0;0,0;0,0;1,0;0,0;Cruzamento;Bom;Sem defeito;Perfeito estado;Seca;Perfeito estado;Agente;Outras;60 km/h;Dupla;Canteiro central;;
202216536,0;2022-07-20;;1;FINALIZADA;APIPUCOS;RUA DOIS IRMAOS;147,0;RUA DE APIPUCOS;PROX A FUNDAÇÃO JOAQUIM NABUCO;APIPUCOS;;SUBURBIO;COLISÃO TRANSVERSAL;1,0;2,0;0,0;0,0;0,0;0,0;0,0;0,0;0,0;1,0;0,0;Longo da via;Chuvoso;Não existe;Perfeito estado;Molhada;Perfeito estado;Não existe;Outras;50 km/h;Dupla;Faixa contínua;;
202216537,0;2022-07-20;;1;FINALIZADA;IMBIRIBEIRA;RUA ANTONIO FALCAO;475,0;;APOS O LE PARC;IMBIRIBEIRA;402,0;;COLISÃO LATERAL;1,0;1,0;0,0;0,0;0,0;0,0;0,0;0,0;0,0;1,0;0,0;Longo da via;Chuvoso;Sem defeito;Perfeito estado;Molhada;Perfeito estado;Faixa de pedestre;Não há placas;;Única;Outros;;
202216554,0;2022-07-21;;3;FINALIZADA;MADALENA;AV CAXANGA;653,0;RUA JOSE OSORIO;CRUZAMENTO C/A RUA JOSÉ OSÓRIO - SENTIDO SUB/CID;MADALENA;489,0;CIDADE;CHOQUE;1,0;0,0;0,0;0,0;0,0;0,0;0,0;0,0;1,0;0,0;1,0;Longo da via;Chuvoso;Intermitente;Não existente;Molhada;Perfeito estado;Faixa de pedestre;Não há placas;60 km/h;;Canteiro central;;
202216582,0;2022-07-21;;1;FINALIZADA;SANTO AMARO;AV GOVERNADOR AGAMENON MAGALHAES;2714,0;;DESCIDA DO VIADUTO INDEPENDÊNCIA, FRENTE CONDOMINIO DO EDF MARIA QUITÉRIA SENTIDO OLINDA/RECIFE;SANTO AMARO;;CIDADE;QUEDA;0,0;1,0;0,0;0,0;0,0;0,0;0,0;0,0;0,0;1,0;0,0;Longo da via;Chuvoso;Não existe;Perfeito estado;Molhada;Perfeito estado;Não existe;Não há placas;;Única;Faixa contínua;;
202216636,0;2022-07-21;;2;FINALIZADA;CAMPO GRANDE;EST DE BELEM;1589,0;;EM FRENTE A OTICA LIMA;CAMPO GRANDE;;;COLISÃO TRASEIRA;2,0;0,0;0,0;0,0;0,0;0,0;0,0;0,0;0,0;0,0;0,0;;;;;;;;;;;;;
202216680,0;2022-07-22;;1;FINALIZADA;BOA VIAGEM;RUA SA E SOUZA;1300,0;RUA BALTAZAR PASSOS;ESCOLA BRITÂNICA CULTURA INGLESA;BOA VIAGEM;;;COLISÃO LATERAL;2,0;0,0;0,0;0,0;0,0;0,0;0,0;0,0;0,0;1,0;0,0;Cruzamento;Chuvoso;Não existe;Ilegível;Molhada;Perfeito estado;Faixa de pedestre;Não há placas;;Dupla;Faixa seccionada;;
202216681,0;2022-07-22;;1;FINALIZADA;BOA VIAGEM;AVENIDA CELSO FURTADO (VIA MANGUE);;RUA PROFESSOR EDUARDO WANDERLEY FILHO;LADO OPOSTO AO POSTE J013424, SENT SUBURBIO;BOA VIAGEM;;SUBURBIO;QUEDA;0,0;1,0;0,0;0,0;0,0;0,0;0,0;0,0;0,0;1,0;0,0;Longo da via;Chuvoso;Não existe;Perfeito estado;Molhada;Perfeito estado;Não existe;R-6a;60 km/h;Dupla;Canteiro central;;
202216691,0;2022-07-22;;1;FINALIZADA;IPSEP;RUA ITANAGE;;;DE FRENTE AO MARTELINHO DE OURO;IPSEP;;CIDADE;CHOQUE;0,0;1,0;0,0;0,0;0,0;0,0;0,0;0,0;0,0;2,0;0,0;Longo da via;Chuvoso;Não existe;Não existente;Molhada;Perfeito estado;Não existe;Não há placas;30 km/h;Dupla;Faixa seccionada;;
202216703,0;2022-07-22;;1;FINALIZADA;BOA VIAGEM;RUA PROF AURELIO DE CASTRO CAVALCANTI;651,0;AV VINTE DE JANEIRO;PROX. A AQUA SHOP FARM;BOA VIAGEM;;;COLISÃO LATERAL;1,0;1,0;0,0;0,0;0,0;0,0;0,0;0,0;0,0;1,0;0,0;Cruzamento;Bom;Não existe;Não existente;Seca;Perfeito estado;Não existe;Não há placas;;Dupla;Não existe;;
202216724,0;2022-07-22;;1;FINALIZADA;ARRUDA;RUA DA REGENERACAO;852,0;;EM FRENTE AO SUSHI DOS AMIGOS;ARRUDA;;SUBURBIO;COLISÃO LATERAL;1,0;1,0;0,0;0,0;0,0;0,0;0,0;0,0;0,0;1,0;0,0;Longo da via;Bom;Não existe;Perfeito estado;Seca;Perfeito estado;Não existe;Não há placas;;Dupla;Não existe;;
202216741,0;2022-07-22;;1;CANCELADA;TEJIPIÓ;RUA QUEIRA DEUS;611,0;;EM FRENTE A PRAÇA DO PACHECO;TEJIPIÓ;;;COLISÃO FRONTAL;1,0;1,0;0,0;0,0;0,0;0,0;0,0;0,0;0,0;1,0;0,0;;;;;;;;;;;;;
202216745,0;2022-07-22;;2;CANCELADA;GRAÇAS;AV RUI BARBOSA;199,0;RUA DAS CREOULAS;PRAÇA DO ENTROCAMENTO;GRAÇAS;;;COLISÃO LATERAL;1,0;0,0;0,0;0,0;0,0;0,0;0,0;1,0;0,0;0,0;0,0;;;;;;;;;;;;;
202216764,0;2022-07-23;;1;FINALIZADA;SANTO AMARO;AV GOVERNADOR AGAMENON MAGALHAES;;;EM FRENTE A REITORIA DA UPE SENTIDO OLINDA;SANTO AMARO;465,0;SUBURBIO;COLISÃO COM CICLISTA;1,0;0,0;0,0;1,0;0,0;0,0;0,0;0,0;0,0;1,0;0,0;Cruzamento;Chuvoso;Intermitente;Perfeito estado;Molhada;Perfeito estado;Faixa de pedestre;Outras;60 km/h;Dupla;Canal;;
202216769,0;2022-07-23;;2;FINALIZADA;VASCO DA GAMA;RUA RIO NOVO;394,0;;BARRACA DO KONDE;VASCO DA GAMA;;SUBURBIO;CHOQUE;2,0;0,0;0,0;0,0;0,0;0,0;0,0;0,0;0,0;0,0;0,0;Longo da via;Bom;Não existe;Perfeito estado;Molhada;Perfeito estado;Não existe;Não há placas;;Dupla;Faixa seccionada;;
202216772,0;2022-07-23;;1;FINALIZADA;BOA VISTA;RUA PRINCESA IZABEL;;RUA DA AURORA;EM FRENTE A POLICIA CIVIL;BOA VISTA;22,0;CIDADE;COLISÃO FRONTAL;1,0;1,0;0,0;0,0;0,0;0,0;0,0;0,0;0,0;1,0;0,0;Cruzamento;Bom;Sem defeito;Perfeito estado;Seca;Perfeito estado;Não existe;Não há placas;60 km/h;Única;Faixa seccionada;;
202216800,0;2022-07-23;;1;FINALIZADA;SÃO JOSÉ;RUA TOBIAS BARRETO;;;VENEZA MUSIC;SÃO JOSÉ;;SUBURBIO;ATROPELAMENTO DE PESSOA;1,0;0,0;0,0;0,0;1,0;0,0;0,0;0,0;0,0;1,0;0,0;Longo da via;Bom;Não existe;Incompleta;Seca;Perfeito estado;Outros;Outras;;Única;Não existe;;
202216815,0;2022-07-23;;1;FINALIZADA;TORRE;RUA JOSE BONIFACIO;;;NA DECIDA DO VIADUTO SENTIDO SENTIDO PARNAMIRIM;TORRE;;SUBURBIO;ATROPELAMENTO DE PESSOA;1,0;0,0;0,0;0,0;1,0;0,0;0,0;0,0;0,0;1,0;0,0;Ponte;Bom;Não existe;Perfeito estado;Seca;Perfeito estado;;Não há placas;;Dupla;Canteiro central;;
202216817,0;2022-07-23;;1;FINALIZADA;IPSEP;RUA JEAN EMILE FAVRE;;1 TRV JUSTICA E PAZ;EM FRENTE AO POSTO BR;IPSEP;;CIDADE;COLISÃO LATERAL;1,0;1,0;0,0;0,0;0,0;0,0;0,0;0,0;0,0;1,0;0,0;Longo da via;Bom;Não existe;Perfeito estado;Seca;Perfeito estado;Não existe;R-6a;;Dupla;Faixa contínua;;
202216819,0;2022-07-23;;1;FINALIZADA;BRASÍLIA TEIMOSA;RUA DAS OFICINAS;;;NA ENTRADA DO HABITACIONAL DE BRASILIA TEIMOSA;BRASÍLIA TEIMOSA;;;COLISÃO TRASEIRA;0,0;0,0;0,0;0,0;0,0;0,0;0,0;0,0;0,0;1,0;0,0;;;;;;;;;;;;;
202216821,0;2022-07-23;;1;FINALIZADA;BOMBA DO HEMETÉRIO;RUA BOMBA DO HEMETERIO;763,0;;LARGO DA BOMBA;BOMBA DO HEMETÉRIO;;CIDADE;COLISÃO LATERAL;1,0;1,0;0,0;0,0;0,0;0,0;0,0;0,0;0,0;1,0;0,0;Longo da via;Bom;Não existe;Perfeito estado;Seca;Perfeito estado;Não existe;R-6a;;Dupla;Não existe;;
202216822,0;2022-07-23;;1;CANCELADA;BOA VIAGEM;AV ENGENHEIRO DOMINGOS FERREIRA;;RUA RIBEIRO DE BRITO;;BOA VIAGEM;155,0;;COLISÃO LATERAL;0,0;0,0;0,0;0,0;0,0;0,0;0,0;0,0;0,0;1,0;0,0;;;;;;;;;;;;;
202216823,0;2022-07-23;;1;FINALIZADA;PRADO;RUA GERVASIO CAMPELO;25,0;RUA SANTA EDWIRGES;POR TRÁS DO HABIBBS;PRADO;;CIDADE;COLISÃO TRANSVERSAL;1,0;1,0;0,0;0,0;0,0;0,0;0,0;0,0;0,0;1,0;0,0;Cruzamento;Bom;Não existe;Perfeito estado;Molhada;Perfeito estado;Faixa de retenção;Outras;;Única;Faixa seccionada;;
202216855,0;2022-07-24;;1;CANCELADA;ESTÂNCIA;AV RECIFE;;;EM FRENTE  AO ASSAI ATACADISTA/ LADO OPOSTO AO NUMERO 5554/  SENTIDO AEROPORTO;ESTÂNCIA;;;COLISÃO FRONTAL;0,0;2,0;0,0;0,0;0,0;0,0;0,0;0,0;0,0;1,0;0,0;;;;;;;;;;;;;
202216860,0;2022-07-24;;1;FINALIZADA;PINA;AV BOA VIAGEM;;;NA ESQUINA DO  PREDIO DO JCPM;PINA;;CIDADE;COLISÃO LATERAL;1,0;1,0;0,0;0,0;0,0;0,0;0,0;0,0;0,0;1,0;0,0;Longo da via;Bom;Não existe;Perfeito estado;Seca;Perfeito estado;Não existe;R-6a;60 km/h;Única;Não existe;;
202216873,0;2022-07-24;;1;FINALIZADA;BOA VIAGEM;AV BOA VIAGEM;6526 B;;AO LADO DO HOTEL ATLANTE PLAZA;BOA VIAGEM;148,0;CIDADE;COLISÃO FRONTAL;1,0;1,0;0,0;0,0;0,0;0,0;0,0;0,0;0,0;2,0;0,0;Longo da via;Bom;Sem defeito;Perfeito estado;Seca;Perfeito estado;Faixa de pedestre;R-4a;;Única;Não existe;;
202216885,0;2022-07-24;;1;FINALIZADA;SÃO JOSÉ;RUA IMPERIAL;1222,0;RUA BOM SUCESSO;DEPOIS DO COLEGIO JOAQUIM NABUCO;SÃO JOSÉ;;SUBURBIO;COLISÃO TRANSVERSAL;1,0;1,0;0,0;0,0;0,0;0,0;0,0;0,0;0,0;1,0;0,0;Cruzamento;Bom;Não existe;Incompleta;Seca;Perfeito estado;Não existe;Não há placas;;Única;Faixa seccionada;;
202216898,0;2022-07-25;;2;CANCELADA;LINHA DO TIRO;RUA PROFESSOR JOSE AMARINO DOS REIS;338,0;;APÓS O CLUBE TEIMOSO;LINHA DO TIRO;;;CHOQUE;1,0;1,0;0,0;0,0;0,0;0,0;0,0;0,0;0,0;0,0;0,0;;;;;;;;;;;;;
202216900,0;2022-07-25;;1;FINALIZADA;IPSEP;RUA JEAN EMILE FAVRE;;RUA RIO AMAZONAS;PROXIMO A PADARIA PAN NORTE;IPSEP;527,0;;COLISÃO LATERAL;2,0;0,0;0,0;0,0;0,0;0,0;0,0;0,0;0,0;1,0;0,0;Cruzamento;Chuvoso;Sem defeito;Perfeito estado;Molhada;Perfeito estado;Faixa de pedestre;Outras;40 km/h;Dupla;Faixa contínua;;
202216921,0;2022-07-25;;1;FINALIZADA;SANTO AMARO;RUA JOAO LIRA;32,0;;PROX. A ESCOLA DE CONTAS PUBLICAS;SANTO AMARO;32,0;SUBURBIO;COLISÃO TRASEIRA;1,0;1,0;0,0;0,0;0,0;0,0;0,0;0,0;0,0;1,0;0,0;Longo da via;Bom;Sem defeito;Perfeito estado;Seca;Perfeito estado;Faixa de pedestre;Outras;;Única;Faixa contínua;Faixa seccionada;
202216935,0;2022-07-25;;1;FINALIZADA;IPSEP;RUA JEAN EMILE FAVRE;1338,0;RUA DR RAPOSO PINTO;EM FRENTE A DROGASIL. COLISÃO ENTRE AUTO E MOTO COM VITIMA E JÁ FOI ACIONADO O SAMU, KYH4A33 SPORT/RZE5E85;IPSEP;;SUBURBIO;COLISÃO LATERAL;1,0;1,0;0,0;0,0;0,0;0,0;0,0;0,0;0,0;1,0;0,0;Longo da via;Bom;Não existe;Perfeito estado;Seca;Perfeito estado;Não existe;Outras;30 km/h;Dupla;Faixa contínua;Faixa seccionada;
202216946,0;2022-07-25;;1;FINALIZADA;CORDEIRO;AV CAXANGA;2271,0;;EM FRENTE A EXPOSIÇÃO DE ANIMAIS;CORDEIRO;;SUBURBIO;ATROPELAMENTO DE PESSOA;0,0;1,0;0,0;0,0;1,0;0,0;0,0;0,0;0,0;1,0;0,0;Longo da via;Bom;Sem defeito;Perfeito estado;Seca;Perfeito estado;Não existe;Não há placas;;Dupla;Canteiro central;;
202216955,0;2022-07-25;;1;FINALIZADA;AREIAS;RUA AURORA CACOTE;281,0;AV CAPITAO GREGORIO DE CALDAS;PROX A CLINICA CENTER, ATROPELAMENTO DE UM CARRO COM PEDESTRE, VITIMA JÁ FOI LEVADA PARA O HOSPITAL ,  PGU-4F99 VOYAGE PRATA;AREIAS;;CIDADE;ATROPELAMENTO DE PESSOA;1,0;0,0;0,0;0,0;1,0;0,0;0,0;0,0;0,0;1,0;0,0;Longo da via;Bom;Não existe;Perfeito estado;Seca;Perfeito estado;Não existe;Não há placas;;Única;Não existe;;
202216957,0;2022-07-25;;1;FINALIZADA;GRAÇAS;RUA AMELIA;330,0;RUA JOAO RAMOS;NO SEMÁFORO 177,  EDIFICIL JOAQUIM DE BRITO;GRAÇAS;177,0;CIDADE;COLISÃO COM CICLISTA;0,0;1,0;0,0;1,0;0,0;0,0;0,0;0,0;0,0;1,0;0,0;Cruzamento;Bom;Sem defeito;Perfeito estado;Seca;Perfeito estado;Faixa de pedestre;R-25d;;Única;Faixa seccionada;;
202216960,0;2022-07-25;;1;FINALIZADA;BOA VISTA;RUA PRINCESA IZABEL;;RUA DO HOSPICIO;CÂMARA DE VEREADORES;BOA VISTA;;CIDADE;QUEDA;0,0;0,0;0,0;0,0;2,0;1,0;0,0;0,0;0,0;1,0;0,0;Longo da via;Bom;Sem defeito;Perfeito estado;Seca;Perfeito estado;Outros;Outras;;Única;Outros;;
202216990,0;2022-07-26;;1;FINALIZADA;BOA VIAGEM;AV ENGENHEIRO DOMINGOS FERREIRA;2209,0;;BAR DO PAULINHO;BOA VIAGEM;484,0;SUBURBIO;COLISÃO TRASEIRA;0,0;2,0;0,0;0,0;0,0;0,0;0,0;0,0;0,0;1,0;0,0;Longo da via;Bom;Sem defeito;Perfeito estado;Seca;Perfeito estado;Faixa de pedestre;R-6a;;Única;Canteiro central;;