Protocolo;data;hora;natureza;situacao;bairro;endereco;numero;detalhe_endereco_acidente;complemento;bairro_cruzamento;num_semaforo;sentido_via;tipo;auto;moto;ciclom;ciclista;pedestre;onibus;caminhao;viatura;outros;vitimas;vitimasfatais;acidente_verificado;tempo_clima;situacao_semaforo;sinalizacao;condicao_via;conservacao_via;ponto_controle;situacao_placa;velocidade_max_via;mao_direcao;divisao_via1;divisao_via2;divisao_via3
202216991,0;2022-07-26;;1;FINALIZADA;ALTO DO MANDU;RUA JAGUARANA;123,0;;PRÓX. À ALL4KIDS SCHOOL / APÓS À IGREJA BATISTA;ALTO DO MANDU;;SUBURBIO;COLISÃO LATERAL;1,0;1,0;0,0;0,0;0,0;0,0;0,0;0,0;0,0;1,0;0,0;Longo da via;Bom;Não existe;Perfeito estado;Seca;Perfeito estado;Não existe;Outras;30 km/h;Dupla;Não existe;;
202217004,0;2022-07-26;;1;FINALIZADA;SANTO AMARO;AV VISCONDE DE SUASSUNA;505,0;;PRÓXIMO AO SENAC;SANTO AMARO;624,0;SUBURBIO;ATROPELAMENTO DE PESSOA;1,0;0,0;0,0;0,0;1,0;0,0;0,0;0,0;0,0;1,0;0,0;Longo da via;Bom;Sem defeito;Perfeito estado;Seca;Perfeito estado;Faixa de pedestre;Não há placas;40 km/h;Única;Faixa seccionada;;
202217023,0;2022-07-26;;1;FINALIZADA;VÁRZEA;AV INACIO DE BARROS BARRETO;420,0;AV INACIO DE BARROS BARRETO;AO LADO DA UFPE;VÁRZEA;;;COLISÃO TRANSVERSAL;1,0;1,0;0,0;0,0;0,0;0,0;0,0;0,0;0,0;1,0;0,0;Esquina;Bom;Não existe;Perfeito estado;Seca;Perfeito estado;Não existe;Não há placas;;Dupla;Faixa seccionada;;
202217024,0;2022-07-26;;1;FINALIZADA;CASA FORTE;AV DEZESSETE DE AGOSTO;1161,0;;AO LADO DO CPOR,  EM FRENTE AO DELTA EXPRESSO CAFÉ;CASA FORTE;;SUBURBIO;COLISÃO LATERAL;0,0;1,0;0,0;0,0;0,0;0,0;0,0;0,0;1,0;1,0;0,0;Longo da via;;Não existe;Perfeito estado;Seca;Perfeito estado;Não existe;Outras;;Dupla;Faixa contínua;;
202217025,0;2022-07-26;;1;FINALIZADA;CORDEIRO;EST DO FORTE DO ARRAIAL N. DO B. JESUS;;RUA GOMES TABORDA;PROXIMO AO SEMÁFORO 249;CORDEIRO;249,0;SUBURBIO;COLISÃO LATERAL;0,0;1,0;0,0;0,0;0,0;1,0;0,0;0,0;0,0;1,0;0,0;Esquina;Chuvoso;Sem defeito;Incompleta;Molhada;Perfeito estado;Faixa de pedestre;Não há placas;;Dupla;;;
202217026,0;2022-07-26;;1;CANCELADA;SANTO AMARO;RUA DO HOSPICIO;;;E/F AO BRT   EO COLEGIO ESTADUAL JOAO BARBALHO;SANTO AMARO;;;COLISÃO LATERAL;1,0;1,0;0,0;0,0;0,0;0,0;0,0;0,0;0,0;1,0;0,0;;;;;;;;;;;;;
202217035,0;2022-07-26;;1;FINALIZADA;ROSARINHO;RUA TELES JUNIOR;;RUA CAPITAO SAMPAIO XAVIER;PROXIMO AO ARMAZEM 4 CANTOS;ROSARINHO;;SUBURBIO;QUEDA;0,0;1,0;0,0;0,0;0,0;0,0;0,0;0,0;0,0;1,0;0,0;Cruzamento;Nublado;Não existe;Incompleta;Molhada;Perfeito estado;Não existe;"Placas ""Pare""";30 km/h;Dupla;Não existe;;
202217036,0;2022-07-26;;1;FINALIZADA;CAMPO GRANDE;VDO PRESIDENTE MEDICI;;AV GOVERNADOR AGAMENON MAGALHAES;COLISAO  SOBRE O VIADUTO  S/T SUB;CAMPO GRANDE;;SUBURBIO;COLISÃO LATERAL;1,0;1,0;0,0;0,0;0,0;0,0;0,0;0,0;0,0;1,0;0,0;Viaduto;Chuvoso;Não existe;Incompleta;Molhada;Perfeito estado;Não existe;Não há placas;;Dupla;Blocos;;
202217046,0;2022-07-26;;1;FINALIZADA;BOA VIAGEM;RUA BARAO DE SOUZA LEAO;;RUA ARANA;PROXIMO AO TERMINAL DE ÔNIBUS DO AEROPORTO;BOA VIAGEM;;CIDADE;ATROPELAMENTO DE PESSOA;0,0;0,0;0,0;0,0;1,0;1,0;0,0;0,0;0,0;1,0;0,0;Esquina;Chuvoso;Sem defeito;Perfeito estado;Molhada;Perfeito estado;Não existe;"Placas ""Pare""";30 km/h;Única;;;
202217051,0;2022-07-26;;1;FINALIZADA;IBURA;RUA JORNALISTA EDSON REGIS;916,0;;PRÓXIMO AO HOTEL CRISTAL;IBURA;;CIDADE;COLISÃO TRANSVERSAL;1,0;1,0;0,0;0,0;0,0;0,0;0,0;0,0;0,0;1,0;0,0;Longo da via;Chuvoso;Não existe;Perfeito estado;Molhada;Perfeito estado;Não existe;Não há placas;30 km/h;Dupla;Não existe;;
202217071,0;2022-07-27;;1;FINALIZADA;MANGABEIRA;AV PROFESSOR JOSE DOS ANJOS;721,0;;AO LADO DO POSTO DE GASOLINA BR;MANGABEIRA;;CIDADE;COLISÃO TRASEIRA;1,0;1,0;0,0;0,0;0,0;0,0;0,0;0,0;0,0;1,0;0,0;Longo da via;Chuvoso;Não existe;Perfeito estado;Molhada;Perfeito estado;Faixa de pedestre;Outras;;Dupla;Faixa seccionada;Canteiro central;
202217077,0;2022-07-27;;1;FINALIZADA;PINA;AV ANTONIO DE GOES;;;;PINA;538,0;CIDADE;QUEDA;0,0;1,0;0,0;0,0;0,0;0,0;0,0;0,0;0,0;2,0;0,0;Longo da via;Bom;Sem defeito;Perfeito estado;Seca;Perfeito estado;Outros;Outras;60 km/h;Única;Canteiro central;;
202217079,0;2022-07-27;;1;FINALIZADA;PRADO;RUA JOAO IVO DA SILVA;;AV ENGENHEIRO ABDIAS DE CARVALHO;COLISÃO  AUTO E MOTO;PRADO;132,0;CIDADE;COLISÃO LATERAL;1,0;1,0;0,0;0,0;0,0;0,0;0,0;0,0;0,0;1,0;0,0;Cruzamento;Bom;Sem defeito;Perfeito estado;Seca;Perfeito estado;Não existe;R-6a;;Dupla;Canteiro central;;
202217080,0;2022-07-27;;2;DUPLICIDADE;PRADO;AV ENGENHEIRO ABDIAS DE CARVALHO;;;APOIO ACIDENTE 2;PRADO;;CIDADE;COLISÃO TRASEIRA;1,0;0,0;0,0;0,0;0,0;0,0;0,0;0,0;0,0;0,0;0,0;;;;;;;;;;;;;
202217081,0;2022-07-27;;2;FINALIZADA;PRADO;AV ENGENHEIRO ABDIAS DE CARVALHO;;;COLISÃO ENTRE DOIS AUTO 2, PORÉM OS VEÍCULOS PERMANCERÃO NO LOCAL,  CAUSANDO RISCO DE UM NOVO ACIDENTE POR ESTAREM NA FAIXA DA ESQUERDA NO SENTIDO CENTRO. SEMÁFORO 327 FUNCIONANDO PERFEITAMENTE. PISTA MOLHADA DEVIDO A CHUVAS. SOLICITADO EQUIPE DA CTTU IR AO LOCAL REMOVER OS VEÍCULOS.  ACIDENTE FLAGRADO PELA CÂMERAS DA CTTU, DEVIDAMENTE GRAVADAS NO SISTEMA.;PRADO;327,0;CIDADE;COLISÃO TRASEIRA;2,0;0,0;0,0;0,0;0,0;0,0;0,0;0,0;0,0;0,0;0,0;;;;;;;;;;;;;
202217083,0;2022-07-27;;1;FINALIZADA;CASA AMARELA;RUA PADRE LEMOS;805,0;;EM FRENTE AO GRAU TECNICO;CASA AMARELA;;CIDADE;COLISÃO LATERAL;1,0;1,0;0,0;0,0;0,0;0,0;0,0;0,0;0,0;1,0;0,0;Longo da via;Bom;Sem defeito;Perfeito estado;Seca;Mal conservada;Não existe;Outras;;Dupla;Não existe;;
202217098,0;2022-07-27;;1;FINALIZADA;MANGABEIRA;RUA DA MANGABEIRA;;AV NORTE MIGUEL ARRAES DE ALENCAR;NA SUBIDA DO ALTO JOSÉ DO PINHO. VT 07 SE ENCONTRA NO LOCAL;MANGABEIRA;96,0;;COLISÃO COM CICLISTA;1,0;0,0;0,0;1,0;0,0;0,0;0,0;0,0;0,0;1,0;0,0;Esquina;Bom;Sem defeito;Incompleta;Seca;Outros;Faixa de pedestre;Outras;;Dupla;Canteiro central;;
202217104,0;2022-07-27;;2;FINALIZADA;AFOGADOS;RUA LUIZ PEREIRA DE FARIAS;44,0;RUA SAO MIGUEL;ESTABELECIMENTO COMERCIAL GRILO ZERO;AFOGADOS;;;;2,0;0,0;0,0;0,0;0,0;0,0;0,0;0,0;0,0;0,0;0,0;;Bom;Não existe;Perfeito estado;Seca;Perfeito estado;Não existe;Não há placas;;Dupla;Não existe;;
202217107,0;2022-07-27;;1;FINALIZADA;AREIAS;AV DR JOSE RUFINO;308,0;RUA JOAO TEIXEIRA;EM FRENTE A ACADEMIA SPORT VIDA;AREIAS;82,0;CIDADE;COLISÃO LATERAL;0,0;1,0;0,0;0,0;0,0;1,0;0,0;0,0;0,0;1,0;0,0;Longo da via;Bom;Sem defeito;Ilegível;Seca;Mal conservada;Outros;Outras;;Dupla;Não existe;;
202217109,0;2022-07-27;;2;FINALIZADA;SANTO AMARO;AV GOVERNADOR AGAMENON MAGALHAES;;;SEMÁFORO Nº 108;SANTO AMARO;108,0;CIDADE;;1,0;1,0;0,0;0,0;0,0;0,0;0,0;0,0;0,0;0,0;0,0;;Bom;Sem defeito;Perfeito estado;Seca;Perfeito estado;Faixa de pedestre;Outras;;Dupla;Faixa seccionada;Canteiro central;
202217110,0;2022-07-27;;2;FINALIZADA;BOA VIAGEM;AV DOM JOAO VI;;;PRÓXIMO AO TÚNEL AUGUSTO LUCENA;BOA VIAGEM;400,0;SUBURBIO;COLISÃO TRASEIRA;2,0;0,0;0,0;0,0;0,0;0,0;0,0;1,0;0,0;0,0;0,0;Longo da via;Chuvoso;Sem defeito;Perfeito estado;Molhada;Perfeito estado;Faixa de pedestre;Não há placas;;Única;Faixa contínua;;
202217112,0;2022-07-27;;1;FINALIZADA;CASA FORTE;AV DEZESSETE DE AGOSTO;2187,0;;PRÓXIMO A FUNDAÇÃO JOAQUIM NABUCO;CASA FORTE;;CIDADE;COLISÃO TRASEIRA;1,0;1,0;0,0;0,0;0,0;0,0;0,0;0,0;0,0;1,0;0,0;Longo da via;Chuvoso;;Perfeito estado;Molhada;Mal iluminada;Faixa de pedestre;Não há placas;60 km/h;Dupla;Faixa contínua;;
202217113,0;2022-07-27;;1;FINALIZADA;DERBY;AV GOVERNADOR AGAMENON MAGALHAES;;RUA LUIZ BARBALHO;PRC DO DERBY;DERBY;417,0;SUBURBIO;COLISÃO TRANSVERSAL;0,0;1,0;0,0;0,0;0,0;1,0;0,0;0,0;0,0;1,0;0,0;Cruzamento;Chuvoso;Sem defeito;Perfeito estado;Molhada;Perfeito estado;Faixa de pedestre;Outras;;Dupla;Faixa contínua;Canteiro central;
202217114,0;2022-07-28;;1;FINALIZADA;AFOGADOS;RUA COSME VIANA;;RUA PADRE TEOFILO TWORZ;EM FRENTE A TUPAN;AFOGADOS;503,0;SUBURBIO;COLISÃO LATERAL;1,0;1,0;0,0;0,0;0,0;0,0;0,0;0,0;0,0;1,0;0,0;;Chuvoso;Sem defeito;Perfeito estado;Molhada;Perfeito estado;Faixa de pedestre;Não há placas;;Única;Faixa contínua;Faixa seccionada;Canteiro central
202217139,0;2022-07-28;;2;FINALIZADA;SÃO JOSÉ;RUA DO PEIXOTO;184,0;RUA DA CONCORDIA;;SÃO JOSÉ;182,0;CIDADE;;0,0;0,0;0,0;0,0;0,0;1,0;0,0;1,0;0,0;0,0;0,0;Longo da via;Bom;Sem defeito;Perfeito estado;Seca;Perfeito estado;Não existe;Outras;30 km/h;Única;Faixa seccionada;;
202217143,0;2022-07-28;;1;FINALIZADA;ILHA JOANA BEZERRA;RUA AGUA DOCE;80,0;;AO LADO DA ACADEMIA DA CIDADE/ PRÓXIMO A PASSARELA;ILHA JOANA BEZERRA;;SUBURBIO;COLISÃO TRASEIRA;0,0;0,0;0,0;0,0;0,0;2,0;0,0;0,0;0,0;3,0;0,0;Longo da via;Bom;Não existe;Incompleta;Seca;Mal conservada;Não existe;Não há placas;;Dupla;Canteiro central;;
202217169,0;2022-07-28;;1;FINALIZADA;BOA VIAGEM;RUA VISCONDE DE JEQUITINHONHA;;RUA BARAO DE SOUZA LEAO;PRÓX. AO BOA VIAGEM MEDICAL CENTER;BOA VIAGEM;129,0;SUBURBIO;COLISÃO LATERAL;1,0;1,0;0,0;0,0;0,0;0,0;0,0;0,0;0,0;1,0;0,0;Cruzamento;Bom;Sem defeito;Perfeito estado;Seca;Perfeito estado;Não existe;R-6a;;Única;Canal;;
202217204,0;2022-07-28;;1;FINALIZADA;IBURA;AV DOIS RIOS;726,0;RUA ALVORADA DO SUL;PROX MERCADO MR;IBURA;;SUBURBIO;ATROPELAMENTO DE PESSOA;0,0;1,0;0,0;0,0;1,0;0,0;0,0;0,0;0,0;1,0;0,0;Longo da via;Bom;Não existe;Ilegível;Seca;Mal conservada;Não existe;Não há placas;;Dupla;Não existe;;
202217225,0;2022-07-29;;1;FINALIZADA;MANGABEIRA;AV NORTE MIGUEL ARRAES DE ALENCAR;;;EM  AO SESC  DE CASA AMARELA;MANGABEIRA;364,0;CIDADE;COLISÃO TRANSVERSAL;1,0;1,0;0,0;0,0;0,0;0,0;0,0;0,0;0,0;2,0;0,0;Longo da via;Bom;Sem defeito;Perfeito estado;Seca;Perfeito estado;Faixa de pedestre;;;Dupla;Faixa contínua;;
202217234,0;2022-07-29;;1;FINALIZADA;IBURA;AV DOIS RIOS;883,0;RUA ECOPORANGA;EM FRENTE AO SUPERMERCADO SERVE BEM ATACAREJO E LIMA MOVEIS;IBURA;475,0;CIDADE;COLISÃO TRANSVERSAL;1,0;1,0;0,0;0,0;0,0;0,0;0,0;0,0;0,0;1,0;0,0;Cruzamento;Bom;Sem defeito;Incompleta;Seca;Perfeito estado;Não existe;Não há placas;60 km/h;Dupla;Faixa contínua;;
202217235,0;2022-07-29;;1;DUPLICIDADE;SÍTIO DOS PINTOS;;;;;SÍTIO DOS PINTOS;;;;1,0;0,0;0,0;1,0;0,0;0,0;0,0;0,0;0,0;1,0;0,0;;;;;;;;;;;;;
202217238,0;2022-07-29;;1;FINALIZADA;VÁRZEA;RUA RIBEIRO PESSOA;345,0;;PROX HOTEL TURQUESA;VÁRZEA;;SUBURBIO;COLISÃO COM CICLISTA;1,0;0,0;0,0;1,0;0,0;0,0;0,0;0,0;0,0;1,0;0,0;Longo da via;Bom;Não existe;Perfeito estado;Seca;Perfeito estado;Não existe;Não há placas;;Dupla;Faixa seccionada;;
202217242,0;2022-07-29;;2;FINALIZADA;BOA VISTA;AV GOVERNADOR AGAMENON MAGALHAES;3311,0;;PRÓXIMO AO SUPER BOMPREÇO;BOA VISTA;;SUBURBIO;;1,0;0,0;0,0;0,0;0,0;1,0;0,0;0,0;0,0;0,0;0,0;Longo da via;Bom;Não existe;Perfeito estado;Seca;Perfeito estado;Não existe;Não há placas;60 km/h;Dupla;Faixa seccionada;Canteiro central;Outros
202217243,0;2022-07-29;;2;FINALIZADA;SANTO AMARO;AV CRUZ CABUGA;;;AO LADO DO SHOPPING TACARUNA;SANTO AMARO;;CIDADE;COLISÃO TRASEIRA;1,0;0,0;0,0;0,0;0,0;1,0;0,0;0,0;0,0;0,0;0,0;Longo da via;Bom;Não existe;Perfeito estado;Seca;Perfeito estado;Outros;Outras;;Dupla;Canteiro central;;
202217263,0;2022-07-29;;1;FINALIZADA;IPUTINGA;AV MAURICIO DE NASSAU;;;EM FRENTE AO HOSPITAL ALTINO VENTURA;IPUTINGA;;CIDADE;COLISÃO LATERAL;1,0;1,0;0,0;0,0;0,0;0,0;0,0;0,0;0,0;1,0;0,0;Longo da via;Bom;Não existe;Perfeito estado;Seca;Perfeito estado;Não existe;Não há placas;;Dupla;Faixa contínua;;
202217271,0;2022-07-29;;2;FINALIZADA;SANTO AMARO;AV CRUZ CABUGA;141,0;;EM FRENTE A IGREJA UNIVERSAL;SANTO AMARO;;CIDADE;COLISÃO TRANSVERSAL;0,0;0,0;0,0;0,0;0,0;1,0;0,0;1,0;0,0;0,0;0,0;Longo da via;Bom;Não existe;Perfeito estado;Seca;Perfeito estado;Não existe;Outras;;Dupla;Faixa contínua;;
202217276,0;2022-07-29;;1;FINALIZADA;TORRE;RUA PROFESSOR TRAJANO DE MENDONCA;320,0;RUA VITORIANO PALHARES;RUA PROFESSOR TRAJANO DE MENDONÇA  /  RUA VITORIANO PALHARES - NO SENTIDO TORRE / MADALENA. -  PRÓX. AO ATACADO DOS PRESENTES, COLISÃO TRASEIRA.  SYMBOL PEP0552 / BROS MXU5017;TORRE;;;COLISÃO TRASEIRA;1,0;1,0;0,0;0,0;0,0;0,0;0,0;0,0;0,0;1,0;0,0;Longo da via;Bom;Não existe;Não existente;Seca;Perfeito estado;Não existe;Não há placas;60 km/h;Única;Não existe;;
202217280,0;2022-07-29;;2;FINALIZADA;IMBIRIBEIRA;AV MARECHAL MASCARENHAS DE MORAES;6211,0;;EM FRENTE AO FÓRUM DESEMBARGADOR NEVES FILHO;IMBIRIBEIRA;;;;0,0;0,0;0,0;0,0;0,0;1,0;0,0;1,0;0,0;0,0;0,0;;Bom;Não existe;Perfeito estado;Seca;Perfeito estado;Não existe;Não há placas;60 km/h;Dupla;Canteiro central;;
202217284,0;2022-07-29;;1;FINALIZADA;IPSEP;RUA ADERBAL DE MELO;135,0;RUA HELIO BRANDAO;DE ESQUINA COM RESTAURANTE CHAMBARIL E FEIJOADA DO JOÃO, MOTORISTA  COLIDIU COM UM CICLISTA E JÁ FOI ACIOANDO O SAMU, PDV4367 FIAT PRATA.;IPSEP;;SUBURBIO;COLISÃO COM CICLISTA;1,0;0,0;0,0;1,0;0,0;0,0;0,0;0,0;0,0;1,0;0,0;Cruzamento;Bom;Não existe;Incompleta;Seca;Perfeito estado;Não existe;"Placas ""Pare""";;Dupla;Não existe;;
202217288,0;2022-07-29;;1;FINALIZADA;ILHA JOANA BEZERRA;VDO PAPA JOAO PAULO II;;;ACIDENTE 1. SAMU NO LOCAL PRESTANDO SOCORRO. VEÍCULOS NO SENTIDO PINA / DERBY. ENVIANDO BATEDORES DA CTTU.;ILHA JOANA BEZERRA;;CIDADE;COLISÃO TRASEIRA;1,0;1,0;0,0;0,0;0,0;0,0;0,0;0,0;0,0;2,0;0,0;Viaduto;Bom;Não existe;Perfeito estado;Seca;Perfeito estado;Não existe;Não há placas;;Única;Faixa contínua;;
202217296,0;2022-07-29;;1;FINALIZADA;ILHA DO LEITE;AV GOVERNADOR AGAMENON MAGALHAES;1261,0;;PROX A FARMACIA PAGUE MENOS;ILHA DO LEITE;;OLINDA;COLISÃO FRONTAL;1,0;2,0;0,0;0,0;0,0;0,0;0,0;0,0;0,0;3,0;0,0;Longo da via;Bom;Não existe;Perfeito estado;Seca;Perfeito estado;Não existe;;60 km/h;Dupla;Canteiro central;;
202217298,0;2022-07-29;;1;CANCELADA;TORRÕES;AV ENGENHEIRO ABDIAS DE CARVALHO;3068,0;;EM FRENTE AO SOS AUTO PEÇAS, ACIDENTES FLAGRADO PELO SISTEMA DE MONITORAMENTO , IMAGENS SALVAS, EQUIPE BP TRAN  PAROU NO LOCAL REALIZANDO APOIO E ACIONANDO O SOCORRO.;TORRÕES;271,0;CIDADE;COLISÃO TRASEIRA;0,0;2,0;0,0;0,0;0,0;0,0;0,0;0,0;0,0;3,0;0,0;;;;;;;;;;;;;
202217310,0;2022-07-29;;1;FINALIZADA;CORDEIRO;AV ENGENHEIRO ABDIAS DE CARVALHO;;RUA TIJUCAS;PRÓXIMO AO ESPETINHO PRIME;CORDEIRO;422,0;;COLISÃO TRANSVERSAL;1,0;1,0;0,0;0,0;0,0;0,0;0,0;0,0;0,0;1,0;0,0;Cruzamento;Bom;Sem defeito;Perfeito estado;Seca;Perfeito estado;;;;Dupla;;;
202217335,0;2022-07-30;;1;FINALIZADA;SANTO AMARO;AV CRUZ CABUGA;1419,0;;EM FRENTE À SEFAZ;SANTO AMARO;;CIDADE;COLISÃO LATERAL;1,0;1,0;0,0;0,0;0,0;0,0;0,0;0,0;0,0;1,0;0,0;Longo da via;Bom;Não existe;Perfeito estado;Seca;Perfeito estado;Não existe;Não há placas;40 km/h;Dupla;Faixa seccionada;;
202217352,0;2022-07-30;;1;FINALIZADA;IPUTINGA;RUA EMILIANO BRAGA;97,0;;EM FRENTE A PB HOSPITALAR;IPUTINGA;;SUBURBIO;COLISÃO LATERAL;1,0;1,0;0,0;0,0;0,0;0,0;0,0;0,0;0,0;1,0;0,0;Cruzamento;Chuvoso;Não existe;Não existente;;Mal conservada;Não existe;Não há placas;;;;;
202217359,0;2022-07-30;;1;CANCELADA;ARRUDA;RUA DO MACHADO;;RUA ZEFERINO AGRA;EM FRENTE A IGREJA DE SANTO ANTONIO;ARRUDA;;;COLISÃO LATERAL;1,0;1,0;0,0;0,0;0,0;0,0;0,0;0,0;0,0;1,0;0,0;;;;;;;;;;;;;
202217360,0;2022-07-30;;2;CANCELADA;TORRE;AV BEIRA RIO;;;PROX A  PONTE DA TORRE;TORRE;;;COLISÃO LATERAL;2,0;0,0;0,0;0,0;0,0;0,0;0,0;0,0;0,0;0,0;0,0;;;;;;;;;;;;;
202217369,0;2022-07-30;;2;CANCELADA;BOA VIAGEM;AV BOA VIAGEM;3232,0;;EM FRENTE AO EDF. ACAIACA;BOA VIAGEM;;;COLISÃO LATERAL;2,0;0,0;0,0;0,0;0,0;0,0;0,0;0,0;0,0;0,0;0,0;;;;;;;;;;;;;
202217372,0;2022-07-30;;1;CANCELADA;VÁRZEA;AV JOAQUIM RIBEIRO;867,0;;PRÓXIMO AO POSTO DISLUB / RESIDENCIAL MARCOS FREIRE;VÁRZEA;;;COLISÃO LATERAL;1,0;1,0;0,0;0,0;0,0;0,0;0,0;0,0;0,0;1,0;0,0;;;;;;;;;;;;;
202217374,0;2022-07-31;;2;FINALIZADA;AREIAS;AV RECIFE;;;ALTURA DA PONTE DO CAÇOTE - SENTIDO CEASA;AREIAS;;;ATROPELAMENTO DE ANIMAL;1,0;0,0;0,0;0,0;0,0;0,0;0,0;0,0;1,0;0,0;0,0;;;;;;;;;;;;;
202217381,0;2022-07-31;;2;FINALIZADA;AREIAS;AV RECIFE;;;ALTURA DA PONTE DO CAÇOTE - SENTIDO CEASA;AREIAS;;;ATROPELAMENTO DE ANIMAL;0,0;0,0;0,0;0,0;0,0;0,0;0,0;0,0;0,0;0,0;0,0;;;;;;;;;;;;;
202217389,0;2022-07-31;;2;FINALIZADA;CORDEIRO;AV ENGENHEIRO ABDIAS DE CARVALHO;;AV GENERAL SAN MARTIN;COLISÃO ATÍPICA : ENGAVETAMENTO ENTRE TRÊS VEÍCULOS, IMOBILAZADO POR ESTAR COM COMBUSTÍVEL  ( GÁS VEÍCULAR )  -  ORIENTADO A TIRA FOTOS DA DINÂMICA DO ACIDENTE, RETIRA OS VEÍCULOS PARA LOCAL SEGURO E POSTERIOR REALIZAR O BATE PRONTO.;CORDEIRO;;SUBURBIO;ENGAVETAMENTO;3,0;0,0;0,0;0,0;0,0;0,0;0,0;0,0;0,0;0,0;0,0;;;;;;;;;;;;;
202217392,0;2022-07-31;;1;FINALIZADA;CASA AMARELA;RUA PADRE LEMOS;;RUA SURUBIM;KINITOS / ENTRADA VASCO DA GAMA ,  CLINICA ODONTOLOGICA;CASA AMARELA;;CIDADE;COLISÃO FRONTAL;0,0;2,0;0,0;0,0;0,0;0,0;0,0;0,0;0,0;2,0;0,0;Longo da via;Bom;Não existe;Incompleta;Seca;Mal conservada;Não existe;R-6a;;Dupla;Não existe;;
202217398,0;2022-07-31;;2;FINALIZADA;MANGABEIRA;AV PROFESSOR JOSE DOS ANJOS;45,0;;PRÓXIMO DIGO POR TRÁS DO MOTEL.  UM EQUINO FOI ATROPELADO ESTAR AO SOLO VERIFICAR SE AINDA VIVE E E OU ESTAR COM A PATA QUEBRADA. ACIONANDO O GERENTE A  E  O CVA.;MANGABEIRA;;;ATROPELAMENTO DE ANIMAL;0,0;0,0;0,0;0,0;0,0;0,0;0,0;0,0;0,0;0,0;0,0;;;;;;;;;;;;;
202217404,0;2022-07-31;;1;FINALIZADA;BOA VIAGEM;RUA VISCONDE DE JEQUITINHONHA;1418,0;;ANTES DO POSTO SHELL,  EM FRENTE AO EDIFICIL CARAVELAS;BOA VIAGEM;;SUBURBIO;COLISÃO LATERAL;1,0;1,0;0,0;0,0;0,0;1,0;0,0;0,0;0,0;1,0;0,0;Viaduto;Chuvoso;Não existe;Perfeito estado;Molhada;Perfeito estado;Não existe;Outras;60 km/h;Única;Faixa contínua;Faixa seccionada;
202217438,0;2022-07-31;;2;FINALIZADA;ILHA JOANA BEZERRA;AV ADVOGADO JOSE PAULO CAVALCANTI;;VDO PAPA JOAO PAULO II;UM EQUINO FOI ATROPELADO E VEIO A ÓBITO EM HORÁRIO NÃO INFORMADO, PORÉM AO AMANHECER POR CONTA DE UMA OBRA DA EMLURB FOI CONSTATADO O FATO. REPASSADO A GERENCIA CTTU PARA EFETIVAR A REMOÇÃO DO CORCEL.;ILHA JOANA BEZERRA;;CIDADE;ATROPELAMENTO DE ANIMAL;0,0;0,0;0,0;0,0;0,0;0,0;0,0;0,0;0,0;0,0;0,0;;;;;;;;;;;;;
202217447,0;2022-07-31;;2;FINALIZADA;TORRE;RUA JOSE BONIFACIO;;;EM FRENTE A PADARIA NOVA ARMADA;TORRE;191,0;SUBURBIO;CHOQUE;1,0;0,0;0,0;0,0;0,0;0,0;0,0;0,0;0,0;0,0;0,0;Longo da via;Nublado;Sem defeito;Incompleta;Seca;Perfeito estado;Faixa de pedestre;R-6a;;Única;Faixa seccionada;;
202217462,0;2022-07-31;;2;FINALIZADA;COHAB;RUA JOAO CORDEIRO DE SOUZA;;;EM FRENTE AO Nº 97;COHAB;;CIDADE;COLISÃO FRONTAL;2,0;0,0;0,0;0,0;0,0;0,0;0,0;0,0;0,0;0,0;0,0;Longo da via;Bom;Não existe;Perfeito estado;Seca;Perfeito estado;Não existe;Não há placas;;Dupla;Não existe;;
202217489,0;2022-08-01;;1;FINALIZADA;BARRO;AV DR JOSE RUFINO;;;PRÓXIMO À RUA PADRE NÓBREGA;BARRO;;CIDADE;COLISÃO LATERAL;0,0;0,0;0,0;0,0;0,0;0,0;0,0;0,0;0,0;1,0;0,0;;;;;;;;;;;;;
202217521,0;2022-08-01;;1;CANCELADA;BOA VISTA;RUA HENRIQUE DIAS;;AV GOVERNADOR AGAMENON MAGALHAES;APÓS A PRAÇA DO DERBY;BOA VISTA;;CIDADE;QUEDA;0,0;1,0;0,0;0,0;0,0;0,0;0,0;0,0;0,0;1,0;0,0;;;;;;;;;;;;;
202217529,0;2022-08-01;;1;FINALIZADA;BOA VIAGEM;RUA MARIA CAROLINA;;RUA MINISTRO NELSON HUNGRIA;E/F AO HOTEL BEACH CLASS  RESIDENCE;BOA VIAGEM;;;ATROPELAMENTO DE PESSOA;1,0;0,0;0,0;0,0;1,0;0,0;0,0;0,0;0,0;1,0;0,0;Cruzamento;Bom;Não existe;Perfeito estado;Seca;Perfeito estado;Não existe;Não há placas;;Única;Não existe;;