Protocolo;data;hora;natureza;situacao;bairro;endereco;numero;detalhe_endereco_acidente;complemento;bairro_cruzamento;num_semaforo;sentido_via;tipo;auto;moto;ciclom;ciclista;pedestre;onibus;caminhao;viatura;outros;vitimas;vitimasfatais;acidente_verificado;tempo_clima;situacao_semaforo;sinalizacao;condicao_via;conservacao_via;ponto_controle;situacao_placa;velocidade_max_via;mao_direcao;divisao_via1;divisao_via2;divisao_via3
202217552,0;2022-08-02;;1;FINALIZADA;SÃO JOSÉ;AV SUL;;;SEMAFORO Nº 076;SÃO JOSÉ;76,0;SUBURBIO;COLISÃO TRANSVERSAL;1,0;0,0;0,0;0,0;0,0;1,0;0,0;0,0;0,0;1,0;0,0;Esquina;Chuvoso;Intermitente;Perfeito estado;Molhada;Perfeito estado;Não existe;Não há placas;;Dupla;Canteiro central;;
202217606,0;2022-08-02;;1;FINALIZADA;ESPINHEIRO;AV JOAO DE BARROS;1629,0;RUA ALFREDO DE CASTRO;EM FRENTE AO BANCO ITAU,  FEDERAÇÃO ESPIRITA PERNAMBUCANA;ESPINHEIRO;;SUBURBIO;COLISÃO TRASEIRA;1,0;0,0;1,0;0,0;0,0;0,0;0,0;0,0;0,0;1,0;0,0;;;;;;;;;;;;;
202217619,0;2022-08-02;;2;FINALIZADA;BOA VIAGEM;AV ENGENHEIRO DOMINGOS FERREIRA;1350,0;;EM FRENTE  CONJUNTO PERNAMBUCANO;BOA VIAGEM;;SUBURBIO;COLISÃO TRASEIRA;2,0;0,0;0,0;0,0;0,0;0,0;0,0;0,0;0,0;0,0;0,0;Longo da via;Bom;Não existe;Perfeito estado;Seca;Perfeito estado;Não existe;Não há placas;;Única;Faixa seccionada;;
202217622,0;2022-08-02;;2;FINALIZADA;DERBY;RUA JENER DE SOUZA;;PRC DO DERBY;PÇ DO DERBY;DERBY;;CIDADE;;1,0;0,0;0,0;0,0;0,0;0,0;0,0;1,0;0,0;0,0;0,0;Cruzamento;Bom;Não existe;Incompleta;Seca;Perfeito estado;Faixa de pedestre;R-6c;;Única;Faixa seccionada;;
202217630,0;2022-08-02;;1;FINALIZADA;SANTO AMARO;AV NORTE MIGUEL ARRAES DE ALENCAR;866,0;;EM FRENTE A RECIFE TONNER, GRAFICA E ASSISTÊNCIA TÉCNICA;SANTO AMARO;397,0;SUBURBIO;COLISÃO TRASEIRA;1,0;1,0;0,0;0,0;0,0;0,0;0,0;0,0;0,0;1,0;0,0;Longo da via;Bom;Desligado;Perfeito estado;Seca;Perfeito estado;Faixa de pedestre;Outras;60 km/h;Dupla;Faixa seccionada;Canteiro central;
202217638,0;2022-08-02;;1;FINALIZADA;MADALENA;AV CAXANGA;;RUA JOAO IVO DA SILVA;PRÓXIMO AO TÚNEL DA ABOLIÇÃO;MADALENA;257,0;CIDADE;COLISÃO COM CICLISTA;0,0;1,0;0,0;1,0;0,0;0,0;0,0;0,0;0,0;2,0;0,0;Longo da via;Bom;Sem defeito;Perfeito estado;Seca;Perfeito estado;Faixa de pedestre;Outras;;Dupla;Faixa contínua;;
202217648,0;2022-08-03;;1;FINALIZADA;CAXANGÁ;AV CAXANGA;1221,0;;DROGASIL;CAXANGÁ;;CIDADE;COLISÃO FRONTAL;1,0;1,0;0,0;0,0;0,0;0,0;0,0;0,0;0,0;1,0;0,0;;;;;;;;;;;;;
202217657,0;2022-08-03;;2;FINALIZADA;SANTO AMARO;RUA COELHO LEITE;;RUA ARTUR COUTINHO;;SANTO AMARO;;CIDADE;;1,0;0,0;0,0;0,0;0,0;0,0;0,0;1,0;0,0;0,0;0,0;Cruzamento;Chuvoso;Não existe;Não existente;Molhada;Perfeito estado;Não existe;Não há placas;30 km/h;Dupla;Não existe;;
202217670,0;2022-08-03;;2;FINALIZADA;BOA VIAGEM;RUA ANTONIO FALCAO;55,0;;EM FRENTE AO RESTAURANTE ILHA CAMARÕES;BOA VIAGEM;;;COLISÃO FRONTAL;2,0;0,0;0,0;0,0;0,0;0,0;0,0;0,0;0,0;0,0;0,0;;;;;;;;;;;;;
202217695,0;2022-08-03;;2;FINALIZADA;ESPINHEIRO;RUA DO ESPINHEIRO;360,0;;;ESPINHEIRO;;SUBURBIO;COLISÃO TRASEIRA;2,0;0,0;0,0;0,0;0,0;0,0;0,0;0,0;0,0;0,0;0,0;Longo da via;Chuvoso;Não existe;Perfeito estado;Molhada;Perfeito estado;Não existe;Outras;40 km/h;Única;Não existe;;
202217696,0;2022-08-03;;1;FINALIZADA;MADALENA;RUA BENFICA;;RUA JOAO IVO DA SILVA;EM FRENTE AO MUSEU DA ABOLIÇÃO, SENT. DERBY;MADALENA;257,0;CIDADE;COLISÃO LATERAL;0,0;1,0;0,0;0,0;0,0;0,0;0,0;1,0;0,0;1,0;0,0;Longo da via;Chuvoso;Sem defeito;Perfeito estado;Molhada;Perfeito estado;Faixa de pedestre;Outras;;Única;Faixa contínua;;
202217706,0;2022-08-03;;1;FINALIZADA;BOA VIAGEM;RUA TENENTE JOAO CICERO;833,0;AVENIDA CELSO FURTADO (VIA MANGUE);FABRICA DE SORVETE MILET;BOA VIAGEM;;CIDADE;COLISÃO LATERAL;1,0;1,0;0,0;0,0;0,0;0,0;0,0;0,0;0,0;1,0;0,0;Cruzamento;Chuvoso;Não existe;Perfeito estado;Molhada;Perfeito estado;Faixa de retenção;"Placas ""Pare""";60 km/h;Única;Faixa contínua;;
202217709,0;2022-08-03;;1;FINALIZADA;IPSEP;RUA PINTOR ANTONIO ALBUQUERQUE;51,0;RUA PROFESSOR JOSE VICENTE;MERCADINHO CONVENÇÃO;IPSEP;;SUBURBIO;COLISÃO TRANSVERSAL;1,0;1,0;0,0;0,0;0,0;0,0;0,0;0,0;0,0;1,0;0,0;Cruzamento;Chuvoso;Não existe;Perfeito estado;Molhada;Perfeito estado;Faixa de pedestre;"Placas ""Pare""";40 km/h;Única;Faixa seccionada;;
202217732,0;2022-08-03;;1;FINALIZADA;DERBY;AV GOVERNADOR AGAMENON MAGALHAES;;AV GOVERNADOR CARLOS DE LIMA CAVALCANTI;LADO OPOSTO À PRAÇA DO DERBY, SENTIDO OLINDA;DERBY;75,0;SUBURBIO;COLISÃO TRASEIRA;1,0;0,0;0,0;0,0;0,0;1,0;0,0;0,0;0,0;1,0;0,0;Cruzamento;Chuvoso;Sem defeito;Perfeito estado;Molhada;Perfeito estado;;R-26;60 km/h;Única;Faixa contínua;;
202217751,0;2022-08-04;;2;FINALIZADA;ILHA JOANA BEZERRA;AV DES GUERRA BARRETO;;;FÓRUM DESEMBARGADOR RODOLFO AURELIANO;ILHA JOANA BEZERRA;;;COLISÃO FRONTAL;0,0;0,0;0,0;0,0;0,0;0,0;0,0;0,0;0,0;0,0;0,0;;;;;;;;;;;;;
202217776,0;2022-08-04;;1;FINALIZADA;ARRUDA;AV PROFESSOR JOSE DOS ANJOS;159B;RUA DESENHISTA EULINO SANTOS;SEMÁFORO 642;ARRUDA;642,0;CIDADE;COLISÃO LATERAL;0,0;1,0;0,0;0,0;0,0;0,0;1,0;0,0;0,0;1,0;0,0;Esquina;Bom;Sem defeito;;Seca;Perfeito estado;Não existe;Outras;40 km/h;Dupla;Canal;;
202217777,0;2022-08-04;;1;FINALIZADA;ROSARINHO;RUA DES MARTINS PEREIRA;475,0;RUA TELES JUNIOR;POR TRÁS DO BIG BOMPREÇO;ROSARINHO;;;COLISÃO LATERAL;1,0;1,0;0,0;0,0;0,0;0,0;0,0;0,0;0,0;1,0;0,0;Cruzamento;Bom;Não existe;Perfeito estado;Seca;Perfeito estado;Faixa de pedestre;"Placas ""Pare""";30 km/h;Única;Faixa contínua;;
202217785,0;2022-08-04;;1;FINALIZADA;JIQUIÁ;AV DR JOSE RUFINO;13,0;;FABRICA DA IOLANDA;JIQUIÁ;;CIDADE;COLISÃO FRONTAL;0,0;1,0;0,0;0,0;0,0;0,0;0,0;1,0;0,0;1,0;0,0;Cruzamento;Bom;Não existe;Incompleta;Seca;Perfeito estado;Não existe;R-19;60 km/h;Dupla;Faixa contínua;Faixa seccionada;
202217796,0;2022-08-04;;2;FINALIZADA;AFOGADOS;RUA PEDRO CABRAL DE OLIVEIRA;97,0;RUA SAO MIGUEL;AO LADO DA ESCOLA;AFOGADOS;;CIDADE;CHOQUE;2,0;0,0;0,0;0,0;0,0;0,0;1,0;0,0;0,0;0,0;0,0;Cruzamento;Bom;Não existe;Perfeito estado;Seca;Perfeito estado;Não existe;Não há placas;;Única;Não existe;;
202217803,0;2022-08-04;;1;FINALIZADA;CORDEIRO;EST DO FORTE DO ARRAIAL N. DO B. JESUS;922,0;;EM FRENTE A PEIXARIA  PAPESCANDO;CORDEIRO;;;COLISÃO COM CICLISTA;1,0;0,0;0,0;1,0;0,0;0,0;0,0;0,0;0,0;1,0;0,0;Longo da via;Bom;Não existe;Perfeito estado;Seca;Perfeito estado;Não existe;Não há placas;40 km/h;Dupla;Faixa contínua;;
202217832,0;2022-08-04;;2;FINALIZADA;SANTO AMARO;RUA BARROS BARRETO;23,0;AV GOVERNADOR AGAMENON MAGALHAES;;SANTO AMARO;;CIDADE;CHOQUE;0,0;0,0;0,0;0,0;0,0;0,0;0,0;1,0;0,0;0,0;0,0;Longo da via;Bom;Não existe;Não existente;Seca;Perfeito estado;Faixa de pedestre;"Placas ""Pare""";;Dupla;Não existe;;
202217838,0;2022-08-04;;1;FINALIZADA;DOIS IRMÃOS;RUA DOIS IRMAOS;;;EM FRENTE AO LAFEPE;DOIS IRMÃOS;;SUBURBIO;COLISÃO TRASEIRA;1,0;1,0;0,0;0,0;0,0;0,0;0,0;0,0;0,0;1,0;0,0;Longo da via;Bom;Não existe;Perfeito estado;Seca;Perfeito estado;;;;Dupla;Faixa seccionada;;
202217847,0;2022-08-04;;1;FINALIZADA;TEJIPIÓ;AV DR JOSE RUFINO;;;ALÇA DA BR 101 SUL;TEJIPIÓ;;CIDADE;COLISÃO TRANSVERSAL;1,0;1,0;0,0;0,0;0,0;0,0;0,0;0,0;0,0;1,0;0,0;Esquina;Bom;Não existe;Perfeito estado;Seca;Perfeito estado;Não existe;Outras;;Dupla;Faixa seccionada;;
202217865,0;2022-08-05;;1;FINALIZADA;IPUTINGA;AV CAXANGA;;;EM FRENTE AO GOLF CLUB, SENT. CIDADE;IPUTINGA;;;COLISÃO LATERAL;0,0;1,0;0,0;0,0;0,0;1,0;0,0;0,0;0,0;1,0;0,0;Longo da via;Chuvoso;Não existe;Perfeito estado;Molhada;Perfeito estado;Não existe;Não há placas;60 km/h;Dupla;Canteiro central;;
202217886,0;2022-08-05;;1;FINALIZADA;BOA VIAGEM;RUA ERNESTO DE PAULA SANTOS;1277,0;;EM FRENTE AOS CORREIOS;BOA VIAGEM;;SUBURBIO;COLISÃO TRASEIRA;1,0;1,0;0,0;0,0;0,0;0,0;0,0;0,0;0,0;2,0;0,0;Longo da via;Bom;Não existe;Perfeito estado;Seca;Perfeito estado;Não existe;R-6a;;Única;Faixa seccionada;;
202217903,0;2022-08-05;;2;FINALIZADA;BOA VISTA;RUA JOAQUIM FELIPE;200,0;;PROX. AO POSTO SHELL;BOA VISTA;;CIDADE;;1,0;0,0;0,0;0,0;0,0;1,0;0,0;0,0;0,0;0,0;0,0;Longo da via;Bom;Não existe;Perfeito estado;Seca;Perfeito estado;Não existe;Não há placas;60 km/h;Única;Não existe;;
202217908,0;2022-08-05;;1;FINALIZADA;SANTO ANTÔNIO;AV DOM PEDRO I - IMPERADOR;100,0;;POR TRÁS DO FPORUM THOMAZ DE AQUINO;SANTO ANTÔNIO;;;COLISÃO LATERAL;2,0;1,0;0,0;0,0;0,0;0,0;0,0;0,0;0,0;1,0;0,0;Longo da via;Bom;Não existe;Perfeito estado;Seca;Perfeito estado;Não existe;Não há placas;60 km/h;Única;Faixa seccionada;;
202217912,0;2022-08-05;;1;FINALIZADA;BOA VIAGEM;AV DOM JOAO VI;;RUA JOSE DA SILVA LUCENA;PRÓX.  AO COLÉGIO GGE;BOA VIAGEM;;;COLISÃO LATERAL;1,0;1,0;0,0;0,0;0,0;0,0;0,0;0,0;0,0;1,0;0,0;Longo da via;Bom;Não existe;Ilegível;Seca;Mal iluminada;Não existe;Não há placas;;Única;Não existe;;
202217922,0;2022-08-05;;1;FINALIZADA;IPUTINGA;AV MAURICIO DE NASSAU;;;EM FRENTE AO HOSPITAL ALTINO VENTURA;IPUTINGA;645,0;SUBURBIO;COLISÃO TRANSVERSAL;1,0;1,0;0,0;0,0;0,0;0,0;0,0;0,0;0,0;1,0;0,0;Longo da via;Bom;Sem defeito;Perfeito estado;Seca;Perfeito estado;Faixa de pedestre;Não há placas;40 km/h;Dupla;Faixa contínua;;
202217945,0;2022-08-05;;1;FINALIZADA;CABANGA;AV ENGENHEIRO JOSE ESTELITA;;;APOS O CABANGA IATE CLUBE  S/T CID;CABANGA;;CIDADE;COLISÃO LATERAL;1,0;1,0;0,0;0,0;0,0;0,0;0,0;0,0;0,0;1,0;0,0;Longo da via;Bom;Não existe;Perfeito estado;Seca;Perfeito estado;Não existe;Não há placas;60 km/h;Dupla;Canteiro central;;
202217948,0;2022-08-05;;1;FINALIZADA;ARRUDA;RUA DESENHISTA EULINO SANTOS;169,0;;;ARRUDA;;CIDADE;ATROPELAMENTO DE ANIMAL;0,0;1,0;0,0;0,0;1,0;0,0;0,0;0,0;1,0;3,0;0,0;Longo da via;Bom;Não existe;Perfeito estado;Seca;Perfeito estado;Não existe;Não há placas;40 km/h;Dupla;Canteiro central;;
202217969,0;2022-08-05;;2;CANCELADA;BREJO DA GUABIRABA;RUA SENHOR DO BONFIM;60,0;;EM FRENTE A GARAGEM DE ONIBUS DA GLOBO;BREJO DA GUABIRABA;;;COLISÃO LATERAL;1,0;0,0;0,0;0,0;0,0;1,0;0,0;0,0;0,0;0,0;0,0;;;;;;;;;;;;;
202217978,0;2022-08-05;;1;FINALIZADA;AREIAS;AV RECIFE;;;EM FERNTE AO BIG BOMPREÇO DA AV RECIFE - SENTIDO CEASA;AREIAS;;SUBURBIO;COLISÃO TRASEIRA;2,0;1,0;0,0;0,0;0,0;0,0;0,0;0,0;0,0;2,0;0,0;Longo da via;Bom;Sem defeito;Perfeito estado;Seca;Perfeito estado;;;60 km/h;Única;Faixa seccionada;;
202217984,0;2022-08-05;;1;FINALIZADA;AREIAS;RUA AURORA CACOTE;775,0;RUA DONA ANA AURORA;EM FRENTE AO FRIGORIFICO BOI QUENTE;AREIAS;;;COLISÃO FRONTAL;1,0;1,0;0,0;0,0;0,0;0,0;0,0;0,0;0,0;2,0;0,0;Longo da via;Bom;Não existe;Perfeito estado;Seca;Perfeito estado;Não existe;Não há placas;;Dupla;Não existe;;
202218002,0;2022-08-06;;1;FINALIZADA;BOA VIAGEM;AV BOA VIAGEM;998,0;;PRÓXIMO AO EDIFÍCIO ENGENHEIRO JULIO MARANHÃO FILHO;BOA VIAGEM;;;COLISÃO TRASEIRA;2,0;0,0;0,0;0,0;0,0;0,0;0,0;0,0;0,0;1,0;0,0;;;;;;;;;;;;;
202218003,0;2022-08-06;;2;CANCELADA;MADALENA;RUA JOSE OSORIO;;RUA REAL DA TORRE;PROX. AO MERCADO DA MADALENA E POSTO BR;MADALENA;;;COLISÃO LATERAL;2,0;0,0;0,0;0,0;0,0;0,0;0,0;0,0;0,0;0,0;0,0;;;;;;;;;;;;;
202218012,0;2022-08-06;;2;FINALIZADA;CASA AMARELA;AV NORTE MIGUEL ARRAES DE ALENCAR;4750,0;;LADO OPOSTO AO ARMAZÉM CORAL;CASA AMARELA;;;COLISÃO TRASEIRA;1,0;0,0;0,0;0,0;0,0;0,0;0,0;1,0;0,0;0,0;0,0;Longo da via;Bom;Não existe;Incompleta;Seca;Mal conservada;Outros;Outras;;Dupla;Canteiro central;;
202218031,0;2022-08-06;;1;FINALIZADA;IMBIRIBEIRA;AV MARECHAL MASCARENHAS DE MORAES;;RUA PAMPULHA;Mitsubishi;IMBIRIBEIRA;534,0;;COLISÃO LATERAL;1,0;1,0;0,0;0,0;0,0;0,0;0,0;0,0;0,0;1,0;0,0;Longo da via;Bom;Sem defeito;Perfeito estado;Seca;Perfeito estado;;;;Única;;;
202218060,0;2022-08-06;;1;FINALIZADA;IPSEP;RUA ITAJAI;246,0;;AO LADO DO BANCO ITAU;IPSEP;;SUBURBIO;COLISÃO TRANSVERSAL;2,0;0,0;0,0;0,0;0,0;0,0;0,0;0,0;0,0;2,0;0,0;Cruzamento;Bom;Não existe;Perfeito estado;Seca;Perfeito estado;Faixa de pedestre;Outras;40 km/h;Única;Não existe;;
202218075,0;2022-08-06;;1;FINALIZADA;APIPUCOS;RUA DE APIPUCOS;;;E/F AO PARQUE DE APIPUCOS;APIPUCOS;;SUBURBIO;CHOQUE;0,0;1,0;0,0;0,0;0,0;0,0;0,0;0,0;0,0;1,0;0,0;Longo da via;Bom;Não existe;Incompleta;Seca;Perfeito estado;Não existe;Outras;;Dupla;Faixa contínua;Faixa seccionada;
202218093,0;2022-08-06;;1;FINALIZADA;IMBIRIBEIRA;RUA JOAQUIM BANDEIRA;;RUA SARGENTO SILVINO DE MACEDO;MOTEL PRAIA SUL;IMBIRIBEIRA;;SUBURBIO;COLISÃO TRASEIRA;2,0;0,0;0,0;0,0;0,0;0,0;0,0;0,0;0,0;1,0;0,0;Cruzamento;Bom;Não existe;Incompleta;Seca;Mal iluminada;Não existe;Não há placas;;Dupla;Não existe;;
202218096,0;2022-08-07;;1;FINALIZADA;SANTO AMARO;AV MARIO MELO;;AV CRUZ CABUGA;EM FRENTE A IGREJA ASSEMBLÉIA DE DEUS;SANTO AMARO;;;COLISÃO TRANSVERSAL;0,0;2,0;0,0;0,0;0,0;0,0;0,0;0,0;0,0;2,0;0,0;Cruzamento;Chuvoso;Sem defeito;Perfeito estado;Molhada;Perfeito estado;Faixa de pedestre;Não há placas;;Dupla;Canteiro central;;
202218098,0;2022-08-07;;1;FINALIZADA;CAMPO GRANDE;RUA PROFESSOR FRANCISCO DA TRINDADE;481,0;RUA CATULO DA PAIXAO CEARENSE;;CAMPO GRANDE;;CIDADE;COLISÃO TRANSVERSAL;2,0;0,0;0,0;0,0;0,0;0,0;0,0;0,0;0,0;3,0;0,0;Cruzamento;Chuvoso;Não existe;Perfeito estado;Molhada;;Faixa de pedestre;"Placas ""Pare""";40 km/h;Dupla;Faixa seccionada;;
202218114,0;2022-08-07;;1;FINALIZADA;GRAÇAS;AV RUI BARBOSA;;RUA CARDEAL ARCOVERDE;PRÓX. AO SUPERMERCADO RECIBOM / RESTAURANTE ILHA DA KOSTA;GRAÇAS;126,0;;COLISÃO LATERAL;1,0;1,0;0,0;0,0;0,0;0,0;0,0;0,0;0,0;1,0;0,0;Cruzamento;Chuvoso;Sem defeito;Perfeito estado;Molhada;Perfeito estado;Faixa de pedestre;Não há placas;;Única;Não existe;;
202218126,0;2022-08-07;;1;FINALIZADA;BONGI;AV ENGENHEIRO ABDIAS DE CARVALHO;;;APOS O NOVO ATACAREJO;BONGI;;CIDADE;ATROPELAMENTO DE PESSOA;1,0;0,0;0,0;0,0;1,0;0,0;0,0;0,0;0,0;1,0;0,0;Longo da via;Bom;Não existe;Não existente;Seca;Perfeito estado;Não existe;Não há placas;;Dupla;;;
202218166,0;2022-08-07;;1;FINALIZADA;FUNDÃO;AV BEBERIBE;;RUA CORONEL URBANO RIBEIRO DE SENA;PRÓXIMO AO PAGODE DA PRESSÃO;FUNDÃO;307,0;CIDADE;COLISÃO TRANSVERSAL;1,0;1,0;0,0;0,0;0,0;0,0;0,0;0,0;0,0;1,0;0,0;Cruzamento;Bom;Sem defeito;Perfeito estado;Seca;Mal conservada;Faixa de pedestre;Outras;;Dupla;Faixa contínua;Faixa seccionada;
202218179,0;2022-08-08;;2;FINALIZADA;IMBIRIBEIRA;AV MARECHAL MASCARENHAS DE MORAES;;VIADUTO TANCREDO NEVES;PROXIMO AO VIADUTO TANCREDO NEVES;IMBIRIBEIRA;;;COLISÃO FRONTAL;0,0;0,0;0,0;0,0;0,0;2,0;0,0;0,0;0,0;0,0;0,0;;;;;;;;;;;;;
202218187,0;2022-08-08;;1;FINALIZADA;BOA VIAGEM;AV DOM JOAO VI;;;EM FRENTE AO COLEGIO MOTIVO;BOA VIAGEM;;SUBURBIO;COLISÃO LATERAL;1,0;0,0;0,0;0,0;1,0;0,0;1,0;0,0;0,0;1,0;0,0;Longo da via;Bom;Não existe;Perfeito estado;Seca;Perfeito estado;;Não há placas;50 km/h;Única;Canal;;
202218189,0;2022-08-08;;1;FINALIZADA;SÃO JOSÉ;RUA IMPERIAL;981,0;TRV DO RAPOSO;PROX AO HOTEL CRISTAL;SÃO JOSÉ;510,0;SUBURBIO;COLISÃO TRANSVERSAL;1,0;1,0;0,0;0,0;0,0;0,0;0,0;0,0;0,0;1,0;0,0;Cruzamento;Bom;Sem defeito;Incompleta;Seca;Mal conservada;Faixa de pedestre;R-6a;;Única;Faixa seccionada;;
202218198,0;2022-08-08;;1;FINALIZADA;ENCRUZILHADA;AV NORTE MIGUEL ARRAES DE ALENCAR;2991,0;;EM FRENTE À EXTRAFARMA;ENCRUZILHADA;;CIDADE;ATROPELAMENTO DE PESSOA;0,0;1,0;0,0;0,0;1,0;0,0;0,0;0,0;0,0;2,0;0,0;Longo da via;Bom;Não existe;Perfeito estado;Seca;Perfeito estado;Faixa de pedestre;Outras;;Dupla;Canteiro central;;
202218211,0;2022-08-08;;1;FINALIZADA;JIQUIÁ;RUA SAO MIGUEL;1294,0;;AFOGADOS ALUMINIO;JIQUIÁ;;SUBURBIO;COLISÃO LATERAL;1,0;1,0;0,0;0,0;0,0;0,0;0,0;0,0;0,0;1,0;0,0;Longo da via;Bom;Não existe;Perfeito estado;Seca;Perfeito estado;Não existe;Não há placas;;Dupla;Faixa seccionada;;
202218237,0;2022-08-08;;1;FINALIZADA;JORDÃO;AV MARIA IRENE;500,0;;EM FRENTE A NUE SUPERFICIES;JORDÃO;;;COLISÃO LATERAL;1,0;1,0;0,0;0,0;0,0;0,0;0,0;0,0;0,0;1,0;0,0;Longo da via;Bom;Não existe;Incompleta;Seca;Perfeito estado;Não existe;Não há placas;;Dupla;Faixa contínua;;
202218270,0;2022-08-08;;1;FINALIZADA;CABANGA;AV ANTONIO DE GOES;;;AO LADO DO CABANGA IATE CLUBE;CABANGA;;CIDADE;COLISÃO LATERAL;1,0;1,0;0,0;0,0;0,0;1,0;0,0;0,0;0,0;2,0;0,0;Ponte;Bom;Não existe;Perfeito estado;Seca;Perfeito estado;Não existe;Não há placas;60 km/h;Única;Faixa contínua;;
202218301,0;2022-08-09;;1;FINALIZADA;IPUTINGA;AV CAXANGA;3666,0;;PROX AO HOSPITAL BARÃO DE LUCENA;IPUTINGA;8,0;SUBURBIO;COLISÃO LATERAL;1,0;1,0;0,0;0,0;0,0;0,0;0,0;0,0;0,0;1,0;0,0;Cruzamento;Bom;Sem defeito;Perfeito estado;Seca;Perfeito estado;Faixa de pedestre;Outras;;Dupla;Canteiro central;;
202218312,0;2022-08-09;;1;FINALIZADA;PINA;RUA AMAZONAS;196,0;RUA TOME GIBSON;EDF. PARQUE AMAZONAS E EDF. ENCANTA MOÇA;PINA;;SUBURBIO;COLISÃO LATERAL;5,0;0,0;0,0;0,0;0,0;0,0;0,0;0,0;0,0;1,0;0,0;Cruzamento;Bom;Não existe;Perfeito estado;Seca;Perfeito estado;Faixa de pedestre;"Placas ""Pare""";;Única;Faixa seccionada;;
202218319,0;2022-08-09;;1;FINALIZADA;PINA;AVENIDA CELSO FURTADO (VIA MANGUE);;;PROX. AOS RESIDENCIAIS, NO FINAL DA VIA MANGUE SENT. PINA;PINA;;CIDADE;CHOQUE;1,0;1,0;0,0;0,0;0,0;0,0;0,0;0,0;0,0;1,0;0,0;Longo da via;Bom;Não existe;Perfeito estado;Seca;Perfeito estado;;;;Dupla;Canteiro central;;
202218341,0;2022-08-09;;1;FINALIZADA;BOA VIAGEM;AV ENGENHEIRO DOMINGOS FERREIRA;1537,0;;E/F A CERPE;BOA VIAGEM;;SUBURBIO;COLISÃO TRASEIRA;1,0;1,0;0,0;0,0;0,0;0,0;0,0;0,0;0,0;1,0;0,0;Longo da via;Bom;Sem defeito;Perfeito estado;Seca;Perfeito estado;Faixa de pedestre;R-6a;60 km/h;Única;Canteiro central;;
202218345,0;2022-08-09;;1;FINALIZADA;SANTO AMARO;RUA DOS PALMARES;225,0;RUA ARNOBIO MARQUES;EM FRENTE AO JULIÃO;SANTO AMARO;;SUBURBIO;COLISÃO COM CICLISTA;1,0;0,0;0,0;1,0;0,0;0,0;0,0;0,0;0,0;1,0;0,0;Cruzamento;Bom;Não existe;Perfeito estado;Seca;Perfeito estado;Faixa de pedestre;Outras;;Única;Faixa seccionada;;
202218349,0;2022-08-09;;1;FINALIZADA;ILHA DO LEITE;RUA MINAS GERAIS;;RUA MARQUES AMORIM;POR TRÁS DA UNIMEDE 3;ILHA DO LEITE;;;COLISÃO FRONTAL;1,0;1,0;0,0;0,0;0,0;0,0;0,0;0,0;0,0;1,0;0,0;Longo da via;Bom;Não existe;Perfeito estado;Seca;Perfeito estado;Não existe;Não há placas;60 km/h;Única;Faixa seccionada;;
202218350,0;2022-08-09;;1;FINALIZADA;SÃO JOSÉ;RUA TOBIAS BARRETO;460,0;;PROX  MS  ELETRONICA E/F AO EDF MONTANHA;SÃO JOSÉ;;CIDADE;ATROPELAMENTO DE PESSOA;1,0;0,0;0,0;0,0;1,0;0,0;0,0;0,0;0,0;1,0;0,0;Longo da via;Bom;Não existe;Perfeito estado;Seca;Perfeito estado;Não existe;Outras;;Única;Não existe;;
202218373,0;2022-08-09;;1;FINALIZADA;TAMARINEIRA;RUA PADRE ROMA;;RUA DO FUTURO;EM FRENTE AO HOSPITAL ALBERT SABIN;TAMARINEIRA;;;COLISÃO COM CICLISTA;0,0;1,0;0,0;1,0;0,0;0,0;0,0;0,0;0,0;1,0;0,0;Cruzamento;Bom;Sem defeito;Perfeito estado;Seca;Perfeito estado;Faixa de pedestre;Não há placas;40 km/h;Única;Faixa seccionada;;
202218380,0;2022-08-10;;1;FINALIZADA;CIDADE UNIVERSITÁRIA;RUA PROFESSOR ANTONIO COELHO;70,0;;COLÉGIO E CURSO DESAFIO;CIDADE UNIVERSITÁRIA;;;ATROPELAMENTO DE PESSOA;0,0;0,0;0,0;0,0;1,0;1,0;0,0;0,0;0,0;1,0;0,0;;;;;;;;;;;;;
202218389,0;2022-08-10;;1;FINALIZADA;IBURA;AV DOIS RIOS;1091,0;RUA JORNALISTA EDSON REGIS;EM FRENTE AO POSTO BR;IBURA;;CIDADE;COLISÃO TRASEIRA;1,0;1,0;0,0;0,0;0,0;0,0;0,0;0,0;0,0;1,0;0,0;Longo da via;Bom;Sem defeito;Perfeito estado;Seca;Perfeito estado;Faixa de retenção;R-6a;;Dupla;Faixa contínua;;
202218397,0;2022-08-10;;1;FINALIZADA;IMBIRIBEIRA;AV MARECHAL MASCARENHAS DE MORAES;4514,0;;EMFRENTE AO FÓRUM TRABALHISTA;IMBIRIBEIRA;;;COLISÃO LATERAL;1,0;1,0;0,0;0,0;0,0;0,0;0,0;0,0;0,0;1,0;0,0;Longo da via;Bom;Sem defeito;Perfeito estado;Seca;Perfeito estado;Não existe;R-6a;60 km/h;Dupla;Canteiro central;;