Protocolo;data;hora;natureza;situacao;bairro;endereco;numero;detalhe_endereco_acidente;complemento;bairro_cruzamento;num_semaforo;sentido_via;tipo;auto;moto;ciclom;ciclista;pedestre;onibus;caminhao;viatura;outros;vitimas;vitimasfatais;acidente_verificado;tempo_clima;situacao_semaforo;sinalizacao;condicao_via;conservacao_via;ponto_controle;situacao_placa;velocidade_max_via;mao_direcao;divisao_via1;divisao_via2;divisao_via3
202218407,0;2022-08-10;;1;FINALIZADA;GRAÇAS;RUA DAS CREOULAS;268,0;;EM FRENTE AO MACUNAÍMA;GRAÇAS;;;CHOQUE;1,0;0,0;0,0;0,0;0,0;0,0;0,0;0,0;0,0;1,0;0,0;Longo da via;Bom;Não existe;Perfeito estado;Seca;Perfeito estado;Não existe;R-6a;60 km/h;Única;Faixa seccionada;;
202218440,0;2022-08-10;;1;FINALIZADA;JOANA BEZERRA;RUA IMPERIAL;4217,0;RUA BOM SUCESSO;PROX AO VIADUTO CAPITÃO TEMUDO;JOANA BEZERRA;;SUBURBIO;COLISÃO TRANSVERSAL;1,0;1,0;0,0;0,0;0,0;0,0;0,0;0,0;0,0;1,0;0,0;Cruzamento;Bom;Não existe;Incompleta;Seca;Perfeito estado;Não existe;Não há placas;;Única;Faixa seccionada;;
202218445,0;2022-08-10;;1;FINALIZADA;MADALENA;AV JOSE GONCALVES DE MEDEIROS;2019,0;RUA COMENDADOR BENTO AGUIAR;EM FRENTE AO PAGUE MENOS;MADALENA;;SUBURBIO;COLISÃO LATERAL;1,0;1,0;0,0;0,0;0,0;0,0;0,0;0,0;0,0;1,0;0,0;Cruzamento;Bom;Não existe;Não existente;Seca;Mal conservada;Não existe;Não há placas;;Única;;;
202218448,0;2022-08-10;;1;FINALIZADA;AREIAS;AV CAPITAO GREGORIO DE CALDAS;266,0;;EM FRENTE AO RESTAURANTE DO BATATA;AREIAS;;;ATROPELAMENTO DE PESSOA;0,0;1,0;0,0;0,0;1,0;0,0;0,0;0,0;0,0;1,0;0,0;Longo da via;Bom;Não existe;Incompleta;Seca;Mal conservada;Não existe;"Placas ""Pare""";;Dupla;Não existe;;
202218461,0;2022-08-11;;1;FINALIZADA;SAN MARTIN;AV ENGENHEIRO ABDIAS DE CARVALHO;;AV GENERAL SAN MARTIN;NOVO ATACAREJO;SAN MARTIN;58,0;SUBURBIO;COLISÃO LATERAL;1,0;1,0;0,0;0,0;0,0;0,0;0,0;0,0;0,0;1,0;0,0;Cruzamento;Bom;Sem defeito;Perfeito estado;Seca;Perfeito estado;Faixa de pedestre;Não há placas;60 km/h;Dupla;Canteiro central;;
202218473,0;2022-08-11;;1;FINALIZADA;AFOGADOS;RUA SAO MIGUEL;1694,0;;CHURRASCARIA CHARQUE NA BRASA;AFOGADOS;;CIDADE;COLISÃO FRONTAL;2,0;1,0;0,0;0,0;0,0;0,0;0,0;0,0;0,0;1,0;0,0;Longo da via;Chuvoso;Sem defeito;Perfeito estado;Molhada;Perfeito estado;Outros;Outras;;Dupla;Faixa contínua;;
202218483,0;2022-08-11;;2;FINALIZADA;BOA VISTA;RUA PRINCESA IZABEL;;RUA SETE DE SETEMBRO;FACULDADE DE DIREITO;BOA VISTA;;CIDADE;COLISÃO TRANSVERSAL;0,0;0,0;0,0;0,0;0,0;1,0;0,0;1,0;0,0;0,0;0,0;Cruzamento;Bom;Não existe;Perfeito estado;Seca;Perfeito estado;Faixa de pedestre;"Placas ""Pare""";;;Não existe;;
202218492,0;2022-08-11;;1;FINALIZADA;ARRUDA;AV BEBERIBE;1745,0;RUA ZEFERINO AGRA;PROX A DELEGACIA DE ÁGUA FRIA;ARRUDA;;CIDADE;COLISÃO TRANSVERSAL;1,0;1,0;0,0;0,0;0,0;0,0;0,0;0,0;0,0;2,0;0,0;;Bom;Não existe;;Seca;Perfeito estado;Faixa de pedestre;;40 km/h;Única;Faixa contínua;;
202218510,0;2022-08-11;;1;FINALIZADA;SÃO JOSÉ;AV SUL;488,0;RUA PADRE JOSE DE SA LEITAO;PROXIMO AO SEMAFORO  509;SÃO JOSÉ;509,0;CIDADE;COLISÃO TRASEIRA;1,0;1,0;0,0;0,0;0,0;0,0;0,0;0,0;0,0;1,0;0,0;Cruzamento;Bom;Sem defeito;Perfeito estado;Seca;Perfeito estado;Faixa de pedestre;Não há placas;;Única;Faixa contínua;;
202218512,0;2022-08-11;;1;FINALIZADA;MADALENA;RUA REAL DA TORRE;478,0;RUA JOSE OSORIO;EM FRENTE AO MERCADO DA MADALENA;MADALENA;;;COLISÃO LATERAL;1,0;1,0;0,0;0,0;0,0;0,0;0,0;0,0;0,0;1,0;0,0;Longo da via;Bom;Não existe;Perfeito estado;Seca;Perfeito estado;Não existe;Outras;;Única;Faixa seccionada;;
202218531,0;2022-08-11;;1;FINALIZADA;ÁGUA FRIA;RUA DA REGENERACAO;363,0;;PROX A LEO CHOP;ÁGUA FRIA;;SUBURBIO;COLISÃO FRONTAL;0,0;2,0;0,0;0,0;0,0;0,0;0,0;0,0;0,0;1,0;0,0;Longo da via;Bom;Não existe;Não existente;Molhada;Mal conservada;Não existe;Outras;40 km/h;Dupla;Não existe;;
202218555,0;2022-08-11;;2;FINALIZADA;IPUTINGA;RUA CAPITAO AURELIO DE ARAUJO;58,0;;LADO OPOSTO AO RESTAURANTE BODE DO PRIMO;IPUTINGA;;;CHOQUE;2,0;0,0;0,0;0,0;0,0;0,0;0,0;0,0;0,0;0,0;0,0;Longo da via;Bom;Não existe;;Seca;Perfeito estado;Não existe;Não há placas;;Dupla;Não existe;;
202218567,0;2022-08-12;;1;FINALIZADA;ROSARINHO;AV NORTE MIGUEL ARRAES DE ALENCAR;2944,0;;EM FRENTE A EXTRA FARMA;ROSARINHO;;SUBURBIO;QUEDA;0,0;1,0;0,0;0,0;0,0;0,0;0,0;0,0;0,0;1,0;0,0;;;;;;;;;;;;;
202218582,0;2022-08-12;;1;FINALIZADA;SANTO AMARO;AV GOVERNADOR AGAMENON MAGALHAES;;;EM FRENTE A UPE, SENT. OLINDA;SANTO AMARO;;SUBURBIO;COLISÃO LATERAL;1,0;1,0;0,0;0,0;0,0;0,0;0,0;0,0;0,0;1,0;0,0;Longo da via;Bom;Sem defeito;Perfeito estado;Seca;Perfeito estado;Outros;Outras;;Única;Faixa seccionada;;
202218600,0;2022-08-12;;2;FINALIZADA;SAN MARTIN;RUA VINTE E UM DE ABRIL;;;EM FRENTE A PADARIA PARIS;SAN MARTIN;;CIDADE;;1,0;0,0;0,0;0,0;0,0;0,0;0,0;0,0;0,0;0,0;0,0;Longo da via;Bom;Não existe;Incompleta;Seca;Perfeito estado;Não existe;Não há placas;;Dupla;Faixa seccionada;;
202218610,0;2022-08-12;;1;FINALIZADA;CORDEIRO;AV CAXANGA;;AV GENERAL SAN MARTIN;EM FRENTE AO T.I. DA CAXANGÁ;CORDEIRO;80,0;CIDADE;COLISÃO TRASEIRA;1,0;1,0;0,0;0,0;0,0;0,0;0,0;0,0;0,0;1,0;0,0;Longo da via;Bom;Sem defeito;Perfeito estado;Seca;Perfeito estado;Faixa de pedestre;Não há placas;60 km/h;Única;;;
202218614,0;2022-08-12;;1;DUPLICIDADE;VÁRZEA;AV CAXANGA;;;EM FRENTE AO T.I. DA CAXANGÁ;VÁRZEA;;;COLISÃO TRASEIRA;1,0;1,0;0,0;0,0;0,0;0,0;0,0;0,0;0,0;1,0;0,0;;;;;;;;;;;;;
202218617,0;2022-08-12;;1;FINALIZADA;VÁRZEA;AV AFONSO OLINDENSE;700,0;;DEPÓSITO SÓ BEBIDAS;VÁRZEA;;;COLISÃO LATERAL;1,0;1,0;0,0;0,0;0,0;0,0;0,0;0,0;0,0;1,0;0,0;Longo da via;Bom;Não existe;Perfeito estado;Seca;Perfeito estado;Não existe;Outras;30 km/h;Dupla;Faixa contínua;;
202218629,0;2022-08-12;;2;CANCELADA;ROSARINHO;AV NORTE MIGUEL ARRAES DE ALENCAR;3652,0;;E/F ALARME CENTER PROX  VISTORIA DO DETRAN  S/T  CID;ROSARINHO;;;COLISÃO FRONTAL;1,0;2,0;0,0;0,0;0,0;0,0;0,0;0,0;0,0;0,0;0,0;;;;;;;;;;;;;
202218638,0;2022-08-12;;1;FINALIZADA;COQUEIRAL;RUA LINHA NOVA;22,0;;EM FRENTE A VADO RECICLAGEM;COQUEIRAL;;;COLISÃO LATERAL;0,0;1,0;0,0;0,0;0,0;0,0;1,0;0,0;0,0;1,0;0,0;Esquina;Bom;Não existe;Perfeito estado;Seca;Perfeito estado;Não existe;Não há placas;;Dupla;Não existe;;
202218649,0;2022-08-12;;1;FINALIZADA;SANTO AMARO;RUA FREI CASSIMIRO;;RUA COELHO LEITE;AO LADO DO SENAI;SANTO AMARO;;SUBURBIO;COLISÃO TRANSVERSAL;1,0;1,0;0,0;0,0;0,0;0,0;0,0;0,0;0,0;1,0;0,0;Cruzamento;Bom;Não existe;Perfeito estado;Seca;Perfeito estado;Não existe;Não há placas;;Dupla;Faixa contínua;Faixa seccionada;
202218662,0;2022-08-12;;1;CANCELADA;IPSEP;AV RECIFE;;;PRÓXIMO AO ARMAZEM CORAL;IPSEP;;;ATROPELAMENTO DE PESSOA;0,0;0,0;0,0;0,0;0,0;0,0;0,0;0,0;0,0;1,0;0,0;;;;;;;;;;;;;
202218663,0;2022-08-12;;2;FINALIZADA;IBURA;;;;FICA NA RUA  AZEITONA, PRÓXIMO A FÁBRICA DA FREVO;IBURA;;SUBURBIO;CHOQUE;0,0;0,0;0,0;0,0;0,0;0,0;0,0;1,0;0,0;0,0;0,0;Longo da via;Bom;Não existe;Incompleta;Seca;Mal iluminada;Não existe;Não há placas;;Dupla;Não existe;;
202218677,0;2022-08-13;;2;FINALIZADA;BOA VIAGEM;AV CONSELHEIRO AGUIAR;4252,0;;HABIBS;BOA VIAGEM;;;COLISÃO FRONTAL;2,0;0,0;0,0;0,0;0,0;0,0;0,0;0,0;0,0;0,0;0,0;;;;;;;;;;;;;
202218712,0;2022-08-13;;1;FINALIZADA;VÁRZEA;AV AFONSO OLINDENSE;895,0;;EM FRENTE A  DELICIA DO TRIGO;VÁRZEA;;SUBURBIO;COLISÃO TRASEIRA;1,0;1,0;0,0;0,0;0,0;0,0;0,0;0,0;0,0;1,0;0,0;Longo da via;Bom;Sem defeito;Perfeito estado;Seca;Perfeito estado;Não existe;;40 km/h;Dupla;Faixa contínua;;
202218714,0;2022-08-13;;1;FINALIZADA;AREIAS;AV DR JOSE RUFINO;955,0;RUA COSTA HONORATO;EM FRENTE A HONDA;AREIAS;;SUBURBIO;COLISÃO TRANSVERSAL;1,0;1,0;0,0;0,0;0,0;0,0;0,0;0,0;0,0;2,0;0,0;Cruzamento;Bom;Não existe;Perfeito estado;Seca;Perfeito estado;Outros;Outras;50 km/h;Dupla;Faixa contínua;;
202218720,0;2022-08-13;;1;FINALIZADA;IMBIRIBEIRA;AV GENERAL MAC ARTHUR;;;EM FRENTE AO LE PARC;IMBIRIBEIRA;673,0;SUBURBIO;COLISÃO TRANSVERSAL;1,0;1,0;0,0;0,0;0,0;0,0;0,0;0,0;0,0;1,0;0,0;Longo da via;Bom;Sem defeito;Perfeito estado;Seca;Perfeito estado;Faixa de pedestre;Não há placas;40 km/h;Única;Faixa seccionada;;
202218722,0;2022-08-13;;1;FINALIZADA;BOA VIAGEM;RUA DR LUIZ INACIO PESSOA DE MELO;342,0;;E/F AO SUPERMERCADO TREVO;BOA VIAGEM;;CIDADE;COLISÃO FRONTAL;1,0;1,0;0,0;0,0;0,0;0,0;0,0;0,0;0,0;1,0;0,0;Longo da via;Bom;Não existe;Perfeito estado;Seca;Perfeito estado;Não existe;Outras;;Dupla;Faixa seccionada;;
202218724,0;2022-08-13;;1;FINALIZADA;BOA VISTA;AV GOVERNADOR AGAMENON MAGALHAES;;;EM FRENTE AO COLEGIO AMERICANO BATISTA;BOA VISTA;37,0;SUBURBIO;COLISÃO TRASEIRA;1,0;1,0;0,0;0,0;0,0;0,0;0,0;0,0;0,0;1,0;0,0;Longo da via;Bom;Sem defeito;Perfeito estado;Seca;Perfeito estado;Faixa de pedestre;R-6a;;Dupla;Canteiro central;;
202218726,0;2022-08-13;;1;FINALIZADA;SANTO AMARO;RUA TREZE DE MAIO;914A;RUA FREI CASSIMIRO;;SANTO AMARO;;SUBURBIO;COLISÃO LATERAL;1,0;1,0;0,0;0,0;0,0;0,0;0,0;0,0;0,0;2,0;0,0;Cruzamento;Bom;Não existe;Perfeito estado;Seca;Perfeito estado;Faixa de pedestre;Outras;;Dupla;Faixa contínua;;
202218748,0;2022-08-14;;1;CANCELADA;DERBY;AV GOVERNADOR AGAMENON MAGALHAES;;PRC DO DERBY;PRAÇA DO DERBY;DERBY;75,0;;COLISÃO TRANSVERSAL;1,0;1,0;0,0;0,0;0,0;0,0;0,0;0,0;0,0;1,0;0,0;;;;;;;;;;;;;
202218751,0;2022-08-14;;1;FINALIZADA;BARRO;AV DR JOSE RUFINO;1897,0;;EM FRENTE A GALERIA BARRO, PROX. AO POSTO DE GASOLINA IMPERIO;BARRO;;CIDADE;CHOQUE;1,0;0,0;0,0;0,0;0,0;0,0;0,0;0,0;0,0;1,0;0,0;Longo da via;Bom;Não existe;Perfeito estado;Seca;Perfeito estado;Não existe;Não há placas;40 km/h;;Faixa contínua;;
202218764,0;2022-08-14;;1;FINALIZADA;CAJUEIRO;AV BEBERIBE;;RUA MAJOR DAVINO;NA ESQUINA DA PIZZARIA VICIOS;CAJUEIRO;307,0;;COLISÃO TRANSVERSAL;1,0;1,0;0,0;0,0;0,0;0,0;0,0;0,0;0,0;1,0;0,0;Cruzamento;Bom;Sem defeito;Perfeito estado;Seca;Perfeito estado;Faixa de pedestre;Não há placas;;Dupla;Faixa contínua;;
202218767,0;2022-08-14;;1;FINALIZADA;ALTO SANTA TERESINHA;AV ANIBAL BENEVOLO;636,0;;EM FRENTE AO CLUBE BELA VISTA;ALTO SANTA TERESINHA;;CIDADE;COLISÃO LATERAL;1,0;0,0;1,0;0,0;0,0;0,0;0,0;0,0;0,0;1,0;0,0;Longo da via;Bom;Não existe;Perfeito estado;Seca;Perfeito estado;Não existe;Outras;30 km/h;Dupla;Não existe;;
202218771,0;2022-08-14;;1;FINALIZADA;ESPINHEIRO;RUA DO ESPINHEIRO;;RUA SANTO ELIAS;DE FRENTE AO POSTO IPIRANGA;ESPINHEIRO;;CIDADE;COLISÃO TRANSVERSAL;2,0;0,0;0,0;0,0;0,0;0,0;0,0;0,0;0,0;1,0;0,0;Cruzamento;Bom;Não existe;Incompleta;Seca;Perfeito estado;Faixa de pedestre;"Placas ""Pare""";;Única;Faixa seccionada;;
202218776,0;2022-08-14;;1;FINALIZADA;ÁGUA FRIA;AV BEBERIBE;2584,0;;PROX AO PAGODE DA PRESSÃO;ÁGUA FRIA;;SUBURBIO;COLISÃO COM CICLISTA;0,0;0,0;0,0;1,0;0,0;1,0;0,0;0,0;0,0;1,0;0,0;Longo da via;Bom;Não existe;Perfeito estado;Seca;Perfeito estado;Não existe;R-6a;;Dupla;Faixa seccionada;;
202218802,0;2022-08-15;;2;FINALIZADA;IMBIRIBEIRA;AV MARECHAL MASCARENHAS DE MORAES;;;LADO OPOSTO AO Nº 4890 / EM FRENTE AO MARTELINHO DE OURO;IMBIRIBEIRA;;CIDADE;COLISÃO TRASEIRA;2,0;0,0;0,0;0,0;0,0;0,0;0,0;0,0;0,0;0,0;0,0;Longo da via;Bom;Não existe;Perfeito estado;Seca;Perfeito estado;Não existe;R-6a;60 km/h;Única;Faixa seccionada;;
202218821,0;2022-08-15;;1;FINALIZADA;IMBIRIBEIRA;RUA ITACARI;162,0;RUA ITAJAI;EM FRENTE À YNOVE;IMBIRIBEIRA;;;COLISÃO LATERAL;1,0;1,0;0,0;0,0;0,0;0,0;0,0;0,0;0,0;1,0;0,0;Cruzamento;Bom;Não existe;Perfeito estado;Seca;Perfeito estado;Faixa de pedestre;Outras;;Dupla;Faixa contínua;;
202218828,0;2022-08-15;;2;FINALIZADA;IMBIRIBEIRA;AV MARECHAL MASCARENHAS DE MORAES;2657,0;;EM FRENTE A IMBIRIBEIRA DIESEL;IMBIRIBEIRA;7,0;CIDADE;COLISÃO TRASEIRA;1,0;0,0;0,0;0,0;0,0;0,0;0,0;0,0;1,0;0,0;0,0;Cruzamento;Bom;Sem defeito;Incompleta;Seca;Perfeito estado;Faixa de pedestre;R-6a;;Dupla;Canteiro central;;
202218855,0;2022-08-15;;2;CANCELADA;ALTO DO MANDU;RUA TRAMANDAI;175,0;;PROX AO POSTO DE SAUDE;ALTO DO MANDU;;;COLISÃO LATERAL;1,0;0,0;0,0;0,0;0,0;0,0;1,0;0,0;0,0;0,0;0,0;;;;;;;;;;;;;
202218856,0;2022-08-15;;2;FINALIZADA;ESTÂNCIA;RUA JOAO TEIXEIRA;601,0;;NO FINAL DA RUA DO COLEGIO VISAO;ESTÂNCIA;;;COLISÃO FRONTAL;2,0;0,0;0,0;0,0;0,0;0,0;0,0;0,0;0,0;0,0;0,0;;;;;;;;;;;;;
202218858,0;2022-08-15;;1;FINALIZADA;MADALENA;RUA REAL DA TORRE;332,0;;EM FRENTE DA MARCOS EQUIPADORA;MADALENA;;SUBURBIO;ATROPELAMENTO DE PESSOA;0,0;1,0;0,0;0,0;1,0;0,0;0,0;0,0;0,0;1,0;0,0;Longo da via;Bom;Não existe;Perfeito estado;Seca;Perfeito estado;Não existe;Outras;50 km/h;;Faixa seccionada;;
202218861,0;2022-08-15;;1;FINALIZADA;SANTO AMARO;AV GOVERNADOR AGAMENON MAGALHAES;465,0;;EM FRENTE A UPE/ SENTIDO OLINDA;SANTO AMARO;;SUBURBIO;COLISÃO LATERAL;1,0;1,0;0,0;0,0;0,0;0,0;0,0;0,0;0,0;1,0;0,0;Longo da via;Bom;Sem defeito;Perfeito estado;Seca;Perfeito estado;Faixa de pedestre;Não há placas;;Dupla;Canal;;
202218872,0;2022-08-15;;1;FINALIZADA;SANTO AMARO;AV NORTE MIGUEL ARRAES DE ALENCAR;637,0;;APOS O SEMAFORO DA RUA 13 DE MAIO;SANTO AMARO;;CIDADE;ATROPELAMENTO DE PESSOA;0,0;1,0;0,0;0,0;1,0;0,0;0,0;0,0;0,0;1,0;0,0;Longo da via;Bom;Não existe;Perfeito estado;Seca;Perfeito estado;Não existe;Não há placas;60 km/h;Dupla;Canteiro central;;
202218904,0;2022-08-16;;1;FINALIZADA;PINA;AV ANTONIO DE GOES;742,0;RUA MANOEL DE BRITO;EM FRENTE AO EMPRESARIAL JOPIN;PINA;103,0;;ATROPELAMENTO DE ANIMAL;0,0;1,0;0,0;0,0;0,0;0,0;0,0;0,0;1,0;2,0;0,0;Cruzamento;Bom;Sem defeito;Perfeito estado;Seca;Perfeito estado;Faixa de pedestre;R-25b;60 km/h;Única;Canteiro central;;
202218943,0;2022-08-16;;2;FINALIZADA;JAQUEIRA;RUA PADRE ROMA;149,0;AV CONS ROSA E SILVA;APÓS HOSPITAL CORREIA PICANÇO;JAQUEIRA;61,0;SUBURBIO;COLISÃO TRASEIRA;2,0;0,0;0,0;0,0;0,0;0,0;0,0;1,0;0,0;0,0;0,0;Cruzamento;Bom;Sem defeito;Perfeito estado;Seca;Perfeito estado;Faixa de pedestre;R-6a;;Dupla;Faixa contínua;Faixa seccionada;
202218958,0;2022-08-16;;1;FINALIZADA;ESPINHEIRO;RUA CONS PORTELA;676,0;AV JOAO DE BARROS;PROXIMO AO ITAU;ESPINHEIRO;;;ATROPELAMENTO DE PESSOA;1,0;0,0;0,0;0,0;1,0;0,0;0,0;0,0;0,0;1,0;0,0;Longo da via;Bom;Não existe;Perfeito estado;Seca;Perfeito estado;Faixa de pedestre;R-6a;;Única;Faixa;;
202219004,0;2022-08-17;;1;FINALIZADA;VASCO DA GAMA;RUA CORREGO DO OURO;352,0;;PANIFICADORA VITOR;VASCO DA GAMA;;;COLISÃO LATERAL;1,0;0,0;0,0;0,0;0,0;0,0;1,0;0,0;0,0;1,0;0,0;Longo da via;Bom;Não existe;Não existente;Seca;Perfeito estado;Não existe;Não há placas;;Dupla;Não existe;;
202219006,0;2022-08-17;;1;FINALIZADA;DOIS IRMÃOS;RUA MANUEL DE MEDEIROS;;;EM FRENTE À UFRPE;DOIS IRMÃOS;;;COLISÃO FRONTAL;1,0;1,0;0,0;0,0;0,0;0,0;0,0;0,0;0,0;1,0;0,0;Cruzamento;Chuvoso;Sem defeito;Perfeito estado;Molhada;Perfeito estado;Não existe;Não há placas;;Dupla;Faixa seccionada;;
202219030,0;2022-08-17;;2;FINALIZADA;IMBIRIBEIRA;RUA JOAQUIM BANDEIRA;374,0;AV SUL;EM FRENTE A MAFEMA E AO LADO DA ESTAÇÃO ANTÔNIO FALCÃO ( METRÔ);IMBIRIBEIRA;;CIDADE;;1,0;0,0;0,0;0,0;0,0;0,0;0,0;1,0;0,0;0,0;0,0;Longo da via;Bom;Não existe;Perfeito estado;Seca;Perfeito estado;Não existe;Outras;;Única;Faixa seccionada;;
202219046,0;2022-08-17;;1;CANCELADA;SANTO ANTÔNIO;PRC DA REPUBLICA;;AV DANTAS BARRETO;EM FRENTE AO TEATRO SANTA  ISABEL;SANTO ANTÔNIO;;;COLISÃO LATERAL;1,0;1,0;0,0;0,0;0,0;0,0;0,0;0,0;0,0;1,0;0,0;;;;;;;;;;;;;
202219064,0;2022-08-17;;1;FINALIZADA;BOA VISTA;RUA DO HOSPICIO;;RUA PRINCESA IZABEL;CAMERA DOS VEREADOPRES;BOA VISTA;31,0;;ATROPELAMENTO DE PESSOA;1,0;0,0;0,0;0,0;1,0;0,0;0,0;0,0;0,0;1,0;0,0;Cruzamento;Bom;Sem defeito;Perfeito estado;Seca;Perfeito estado;Faixa de pedestre;Outras;;Dupla;Faixa contínua;;
202219085,0;2022-08-17;;1;FINALIZADA;BOA VISTA;AV CONDE DA BOA VISTA;1288,0;;PRÓXIMO AO BRADESCO;BOA VISTA;;SUBURBIO;COLISÃO TRASEIRA;1,0;1,0;0,0;0,0;0,0;0,0;0,0;0,0;0,0;1,0;0,0;Longo da via;Chuvoso;Sem defeito;Perfeito estado;Molhada;Perfeito estado;Outros;Não há placas;;Dupla;Canteiro central;;
202219088,0;2022-08-17;;1;FINALIZADA;DERBY;AV GOVERNADOR AGAMENON MAGALHAES;;;PRÓXIMO AO BURGUER KING - SENTIDO BOA VIAGEM;DERBY;;;COLISÃO LATERAL;0,0;1,0;0,0;0,0;0,0;1,0;0,0;0,0;0,0;1,0;0,0;Longo da via;Bom;Sem defeito;Perfeito estado;Seca;Perfeito estado;Faixa de pedestre;Outras;60 km/h;Dupla;Canal;;
202219108,0;2022-08-18;;1;FINALIZADA;AFOGADOS;RUA SAO MIGUEL;469,0;;EM FRENTE AO POSTO DE GASOLINA DISLUB;AFOGADOS;;;COLISÃO FRONTAL;1,0;1,0;0,0;0,0;0,0;0,0;0,0;0,0;0,0;1,0;0,0;Longo da via;Bom;Não existe;Perfeito estado;Seca;Perfeito estado;Não existe;Outras;50 km/h;Dupla;Faixa contínua;;
202219119,0;2022-08-18;;1;FINALIZADA;IPSEP;AV RECIFE;1810,0;RUA JEAN EMILE FAVRE;;IPSEP;130,0;IMBIRIBEIRA;COLISÃO TRASEIRA;0,0;1,0;0,0;0,0;0,0;0,0;0,0;0,0;0,0;1,0;0,0;Cruzamento;Bom;Sem defeito;Perfeito estado;;Perfeito estado;Faixa de pedestre;R-5a;;;Faixa contínua;;
202219123,0;2022-08-18;;1;FINALIZADA;IMBIRIBEIRA;RUA JACI;136,0;RUA JOAQUIM BANDEIRA;APOS A FERREIRA COSTA;IMBIRIBEIRA;534,0;CIDADE;COLISÃO LATERAL;0,0;1,0;0,0;0,0;0,0;1,0;0,0;0,0;0,0;1,0;0,0;Cruzamento;Bom;Não existe;Não existente;Molhada;Perfeito estado;Não existe;Não há placas;60 km/h;Única;Não existe;;
202219135,0;2022-08-18;;1;FINALIZADA;TEJIPIÓ;AV LIBERDADE;;;EM FENTE AO CEMITÉRIO PARQUE DAS FLORES;TEJIPIÓ;;;COLISÃO LATERAL;1,0;1,0;0,0;0,0;0,0;0,0;0,0;0,0;0,0;1,0;0,0;Longo da via;Bom;Não existe;Não existente;Seca;Perfeito estado;Não existe;;30 km/h;Dupla;Não existe;;
202219146,0;2022-08-18;;2;FINALIZADA;AFOGADOS;RUA SANTOS ARAUJO;320,0;RUA SAO MIGUEL;POSTO DE COMBUS BRAZ PETRO;AFOGADOS;333,0;SUBURBIO;;0,0;0,0;0,0;0,0;0,0;0,0;1,0;0,0;0,0;0,0;0,0;Longo da via;Bom;Sem defeito;Perfeito estado;Seca;Perfeito estado;Não existe;Não há placas;;Única;Faixa seccionada;;
202219165,0;2022-08-18;;1;FINALIZADA;SANTO ANTÔNIO;RUA IMPERADOR PEDRO SEGUNDO;447,0;RUA PRIMEIRO DE MARCO;PROX AO BANCO ITAU;SANTO ANTÔNIO;18,0;CI;COLISÃO FRONTAL;0,0;2,0;0,0;0,0;0,0;0,0;0,0;0,0;0,0;2,0;0,0;Cruzamento;Bom;Sem defeito;Perfeito estado;Seca;Perfeito estado;Faixa de pedestre;R-6a;;Única;Faixa contínua;Faixa seccionada;
202219170,0;2022-08-18;;1;FINALIZADA;PINA;AV HERCULANO BANDEIRA;673,0;;;PINA;;;COLISÃO TRASEIRA;1,0;1,0;0,0;0,0;0,0;0,0;0,0;0,0;0,0;2,0;0,0;Longo da via;Bom;Sem defeito;Perfeito estado;Seca;Perfeito estado;Não existe;R-6a;;Única;Faixa seccionada;;
202219171,0;2022-08-18;;2;FINALIZADA;DERBY;AV GOVERNADOR AGAMENON MAGALHAES;;;EM FRENTE AO HOSPITAL DA RESTAURAÇÃO;DERBY;;;;1,0;0,0;0,0;0,0;0,0;0,0;0,0;1,0;0,0;0,0;0,0;Longo da via;Bom;Não existe;Perfeito estado;Seca;Perfeito estado;Agente;Não há placas;;Única;Faixa seccionada;;
202219172,0;2022-08-18;;1;FINALIZADA;BOA VIAGEM;RUA DOM JOSE LOPES;57,0;;EM FRENTE AO BAR SÃO BUTIQUIM;BOA VIAGEM;;;COLISÃO FRONTAL;1,0;1,0;0,0;0,0;0,0;0,0;0,0;0,0;0,0;1,0;0,0;Cruzamento;Bom;Não existe;Perfeito estado;Seca;Perfeito estado;Faixa de pedestre;"Placas ""Pare""";;Dupla;Não existe;;
202219175,0;2022-08-18;;1;FINALIZADA;IPSEP;AV RECIFE;2670,0;;PROXIMO AO SEMAFORO 55;IPSEP;;;COLISÃO TRASEIRA;1,0;1,0;0,0;0,0;0,0;0,0;0,0;0,0;0,0;1,0;0,0;Longo da via;Bom;Sem defeito;Perfeito estado;Seca;Perfeito estado;Agente;R-6a;60 km/h;Única;Faixa seccionada;;