Protocolo;data;hora;natureza;situacao;bairro;endereco;numero;detalhe_endereco_acidente;complemento;bairro_cruzamento;num_semaforo;sentido_via;tipo;auto;moto;ciclom;ciclista;pedestre;onibus;caminhao;viatura;outros;vitimas;vitimasfatais;acidente_verificado;tempo_clima;situacao_semaforo;sinalizacao;condicao_via;conservacao_via;ponto_controle;situacao_placa;velocidade_max_via;mao_direcao;divisao_via1;divisao_via2;divisao_via3
202219178,0;2022-08-18;;1;FINALIZADA;IMBIRIBEIRA;AV MARECHAL MASCARENHAS DE MORAES;;;EM FRENTE A LASER ELETRO, SENTIDO AFOGADOS;IMBIRIBEIRA;;;COLISÃO TRASEIRA;1,0;1,0;0,0;0,0;0,0;0,0;0,0;0,0;0,0;1,0;0,0;Longo da via;Bom;Sem defeito;Perfeito estado;Seca;Perfeito estado;Não existe;Outras;;Dupla;Faixa seccionada;Canteiro central;
202219180,0;2022-08-18;;1;FINALIZADA;IPSEP;AV RECIFE;;;LADO OPOSTO AO RESIDENCIAL IGNEZ ANDREAZZA;IPSEP;494,0;CIDADE;COLISÃO TRASEIRA;1,0;1,0;0,0;0,0;0,0;0,0;0,0;0,0;0,0;1,0;0,0;Longo da via;Bom;Sem defeito;Perfeito estado;Seca;Perfeito estado;Não existe;Não há placas;60 km/h;Única;Faixa seccionada;;
202219188,0;2022-08-18;;1;FINALIZADA;JORDÃO;RUA DR ALVARO FERRAZ;53,0;;PROXIMA A PRAÇA DO JORDÃO BAIXO;JORDÃO;;;COLISÃO LATERAL;0,0;2,0;0,0;0,0;0,0;0,0;0,0;0,0;0,0;1,0;0,0;Longo da via;Bom;Não existe;Perfeito estado;Seca;Perfeito estado;Não existe;Outras;;;Não existe;;
202219196,0;2022-08-18;;1;CANCELADA;CÓRREGO DO JENIPAPO;RUA ERUNDINA NEGREIROS DE ARAUJO;;;EM FRENTE A ASSEMBLÉIA DE DEUS;CÓRREGO DO JENIPAPO;;;ATROPELAMENTO DE PESSOA;0,0;1,0;0,0;0,0;1,0;0,0;0,0;0,0;0,0;1,0;0,0;;;;;;;;;;;;;
202219202,0;2022-08-18;;1;FINALIZADA;ESPINHEIRO;RUA SANTO ELIAS;;RUA DO ESPINHEIRO;ESQUINA DO POSTO IPIRANGA;ESPINHEIRO;;;COLISÃO TRANSVERSAL;0,0;1,0;0,0;0,0;0,0;0,0;0,0;1,0;0,0;1,0;0,0;Cruzamento;Chuvoso;Não existe;Perfeito estado;Molhada;Perfeito estado;Faixa de pedestre;;;Dupla;;;
202219216,0;2022-08-19;;2;FINALIZADA;IMBIRIBEIRA;AV MARECHAL MASCARENHAS DE MORAES;161,0;;EM FRENTE À PREMIER PRODUTOS ALIMENTÍCIOS;IMBIRIBEIRA;;SUBURBIO;COLISÃO TRASEIRA;1,0;0,0;0,0;0,0;0,0;1,0;0,0;0,0;0,0;0,0;0,0;Longo da via;Chuvoso;Não existe;Perfeito estado;Molhada;Perfeito estado;Outros;R-32;;Dupla;Canteiro central;;
202219222,0;2022-08-19;;1;FINALIZADA;AREIAS;RUA AURORA CACOTE;121,0;;PROX AO  GALETUS;AREIAS;;;COLISÃO FRONTAL;1,0;1,0;0,0;0,0;0,0;0,0;0,0;0,0;0,0;1,0;0,0;Longo da via;Bom;Não existe;Perfeito estado;Seca;Perfeito estado;Não existe;Não há placas;;Dupla;Não existe;;
202219253,0;2022-08-19;;1;FINALIZADA;ROSARINHO;AV NORTE MIGUEL ARRAES DE ALENCAR;;;PROX. A PADARIA ROSARINHO;ROSARINHO;;SUBURBIO;COLISÃO TRASEIRA;1,0;1,0;0,0;0,0;0,0;0,0;0,0;0,0;0,0;1,0;0,0;Longo da via;Bom;Sem defeito;Perfeito estado;Seca;Perfeito estado;Outros;R-6a;;Dupla;Blocos;;
202219323,0;2022-08-19;;1;FINALIZADA;TORRE;RUA JOSE BONIFACIO;894,0;;EM FRENTE A HONDA;TORRE;;;COLISÃO TRASEIRA;2,0;1,0;0,0;0,0;0,0;0,0;0,0;0,0;0,0;1,0;0,0;Longo da via;Bom;Sem defeito;Perfeito estado;Seca;Perfeito estado;Não existe;R-6a;;Única;Faixa seccionada;;
202219329,0;2022-08-20;;2;FINALIZADA;MADALENA;RUA CARLOS GOMES;339,0;RUA GOMES TABORDA;PROX. AO BAILE PERFUMADO;MADALENA;348,0;;CHOQUE;1,0;0,0;0,0;0,0;0,0;0,0;0,0;0,0;0,0;0,0;0,0;;;;;;;;;;;;;
202219336,0;2022-08-20;;1;FINALIZADA;MADALENA;RUA REAL DA TORRE;;RUA JOSE OSORIO;PROX. A PRAÇA DA MADALENA;MADALENA;179,0;SUL;COLISÃO LATERAL;1,0;1,0;0,0;0,0;0,0;0,0;0,0;0,0;0,0;1,0;0,0;Cruzamento;Bom;Sem defeito;Perfeito estado;Seca;Perfeito estado;Faixa de pedestre;Não há placas;50 km/h;Única;Faixa seccionada;;
202219343,0;2022-08-20;;1;FINALIZADA;BOA VIAGEM;RUA CAMBOIM;;RUA DEZ DE JULHO;PROX. A ESTAÇÃO AEROPORTO;BOA VIAGEM;;;COLISÃO LATERAL;1,0;1,0;0,0;0,0;0,0;0,0;0,0;0,0;0,0;1,0;0,0;Cruzamento;Bom;Não existe;Perfeito estado;Seca;Perfeito estado;Faixa de pedestre;"Placas ""Pare""";30 km/h;Única;Faixa contínua;;
202219369,0;2022-08-20;;1;FINALIZADA;AFOGADOS;RUA IMPERIAL;;;PROX AO FERRO E AÇO;AFOGADOS;510,0;;COLISÃO FRONTAL;1,0;1,0;0,0;0,0;0,0;0,0;0,0;0,0;0,0;1,0;0,0;Cruzamento;Bom;Sem defeito;Perfeito estado;Seca;Perfeito estado;Faixa de retenção;R-6a;;Única;Faixa seccionada;;
202219371,0;2022-08-20;;1;FINALIZADA;IMBIRIBEIRA;AV GENERAL MAC ARTHUR;125,0;;EM FRENTE A LOJA MUNDO DO CABELEIREIRO;IMBIRIBEIRA;;;CHOQUE;1,0;0,0;0,0;0,0;0,0;0,0;0,0;0,0;0,0;5,0;0,0;Longo da via;Bom;Não existe;Perfeito estado;Seca;Perfeito estado;;"Placas ""Pare""";40 km/h;Única;Faixa seccionada;;
202219385,0;2022-08-20;;1;FINALIZADA;SAN MARTIN;RUA QUINZE DE MARCO;;RUA DELMIRO GOUVEIA;CRUZAMENTO COM A RUA DELMIRO GOUVÉIA, EM FRENTE A CHESF;SAN MARTIN;;SUBURBIO;COLISÃO TRASEIRA;0,0;2,0;0,0;0,0;0,0;0,0;0,0;0,0;0,0;1,0;0,0;Cruzamento;Bom;Não existe;Incompleta;Seca;Perfeito estado;Não existe;Não há placas;;Única;Não existe;;
202219400,0;2022-08-20;;1;FINALIZADA;AREIAS;AV DR JOSE RUFINO;1545,0;;EM FRENTE AO COLEGIO INCENTIVO;AREIAS;;;COLISÃO TRASEIRA;0,0;1,0;0,0;0,0;0,0;1,0;0,0;0,0;0,0;1,0;0,0;Longo da via;Bom;Não existe;Perfeito estado;Seca;Perfeito estado;Não existe;R-6a;60 km/h;Dupla;Faixa contínua;Faixa seccionada;
202219405,0;2022-08-20;;2;CANCELADA;BOA VIAGEM;RUA RIBEIRO DE BRITO;;RUA DOS NAVEGANTES;EDIFICIO HOLIDAY;BOA VIAGEM;;;COLISÃO LATERAL;2,0;0,0;0,0;0,0;0,0;0,0;0,0;0,0;0,0;0,0;0,0;;;;;;;;;;;;;
202219414,0;2022-08-20;;1;FINALIZADA;PINA;AV ENGENHEIRO DOMINGOS FERREIRA;1097,0;;;PINA;200,0;SUBURBIO;COLISÃO COM CICLISTA;0,0;1,0;0,0;1,0;0,0;0,0;0,0;0,0;0,0;1,0;0,0;Cruzamento;Bom;Sem defeito;Perfeito estado;Seca;Perfeito estado;Não existe;R-6a;60 km/h;Única;Canteiro central;;
202219415,0;2022-08-20;;2;FINALIZADA;JOANA BEZERRA;RUA IMPERIAL;;RUA BOM SUCESSO;APÓS A ESCOLA;JOANA BEZERRA;;;COLISÃO TRANSVERSAL;2,0;0,0;0,0;0,0;0,0;0,0;0,0;0,0;0,0;0,0;0,0;;;;;;;;;;;;;
202219420,0;2022-08-21;;1;FINALIZADA;CAMPO GRANDE;RUA MARECHAL DEODORO;603,0;;EM FRENTE AO EDF. TOPAZIO;CAMPO GRANDE;;;COLISÃO TRASEIRA;1,0;1,0;0,0;0,0;0,0;0,0;0,0;0,0;0,0;1,0;0,0;Longo da via;Chuvoso;Não existe;Não existente;Molhada;Perfeito estado;Não existe;Não há placas;;Dupla;Não existe;;
202219432,0;2022-08-21;;1;FINALIZADA;PARNAMIRIM;RUA SEBASTIAO MALTA ARCOVERDE;223,0;AV PARNAMIRIM;EDF. GENIPABU;PARNAMIRIM;;;COLISÃO TRASEIRA;5,0;0,0;0,0;0,0;0,0;0,0;0,0;0,0;0,0;1,0;0,0;Longo da via;Bom;Sem defeito;Perfeito estado;Seca;Perfeito estado;Faixa de retenção;Não há placas;;Única;Faixa contínua;;
202219438,0;2022-08-21;;1;FINALIZADA;DERBY;AV GOVERNADOR AGAMENON MAGALHAES;4481,0;;APOS O HOSPITAL PORTUGUES E/F AO BRADESCO S/T OLINDA;DERBY;;OLINDA;COLISÃO LATERAL;1,0;1,0;0,0;0,0;0,0;0,0;0,0;0,0;0,0;1,0;0,0;Longo da via;Bom;Não existe;Perfeito estado;Seca;Perfeito estado;Não existe;Não há placas;60 km/h;Dupla;Canteiro central;;
202219441,0;2022-08-21;;1;FINALIZADA;GRAÇAS;RUA DA AMIZADE;67,0;;EM FRENTE A PADARIA VILA DA AMIZADE;GRAÇAS;;;COLISÃO COM CICLISTA;1,0;0,0;0,0;1,0;0,0;0,0;0,0;0,0;0,0;1,0;0,0;Longo da via;Bom;Não existe;Perfeito estado;Seca;Perfeito estado;Não existe;Não há placas;30 km/h;Única;Não existe;;
202219445,0;2022-08-21;;1;FINALIZADA;ILHA DO RETIRO;RUA SPORT CLUBE DO RECIFE;;;E/F A FACULDADE UPE  AO LADO DO SPORT;ILHA DO RETIRO;;;COLISÃO LATERAL;1,0;0,0;0,0;0,0;0,0;0,0;1,0;0,0;0,0;1,0;0,0;;;;;;;;;;;;;
202219464,0;2022-08-21;;2;FINALIZADA;BOA VIAGEM;AV ENGENHEIRO DOMINGOS FERREIRA;;RUA PROFESSOR ALOISIO PESSOA DE ARAUJO;;BOA VIAGEM;;CIDADE;;2,0;0,0;0,0;0,0;0,0;0,0;0,0;0,0;0,0;0,0;0,0;Longo da via;Chuvoso;Não existe;Incompleta;Molhada;Mal iluminada;Não existe;Não há placas;;Única;Faixa seccionada;;
202219465,0;2022-08-21;;1;FINALIZADA;MADALENA;RUA JOSE OSORIO;;;BEIRA DO CANAL;MADALENA;;SUBURBIO;COLISÃO LATERAL;1,0;1,0;0,0;0,0;0,0;0,0;0,0;0,0;0,0;1,0;0,0;;;;;;;;;;;;;
202219466,0;2022-08-21;;2;CANCELADA;ALTO DO MANDU;RUA MANDACARU;469,0;;PRÓXIMO A ESCOLA VILA SESAMO;ALTO DO MANDU;;;COLISÃO TRASEIRA;2,0;0,0;0,0;0,0;0,0;0,0;0,0;0,0;0,0;0,0;0,0;;;;;;;;;;;;;
202219467,0;2022-08-21;;1;FINALIZADA;BOA VIAGEM;RUA BALTAZAR PASSOS;;RUA COSMORAMA;POSTO BR;BOA VIAGEM;556,0;LESTE;COLISÃO COM CICLISTA;1,0;0,0;0,0;1,0;0,0;0,0;0,0;0,0;0,0;1,0;0,0;Cruzamento;Bom;Sem defeito;Perfeito estado;Seca;Perfeito estado;Faixa de pedestre;Não há placas;;Única;Faixa contínua;;
202219468,0;2022-08-21;;1;FINALIZADA;SANTO ANTÔNIO;RUA PRIMEIRO DE MARCO;;RUA IMPERADOR PEDRO SEGUNDO;CRUZAMENTO C/A RUA DO IMPERADOR;SANTO ANTÔNIO;;;COLISÃO TRASEIRA;0,0;0,0;0,0;0,0;0,0;2,0;0,0;0,0;0,0;1,0;0,0;Cruzamento;Bom;Sem defeito;Perfeito estado;Seca;Perfeito estado;Faixa de pedestre;Não há placas;;Única;Não existe;;
202219479,0;2022-08-22;;2;FINALIZADA;APIPUCOS;RUA DE APIPUCOS;455,0;;EM FRENTE AO NÚMERO 455;APIPUCOS;;CIDADE;CHOQUE;1,0;0,0;0,0;0,0;0,0;0,0;0,0;0,0;0,0;0,0;0,0;Longo da via;Chuvoso;Não existe;Perfeito estado;Molhada;Perfeito estado;Não existe;R-6a;;Dupla;Faixa contínua;;
202219487,0;2022-08-22;;1;FINALIZADA;BOA VIAGEM;RUA ANTONIO DE SA LEITAO;229,0;RUA PROFESSOR JOSE BRANDAO;COLÉGIO BOA VIAGEM;BOA VIAGEM;;;COLISÃO FRONTAL;1,0;1,0;0,0;0,0;0,0;0,0;0,0;0,0;0,0;1,0;0,0;Cruzamento;Chuvoso;Não existe;Ilegível;Molhada;Mal conservada;Não existe;"Placas ""Pare""";;Dupla;Faixa seccionada;;
202219494,0;2022-08-22;;2;CANCELADA;SANTO AMARO;AV CRUZ CABUGA;;RUA FREI CASSIMIRO;;SANTO AMARO;;;COLISÃO FRONTAL;0,0;1,0;0,0;0,0;0,0;0,0;0,0;0,0;0,0;0,0;0,0;;;;;;;;;;;;;
202219502,0;2022-08-22;;1;FINALIZADA;BONGI;TRV ESTRADA DO BONGI;99,0;AV MANOEL GONCALVES DA LUZ;MULTI POSTOS;BONGI;;;COLISÃO LATERAL;1,0;1,0;0,0;0,0;0,0;0,0;0,0;0,0;0,0;1,0;0,0;Cruzamento;Bom;Não existe;Ilegível;Seca;Mal conservada;Não existe;"Placas ""Pare""";30 km/h;Dupla;Faixa contínua;Faixa seccionada;
202219509,0;2022-08-22;;1;FINALIZADA;CABANGA;RUA CAPITAO TEMUDO;282,0;;ADVOGADOS ASSOCIADOS MARCO TAFUR;CABANGA;;SUBURBIO;COLISÃO LATERAL;1,0;1,0;0,0;0,0;0,0;0,0;0,0;0,0;0,0;1,0;0,0;Longo da via;Bom;Não existe;Incompleta;Seca;Perfeito estado;Não existe;Outras;;Única;Canteiro central;;
202219539,0;2022-08-22;;1;FINALIZADA;ENCRUZILHADA;EST DE BELEM;190,0;RUA DONA JULIETA;E/F A IGREJA MATRIZ DE BELEM;ENCRUZILHADA;;CIDADE;COLISÃO LATERAL;1,0;1,0;0,0;0,0;0,0;0,0;0,0;0,0;0,0;2,0;0,0;Esquina;Bom;Não existe;Perfeito estado;Seca;Perfeito estado;Não existe;R-6a;;Dupla;Faixa contínua;Faixa seccionada;
202219555,0;2022-08-22;;1;FINALIZADA;BARRO;AV DR JOSE RUFINO;2612,0;;EM FRENTE A HIPER MOTOS;BARRO;;CIDADE;COLISÃO TRASEIRA;0,0;2,0;0,0;0,0;0,0;0,0;0,0;0,0;0,0;1,0;0,0;Longo da via;Chuvoso;Não existe;Perfeito estado;Molhada;Perfeito estado;Não existe;Não há placas;60 km/h;Dupla;Faixa contínua;;
202219557,0;2022-08-22;;1;FINALIZADA;SÃO JOSÉ;AV DANTAS BARRETO;1330,0;RUA DO PEIXOTO;PROX AO TERMINAL DE ONIBUS 1002;SÃO JOSÉ;181,0;CIDADE;COLISÃO LATERAL;0,0;1,0;0,0;0,0;0,0;1,0;0,0;0,0;0,0;1,0;0,0;Cruzamento;Chuvoso;Sem defeito;Perfeito estado;Molhada;Perfeito estado;Não existe;"Placas ""Pare""";;Única;Não existe;;
202219565,0;2022-08-22;;1;CANCELADA;CASA FORTE;AV DEZESSETE DE AGOSTO;;RUA PIAUI;POSTO DE GASOLIZA DESLUMBRE;CASA FORTE;;;COLISÃO LATERAL;1,0;1,0;0,0;0,0;0,0;0,0;0,0;0,0;0,0;1,0;0,0;;;;;;;;;;;;;
202219566,0;2022-08-22;;1;FINALIZADA;COHAB;AV CHAPADA DO ARARIPE;52,0;;EM FRENTE A IGREJA ASSEMBLÉIA DE DEUS;COHAB;;SUBURBIO;ATROPELAMENTO DE PESSOA;0,0;1,0;0,0;0,0;1,0;0,0;0,0;0,0;0,0;1,0;0,0;Longo da via;Chuvoso;Não existe;Incompleta;Molhada;Perfeito estado;Faixa de pedestre;Não há placas;;Dupla;Canal;;
202219574,0;2022-08-22;;2;CANCELADA;LINHA DO TIRO;RUA PROFESSOR JOSE AMARINO DOS REIS;2349,0;;;LINHA DO TIRO;;;COLISÃO LATERAL;1,0;1,0;0,0;0,0;0,0;0,0;0,0;0,0;0,0;0,0;0,0;;;;;;;;;;;;;
202219596,0;2022-08-23;;1;FINALIZADA;ENCRUZILHADA;RUA DR JOSE MARIA;48,0;RUA GOMES DE MATOS JUNIOR;POR TRÁS DO HOSPITAL JORGE DE MEDEIROS / CLUBE DE TÊNIS BEAT TÊNIS;ENCRUZILHADA;;SUBURBIO;COLISÃO LATERAL;1,0;1,0;0,0;0,0;0,0;0,0;0,0;0,0;0,0;1,0;0,0;Cruzamento;Chuvoso;Não existe;Perfeito estado;Molhada;Perfeito estado;Faixa de retenção;"Placas ""Pare""";;Dupla;Faixa seccionada;;
202219597,0;2022-08-23;;2;CANCELADA;TORRE;RUA JOSE BONIFACIO;1099,0;;EM FRENTE A GALERIA VITRINE DA TORRE;TORRE;;;COLISÃO LATERAL;1,0;0,0;0,0;0,0;0,0;0,0;1,0;0,0;0,0;0,0;0,0;;;;;;;;;;;;;
202219611,0;2022-08-23;;2;FINALIZADA;IPSEP;RUA PINTOR ANTONIO ALBUQUERQUE;24,0;RUA DR RAPOSO PINTO;EM FRENTE À IGREJA DO EVANGELHO QUADRANGULAR DO IPSEP;IPSEP;;SUBURBIO;;0,0;1,0;0,0;0,0;0,0;0,0;0,0;1,0;0,0;0,0;0,0;Cruzamento;Chuvoso;Não existe;Perfeito estado;Molhada;Perfeito estado;Faixa de pedestre;R-6a;20 km/h;Dupla;Faixa seccionada;;
202219613,0;2022-08-23;;2;FINALIZADA;DERBY;AV GOVERNADOR AGAMENON MAGALHAES;;AV GOVERNADOR CARLOS DE LIMA CAVALCANTI;PRÓX. À WIZARD;DERBY;75,0;;COLISÃO TRASEIRA;1,0;0,0;0,0;0,0;0,0;0,0;0,0;1,0;0,0;0,0;0,0;;;;;;;;;;;;;
202219615,0;2022-08-23;;1;CANCELADA;IMBIRIBEIRA;AV MARECHAL MASCARENHAS DE MORAES;;;EM FRENTE AO GERALDÃO;IMBIRIBEIRA;;;COLISÃO TRASEIRA;1,0;1,0;0,0;0,0;0,0;0,0;0,0;0,0;0,0;1,0;0,0;;;;;;;;;;;;;
202219617,0;2022-08-20;;1;FINALIZADA;NOVA DESCOBERTA;AV VEREADOR OTACILIO AZEVEDO;730,0;;PROX UPA DE NOVA DESCOBERTA;NOVA DESCOBERTA;;CIDADE;COLISÃO TRANSVERSAL;0,0;1,0;0,0;0,0;0,0;0,0;0,0;0,0;1,0;2,0;0,0;Longo da via;Bom;Não existe;Perfeito estado;Seca;Perfeito estado;Não existe;Não há placas;60 km/h;;Não existe;;
202219620,0;2022-08-23;;1;FINALIZADA;PAISSANDU;RUA FRANCISCO ALVES;326,0;RUA CAPITAO JOSE DA LUZ;PRÓX. À ESCOLA MUNICIPAL DOS COELHOS;PAISSANDU;;SUBURBIO;COLISÃO LATERAL;0,0;1,0;0,0;0,0;0,0;0,0;1,0;0,0;0,0;1,0;0,0;Cruzamento;Chuvoso;Não existe;Perfeito estado;Seca;Perfeito estado;Não existe;R-4b;;Dupla;Faixa seccionada;;
202219625,0;2022-08-23;;2;FINALIZADA;CORDEIRO;EST DO FORTE DO ARRAIAL N. DO B. JESUS;1615,0;RUA ONZE DE FEVEREIRO;;CORDEIRO;;;;0,0;1,0;0,0;0,0;0,0;0,0;0,0;1,0;0,0;0,0;0,0;Cruzamento;Nublado;Não existe;Incompleta;Molhada;Perfeito estado;Não existe;Não há placas;;Dupla;Não existe;;
202219643,0;2022-08-23;;1;FINALIZADA;CAXANGÁ;AV CAXANGA;3943,0;;EM FRENTE A AGENCIA DO BRADESCO;CAXANGÁ;;SUBURBIO;COLISÃO TRASEIRA;0,0;2,0;0,0;0,0;0,0;0,0;0,0;0,0;0,0;1,0;0,0;Longo da via;Bom;Não existe;Perfeito estado;Seca;Mal conservada;Não existe;Não há placas;60 km/h;Dupla;Canteiro central;;
202219698,0;2022-08-24;;1;FINALIZADA;AREIAS;AV DR JOSE RUFINO;308,0;;PRÓX. AO COLÉGIO VISÃO;AREIAS;;;COLISÃO TRASEIRA;1,0;2,0;0,0;0,0;0,0;0,0;0,0;0,0;0,0;1,0;0,0;Longo da via;Bom;Sem defeito;Incompleta;Seca;Mal conservada;Não existe;R-6a;60 km/h;Dupla;Faixa contínua;;
202219715,0;2022-08-24;;1;FINALIZADA;BOMBA DO HEMETÉRIO;COR DO BARTOLOMEU;498,0;;ROTATÓRIA;BOMBA DO HEMETÉRIO;;SUBURBIO;ATROPELAMENTO DE PESSOA;0,0;1,0;0,0;0,0;1,0;0,0;0,0;0,0;0,0;1,0;0,0;Longo da via;Bom;Não existe;Perfeito estado;Seca;Perfeito estado;Faixa de pedestre;R-6a;40 km/h;Dupla;Faixa contínua;;
202219722,0;2022-08-24;;2;FINALIZADA;ESPINHEIRO;RUA QUARENTA E OITO;347,0;RUA DA HORA;CERPE;ESPINHEIRO;;;COLISÃO TRASEIRA;4,0;0,0;0,0;0,0;0,0;0,0;0,0;0,0;0,0;0,0;0,0;Longo da via;Bom;Sem defeito;Perfeito estado;Seca;Perfeito estado;Outros;Outras;;Única;Faixa seccionada;;
202219725,0;2022-08-24;;2;FINALIZADA;IPUTINGA;AV MAURICIO DE NASSAU;184,0;;PRÓX. AO BERÇÁRIO E HOTELZINHO ESPAÇO KIDS;IPUTINGA;;;COLISÃO TRASEIRA;2,0;0,0;0,0;0,0;0,0;0,0;0,0;0,0;0,0;0,0;0,0;;;;;;;;;;;;;
202219730,0;2022-08-24;;1;FINALIZADA;MADALENA;AV CAXANGA;990,0;;EM FRENTE À FACULDADE SANTA HELENA;MADALENA;;SUBURBIO;COLISÃO TRASEIRA;1,0;1,0;0,0;0,0;0,0;0,0;0,0;0,0;0,0;1,0;0,0;Longo da via;Bom;Não existe;Perfeito estado;Seca;Perfeito estado;Não existe;Não há placas;60 km/h;Única;Faixa seccionada;;
202219738,0;2022-08-24;;2;FINALIZADA;PARNAMIRIM;AV DEZESSETE DE AGOSTO;295,0;;GALERIA PARNAMIRIM / SENTIDO TORRE;PARNAMIRIM;;;COLISÃO LATERAL;1,0;0,0;0,0;0,0;0,0;0,0;0,0;1,0;0,0;0,0;0,0;;;;;;;;;;;;;
202219774,0;2022-08-24;;1;FINALIZADA;IMBIRIBEIRA;AV MARECHAL MASCARENHAS DE MORAES;294,0;;MORELATE DISTRIBUIDORA DE AUTO PEÇAS.;IMBIRIBEIRA;;CIDADE;ATROPELAMENTO DE PESSOA;0,0;1,0;0,0;0,0;1,0;0,0;0,0;0,0;0,0;2,0;0,0;Longo da via;Bom;Não existe;Perfeito estado;Seca;Perfeito estado;Não existe;Outras;60 km/h;Única;Faixa seccionada;;
202219777,0;2022-08-24;;1;FINALIZADA;CAMPO GRANDE;RUA CATULO DA PAIXAO CEARENSE;;RUA PROFESSOR FRANCISCO DA TRINDADE;ANTES DO SEMAFORO DO CLUBE DAS PÁS;CAMPO GRANDE;;SUBURBIO;COLISÃO FRONTAL;1,0;1,0;0,0;0,0;0,0;0,0;0,0;0,0;0,0;1,0;0,0;Cruzamento;Bom;Não existe;Incompleta;Seca;Perfeito estado;Não existe;Não há placas;;Dupla;Faixa seccionada;;
202219780,0;2022-08-24;;1;FINALIZADA;MUSTARDINHA;AV MANOEL GONCALVES DA LUZ;441,0;;EM FRENTE AO SUPEMERCADO TEM;MUSTARDINHA;;SUBURBIO;ATROPELAMENTO DE PESSOA;0,0;1,0;0,0;0,0;1,0;0,0;0,0;0,0;0,0;1,0;0,0;Longo da via;Bom;Não existe;Perfeito estado;Seca;Perfeito estado;Não existe;Não há placas;40 km/h;Dupla;Faixa seccionada;;
202219787,0;2022-08-24;;1;FINALIZADA;APIPUCOS;RUA MANDACARU;84,0;RUA BARAUNA;PROX AO AÇUDE DE APIPUCOS;APIPUCOS;;;COLISÃO FRONTAL;1,0;1,0;0,0;0,0;0,0;0,0;0,0;0,0;0,0;2,0;0,0;Esquina;Bom;Não existe;Incompleta;Seca;Perfeito estado;Não existe;Outras;;Dupla;Não existe;;
202219799,0;2022-08-24;;1;FINALIZADA;BEBERIBE;RUA TAGUATINGA;41,0;;EM FRENTE AO REI DOS SALGADOS/ LADEIRA DA VAN;BEBERIBE;;SUBURBIO;ATROPELAMENTO DE PESSOA;0,0;1,0;0,0;0,0;1,0;0,0;0,0;0,0;0,0;1,0;0,0;Longo da via;Bom;Não existe;Não existente;Seca;Perfeito estado;Não existe;Outras;30 km/h;Dupla;Não existe;;
202219806,0;2022-08-24;;1;FINALIZADA;CORDEIRO;AV CAXANGA;1953,0;;DEPOIS DA EXPOSIÇÃO DE ANIMAIS;CORDEIRO;268,0;CIDADE;COLISÃO FRONTAL;1,0;1,0;0,0;0,0;0,0;0,0;0,0;0,0;0,0;2,0;0,0;Longo da via;Bom;Sem defeito;Perfeito estado;Seca;Perfeito estado;Faixa de pedestre;Não há placas;;Única;Faixa seccionada;Canteiro central;Blocos
202219828,0;2022-08-25;;1;FINALIZADA;SANTO AMARO;RUA ALVARES DE AZEVEDO;93,0;RUA PALMARES;CENTRO EDUCACIONAL ULISSES PERNAMBUCANO;SANTO AMARO;93,0;CIDADE;COLISÃO LATERAL;1,0;1,0;0,0;0,0;0,0;0,0;0,0;0,0;0,0;1,0;0,0;Cruzamento;Bom;Sem defeito;Perfeito estado;Seca;Perfeito estado;Faixa de pedestre;Outras;;Única;Faixa contínua;;
202219830,0;2022-08-25;;1;FINALIZADA;BOA VIAGEM;RUA PROFESSOR MARIO CASTRO;451,0;RUA SA E SOUZA;EM FRENTE À CAFETERIA THE BAKER CHEF / PRÓX. À ESCOLA AMERICANA;BOA VIAGEM;;SUBURBIO;ATROPELAMENTO DE PESSOA;1,0;0,0;0,0;0,0;2,0;0,0;0,0;0,0;0,0;2,0;0,0;Longo da via;Bom;Não existe;Perfeito estado;Seca;Perfeito estado;Faixa de pedestre;"Placas ""Pare""";30 km/h;Dupla;Faixa seccionada;;
202219834,0;2022-08-25;;1;FINALIZADA;SANTO AMARO;AV GOVERNADOR AGAMENON MAGALHAES;4318,0;;EM FRENTE AO EMPRESARIAL RENATO DIAS;SANTO AMARO;;CIDADE;COLISÃO FRONTAL;2,0;1,0;0,0;0,0;0,0;0,0;0,0;0,0;0,0;1,0;0,0;Longo da via;Bom;Não existe;Perfeito estado;Seca;Perfeito estado;Não existe;Não há placas;60 km/h;Dupla;Canteiro central;;
202219856,0;2022-08-25;;1;FINALIZADA;CAMPO GRANDE;AV GOVERNADOR AGAMENON MAGALHAES;;RUA ODORICO MENDES;SENT. BOA VIAGEM SEMAFORO 049;CAMPO GRANDE;;;COLISÃO TRASEIRA;1,0;1,0;0,0;0,0;0,0;0,0;0,0;0,0;0,0;1,0;0,0;;;;;;;;;;;;;
202219862,0;2022-08-25;;2;FINALIZADA;APIPUCOS;RUA DE APIPUCOS;600,0;RUA DR PEDRO CORREA;;APIPUCOS;;SUBURBIO;COLISÃO TRASEIRA;0,0;1,0;0,0;0,0;0,0;0,0;1,0;0,0;0,0;0,0;0,0;Longo da via;Bom;Não existe;Não existente;Seca;Perfeito estado;Não existe;Não há placas;60 km/h;Dupla;Faixa contínua;;