Protocolo;data;hora;natureza;situacao;bairro;endereco;numero;detalhe_endereco_acidente;complemento;bairro_cruzamento;num_semaforo;sentido_via;tipo;auto;moto;ciclom;ciclista;pedestre;onibus;caminhao;viatura;outros;vitimas;vitimasfatais;acidente_verificado;tempo_clima;situacao_semaforo;sinalizacao;condicao_via;conservacao_via;ponto_controle;situacao_placa;velocidade_max_via;mao_direcao;divisao_via1;divisao_via2;divisao_via3
202219918,0;2022-08-25;;1;FINALIZADA;IMBIRIBEIRA;AV MARECHAL MASCARENHAS DE MORAES;;;SOB A ALÇA DE RETORNO - E/F AO AEROPORTO;IMBIRIBEIRA;;SUBURBIO;COLISÃO TRASEIRA;0,0;1,0;0,0;0,0;0,0;0,0;1,0;0,0;0,0;2,0;0,0;Longo da via;Bom;Não existe;Não existente;Seca;Perfeito estado;Não existe;Não há placas;;Única;Faixa seccionada;;
202219919,0;2022-08-26;;2;FINALIZADA;SAN MARTIN;AV GENERAL SAN MARTIN;375,0;;EM FRENTE 375;SAN MARTIN;;CIDADE;COLISÃO TRASEIRA;2,0;0,0;0,0;0,0;0,0;0,0;0,0;0,0;0,0;0,0;0,0;Longo da via;Bom;Não existe;Incompleta;Seca;Mal iluminada;Não existe;Não há placas;;Dupla;Faixa seccionada;;
202219926,0;2022-08-26;;1;FINALIZADA;IBURA;AV PRESIDENTE DUTRA;;;APÓS O SAL E BRASA / PRÓX. À SUBIDA DO VIADUTO TANCREDO NEVES / SENTIDO BOA VIAGEM;IBURA;;;COLISÃO TRASEIRA;1,0;1,0;0,0;0,0;0,0;0,0;0,0;0,0;0,0;2,0;0,0;;;;;;;;;;;;;
202219932,0;2022-08-26;;1;FINALIZADA;JARDIM SÃO PAULO;AV LIBERDADE;824,0;;PROX A DELEGACIA DE ROUBOS E FURTOS;JARDIM SÃO PAULO;;SUBURBIO;COLISÃO LATERAL;1,0;1,0;0,0;0,0;0,0;0,0;0,0;0,0;0,0;1,0;0,0;Cruzamento;Bom;Não existe;Perfeito estado;Seca;Perfeito estado;Não existe;Não há placas;;Dupla;Não existe;;
202219939,0;2022-08-26;;1;FINALIZADA;ESTÂNCIA;AV DR JOSE RUFINO;892,0;;EM FRENTE AO COLÉGIO JOSÉ MARIANO;ESTÂNCIA;;SUBURBIO;ATROPELAMENTO DE PESSOA;0,0;1,0;0,0;0,0;1,0;0,0;0,0;0,0;0,0;1,0;0,0;Longo da via;Bom;Não existe;Perfeito estado;Seca;Perfeito estado;Faixa de pedestre;Outras;50 km/h;Dupla;Faixa seccionada;;
202219941,0;2022-08-26;;1;FINALIZADA;MADALENA;RUA JOSE BONIFACIO;401,0;;EDF. MADALENA CENTER;MADALENA;;SUBURBIO;COLISÃO LATERAL;1,0;1,0;0,0;0,0;0,0;0,0;0,0;0,0;0,0;2,0;0,0;Cruzamento;Bom;Não existe;Incompleta;Seca;Perfeito estado;Outros;Outras;;Única;Faixa seccionada;;
202219944,0;2022-08-26;;2;FINALIZADA;BOA VISTA;RUA DO HOSPICIO;687,0;;CÂMARA DOS VEREADORES;BOA VISTA;;CIDADE;;1,0;0,0;0,0;0,0;0,0;0,0;0,0;1,0;0,0;0,0;0,0;;Bom;Não existe;Incompleta;Seca;Perfeito estado;Não existe;Outras;40 km/h;Dupla;Faixa contínua;;
202219950,0;2022-08-26;;1;FINALIZADA;BOA VISTA;RUA DO PRINCIPE;;RUA GERVASIO PIRES;HOSPITAL DO EXÉRCITO;BOA VISTA;41,0;;ATROPELAMENTO DE PESSOA;1,0;0,0;0,0;0,0;1,0;0,0;0,0;0,0;0,0;1,0;0,0;Cruzamento;Bom;Sem defeito;Perfeito estado;Seca;Perfeito estado;Faixa de pedestre;R-6a;;Única;Faixa seccionada;;
202219952,0;2022-08-26;;1;FINALIZADA;DOIS IRMÃOS;RUA CORONEL SILVESTRE BASTOS;122,0;RUA LUIZ DA MOTTA SILVEIRA;PROX. A COLISEU VIGILANCIA;DOIS IRMÃOS;;CIDADE;COLISÃO LATERAL;1,0;1,0;0,0;0,0;0,0;0,0;0,0;0,0;0,0;1,0;0,0;Esquina;Bom;Não existe;Incompleta;Seca;Mal conservada;Não existe;Outras;;Dupla;Não existe;;
202219957,0;2022-08-26;;2;FINALIZADA;CASA AMARELA;AV NORTE MIGUEL ARRAES DE ALENCAR;4555,0;AV PROFESSOR JOSE DOS ANJOS;SESC CASA AMARELA;CASA AMARELA;364,0;SUBURBIO;CHOQUE;1,0;0,0;0,0;0,0;0,0;0,0;0,0;0,0;0,0;0,0;0,0;Cruzamento;Bom;Sem defeito;Perfeito estado;Seca;;Faixa de pedestre;Outras;;Dupla;Canteiro central;;
202219991,0;2022-08-26;;1;FINALIZADA;SÃO JOSÉ;AV SUL;488,0;;PROXIMO A DANTAS MAQUINAS/ PROXIMO AO SEMÁFORO 509;SÃO JOSÉ;;CIDADE;COLISÃO TRASEIRA;1,0;1,0;0,0;0,0;0,0;0,0;0,0;0,0;0,0;1,0;0,0;Longo da via;Bom;Não existe;Incompleta;Seca;Perfeito estado;Não existe;Não há placas;;Dupla;Canteiro central;;
202220000,0;2022-08-26;;1;FINALIZADA;BOA VIAGEM;RUA COPACABANA;36,0;RUA WALDEMAR NERY CARNEIRO MONTEIRO;PROX A BANCA DE REVISTA ALTERNATIVA;BOA VIAGEM;;CIDADE;COLISÃO FRONTAL;0,0;1,0;0,0;0,0;0,0;1,0;0,0;0,0;0,0;1,0;0,0;Cruzamento;Bom;Não existe;Perfeito estado;Seca;Perfeito estado;Não existe;Não há placas;;Dupla;Não existe;;
202220001,0;2022-08-26;;1;FINALIZADA;TORRE;PRC PROFESSOR BARRETO CAMPELLO;1183,0;;EM FRENTE AO EDIFICIO PRAÇA DAS MARGARIDAS;TORRE;;SUBURBIO;COLISÃO TRASEIRA;1,0;1,0;0,0;0,0;0,0;0,0;0,0;0,0;0,0;1,0;0,0;Longo da via;Bom;Não existe;Incompleta;Seca;Perfeito estado;Outros;Outras;;Única;Faixa seccionada;;
202220003,0;2022-08-26;;1;FINALIZADA;JOANA BEZERRA;VIADUTO CAPITAO TEMUDO;;;EM CIMA DO VIADUTO PAPA JOÃO PAULO II /  SENTIDO BOA VIAGEM;JOANA BEZERRA;;;COLISÃO TRASEIRA;1,0;1,0;0,0;0,0;0,0;0,0;0,0;0,0;0,0;1,0;0,0;Viaduto;Bom;Não existe;Perfeito estado;Seca;Perfeito estado;Não existe;Não há placas;;Única;Faixa seccionada;;
202220015,0;2022-08-26;;1;FINALIZADA;AFOGADOS;RUA SAO MIGUEL;1331,0;;DROGARIA BONGI;AFOGADOS;;SUBURBIO;COLISÃO LATERAL;1,0;1,0;0,0;0,0;0,0;0,0;0,0;0,0;0,0;1,0;0,0;Longo da via;Bom;Não existe;Incompleta;Seca;Mal conservada;Não existe;Não há placas;60 km/h;Dupla;Faixa contínua;Faixa seccionada;
202220018,0;2022-08-26;;1;FINALIZADA;CASA AMARELA;EST DAS UBAIAS;147,0;RUA DR GENARO GUIMARAES;DEPOIS DO BOMPREÇO, SENTIDO ESTRADA DO ENCANAMENTO;CASA AMARELA;;;COLISÃO FRONTAL;1,0;1,0;0,0;0,0;0,0;0,0;0,0;0,0;0,0;2,0;0,0;Longo da via;Chuvoso;Não existe;Perfeito estado;Molhada;Perfeito estado;Não existe;Outras;40 km/h;Dupla;Não existe;;
202220030,0;2022-08-27;;1;FINALIZADA;DOIS UNIDOS;AV HILDEBRANDO DE VASCONCELOS;968,0;;APÓS O CANIL , EM FRENTE AO RESTAURANTE FAMILIAR;DOIS UNIDOS;;CIDADE;COLISÃO FRONTAL;1,0;1,0;0,0;0,0;0,0;0,0;0,0;0,0;0,0;1,0;0,0;Longo da via;Chuvoso;Não existe;Perfeito estado;Molhada;Perfeito estado;Não existe;R-6a;;Dupla;Faixa contínua;;
202220031,0;2022-08-27;;1;CANCELADA;CAXANGÁ;AV CAXANGA;;AV AFONSO OLINDENSE;ESTAÇÃO BRT E INTEGRAÇÃO CAXANGÁ;CAXANGÁ;;;QUEDA;0,0;1,0;0,0;0,0;0,0;0,0;0,0;0,0;0,0;1,0;0,0;;;;;;;;;;;;;
202220071,0;2022-08-27;;1;FINALIZADA;MADALENA;AV VISCONDE DE ALBUQUERQUE;;RUA JOSE OSORIO;EM FRENTE A EXTRAFARMA;MADALENA;;SUBURBIO;COLISÃO LATERAL;1,0;1,0;0,0;0,0;0,0;0,0;0,0;0,0;0,0;1,0;0,0;Cruzamento;Chuvoso;Sem defeito;Perfeito estado;Molhada;Perfeito estado;Faixa de pedestre;Outras;;Única;Faixa contínua;Faixa seccionada;
202220098,0;2022-08-28;;1;FINALIZADA;BONGI;RUA SANTA EDWIRGES;468,0;;FACULDADE SANTA EDWIRGES;BONGI;;;QUEDA;0,0;1,0;0,0;0,0;0,0;0,0;0,0;0,0;0,0;1,0;0,0;Longo da via;Bom;Não existe;Não existente;Seca;Mal conservada;Não existe;Não há placas;;Dupla;Não existe;;
202220102,0;2022-08-28;;1;FINALIZADA;SÃO JOSÉ;C SANTA RITA;;;TERMINAL CAIS SANTA RITA;SÃO JOSÉ;;CIDADE;ATROPELAMENTO DE PESSOA;0,0;0,0;0,0;0,0;1,0;1,0;0,0;0,0;0,0;1,0;0,0;Outros;Bom;Não existe;Não existente;Seca;Perfeito estado;Não existe;Não há placas;;Única;Não existe;;
202220117,0;2022-08-28;;1;FINALIZADA;ÁGUA FRIA;RUA LADEIRA DE PEDRA;108,0;;SUBIDA DA LADEIRA DE PEDRA;ÁGUA FRIA;;SUBURBIO;COLISÃO TRASEIRA;1,0;1,0;0,0;0,0;0,0;0,0;0,0;0,0;0,0;1,0;0,0;Longo da via;Bom;Não existe;Perfeito estado;Seca;Mal conservada;Não existe;R-6a;;Dupla;Não existe;;
202220126,0;2022-08-28;;1;FINALIZADA;BOA VIAGEM;RUA JOSE MARIA DE MIRANDA;299,0;;NA FRENTE DO HOSPITAL SEMUB;BOA VIAGEM;;;COLISÃO LATERAL;1,0;1,0;0,0;0,0;0,0;0,0;0,0;0,0;0,0;1,0;0,0;Cruzamento;Bom;Não existe;Incompleta;Seca;Perfeito estado;Faixa de pedestre;"Placas ""Pare""";;Única;Não existe;;
202220136,0;2022-08-28;;1;FINALIZADA;IPSEP;AV RECIFE;;RUA GONCALVES DE MAGALHAES;PROX AO SAL E BRASA  E/F AO POSTO BR S/T BOA VIAGEM;IPSEP;393,0;;COLISÃO LATERAL;1,0;1,0;0,0;0,0;0,0;0,0;0,0;0,0;0,0;1,0;0,0;Cruzamento;Bom;Sem defeito;Perfeito estado;Seca;Perfeito estado;Faixa de pedestre;R-4a;60 km/h;Dupla;Canteiro central;;
202220139,0;2022-08-28;;1;FINALIZADA;ILHA DO LEITE;VDO PAPA JOAO PAULO II;;;PROX AO HOSPITAL ESPERANÇA  S/T OLINDA;ILHA DO LEITE;;;COLISÃO FRONTAL;0,0;2,0;0,0;0,0;0,0;0,0;0,0;0,0;0,0;1,0;0,0;Viaduto;Bom;Não existe;Incompleta;Seca;Perfeito estado;Não existe;Não há placas;;Dupla;Canteiro central;;
202220141,0;2022-08-28;;1;FINALIZADA;PARNAMIRIM;AV NORTE MIGUEL ARRAES DE ALENCAR;4223,0;RUA GOMES COUTINHO;;PARNAMIRIM;;CIDADE;COLISÃO COM CICLISTA;0,0;1,0;0,0;1,0;0,0;0,0;0,0;0,0;0,0;1,0;0,0;Cruzamento;Bom;Sem defeito;Perfeito estado;Seca;Perfeito estado;Faixa de pedestre;R-6a;;Dupla;Canteiro central;;
202220146,0;2022-08-29;;1;FINALIZADA;ÁGUA FRIA;EST VELHA DE AGUA FRIA;1762,0;;PRÓXIMO A FEIRA LIVRE;ÁGUA FRIA;;CIDADE;ATROPELAMENTO DE PESSOA;0,0;1,0;0,0;0,0;1,0;0,0;0,0;0,0;0,0;1,0;0,0;Longo da via;Chuvoso;Não existe;Perfeito estado;Molhada;Perfeito estado;Não existe;Não há placas;40 km/h;Única;Faixa seccionada;;
202220147,0;2022-08-29;;2;CANCELADA;AREIAS;AV TAPAJOS;294,0;;EM FRENTE AO INALDO LANCHE;AREIAS;;;COLISÃO FRONTAL;0,0;0,0;0,0;0,0;0,0;0,0;0,0;0,0;0,0;0,0;0,0;;;;;;;;;;;;;
202220163,0;2022-08-29;;1;FINALIZADA;AFOGADOS;RUA NICOLAU PEREIRA;;;EM FRENTE A ESTAÇÃO AFOGADOS;AFOGADOS;;;ATROPELAMENTO DE PESSOA;1,0;0,0;0,0;0,0;1,0;0,0;0,0;0,0;0,0;1,0;0,0;;;;;;;;;;;;;
202220168,0;2022-08-29;;1;FINALIZADA;TORRE;RUA LAURA CAMPELO;131,0;RUA HORACIO CAHU;PROX. A POUSADA DA TORRE;TORRE;;CIDADE;COLISÃO LATERAL;1,0;1,0;0,0;0,0;0,0;0,0;0,0;0,0;0,0;1,0;0,0;Esquina;Chuvoso;Não existe;Incompleta;Molhada;Perfeito estado;Não existe;Não há placas;;Dupla;Não existe;;
202220180,0;2022-08-29;;2;FINALIZADA;GRAÇAS;AV RUI BARBOSA;760,0;;EDF VILA DAS GRAÇAS;GRAÇAS;;;COLISÃO TRASEIRA;1,0;0,0;0,0;0,0;0,0;0,0;0,0;1,0;0,0;0,0;0,0;;;;;;;;;;;;;
202220181,0;2022-08-29;;1;FINALIZADA;BOA VIAGEM;RUA POETA ZEZITO NEVES;411,0;;COLÉGIO SANTA MARIA;BOA VIAGEM;;;COLISÃO LATERAL;1,0;1,0;0,0;0,0;0,0;0,0;0,0;0,0;0,0;1,0;0,0;Longo da via;Bom;Não existe;Perfeito estado;Seca;Perfeito estado;Faixa de pedestre;R-6a;;Única;Não existe;;
202220182,0;2022-08-29;;1;DUPLICIDADE;BOA VIAGEM;RUA POETA ZEZITO NEVES;281,0;;PROX O COLÉGIO SANTA MARIA, PORTÃO 09;BOA VIAGEM;;;COLISÃO LATERAL;1,0;1,0;0,0;0,0;0,0;0,0;0,0;0,0;0,0;1,0;0,0;;;;;;;;;;;;;
202220192,0;2022-08-29;;1;FINALIZADA;BOA VIAGEM;AV ENGENHEIRO DOMINGOS FERREIRA;4023,0;;EM FRENTE AO EMPRESARIAL BOA VIAGEM / PRÓX. AO RESTAURANTE FAMIGLIA GIULIANO;BOA VIAGEM;155,0;;COLISÃO TRASEIRA;2,0;0,0;0,0;0,0;0,0;0,0;0,0;0,0;0,0;1,0;0,0;Longo da via;Bom;Sem defeito;Não existente;Seca;Outros;Faixa de pedestre;R-6a;;Única;Faixa seccionada;;
202220197,0;2022-08-29;;1;CANCELADA;PINA;AV REPUBLICA DO LIBANO;;;NA ENTRADA DO TUNEL;PINA;;;COLISÃO LATERAL;0,0;2,0;0,0;0,0;0,0;0,0;0,0;0,0;0,0;1,0;0,0;;;;;;;;;;;;;
202220205,0;2022-08-29;;1;FINALIZADA;CORDEIRO;RUA DR MIGUEL VIEIRA FERREIRA;365,0;;EM FRENTE A LOJA DE MOTOS G ORENGO;CORDEIRO;;;COLISÃO TRASEIRA;1,0;1,0;0,0;0,0;0,0;0,0;0,0;0,0;0,0;1,0;0,0;Longo da via;Bom;Não existe;Ilegível;Seca;Perfeito estado;Não existe;R-6a;;Dupla;Faixa contínua;;
202220210,0;2022-08-29;;1;FINALIZADA;BARRO;AV DR JOSE RUFINO;;;VIADUTO DO BARRO;BARRO;;SUBURBIO;COLISÃO FRONTAL;1,0;1,0;0,0;0,0;0,0;0,0;0,0;0,0;0,0;1,0;0,0;Cruzamento;Bom;Não existe;Não existente;Seca;Perfeito estado;Não existe;Não há placas;;Dupla;Não existe;;
202220224,0;2022-08-29;;1;FINALIZADA;CAMPO GRANDE;RUA MARQUES DE BAIPENDI;120,0;;MAGNUS TELECOMUNICAÇÕES;CAMPO GRANDE;;SUBURBIO;COLISÃO LATERAL;1,0;1,0;0,0;0,0;0,0;0,0;0,0;0,0;0,0;1,0;0,0;Longo da via;Bom;Não existe;Perfeito estado;Seca;Perfeito estado;Não existe;Não há placas;60 km/h;Dupla;Faixa seccionada;;
202220230,0;2022-08-29;;1;CANCELADA;SAN MARTIN;RUA DELMIRO GOUVEIA;221,0;;PROXIMO DA CHESF;SAN MARTIN;;;COLISÃO TRASEIRA;1,0;1,0;0,0;0,0;0,0;0,0;0,0;0,0;0,0;1,0;0,0;;;;;;;;;;;;;
202220242,0;2022-08-29;;1;FINALIZADA;MADALENA;RUA BENFICA;;;EM FRENTE AO CLUBE INTERNACIONAL;MADALENA;;CIDADE;COLISÃO LATERAL;1,0;1,0;0,0;0,0;0,0;0,0;0,0;0,0;0,0;1,0;0,0;Longo da via;Bom;Não existe;Não existente;Seca;Perfeito estado;Não existe;R-6a;40 km/h;Única;Faixa seccionada;;
202220243,0;2022-08-29;;1;FINALIZADA;BOA VIAGEM;RUA DEZ DE JULHO;;RUA CAMBOIM;EM FRENTE A CASA DE FESTA MAISON CRISTAL;BOA VIAGEM;;;COLISÃO LATERAL;1,0;1,0;0,0;0,0;0,0;0,0;0,0;0,0;0,0;1,0;0,0;Longo da via;Bom;Não existe;Perfeito estado;Seca;Perfeito estado;Faixa de pedestre;Não há placas;40 km/h;Única;Faixa seccionada;;
202220247,0;2022-08-30;;2;FINALIZADA;ESPINHEIRO;RUA QUARENTA E OITO;;RUA DO ESPINHEIRO;SEMÁFORO 166;ESPINHEIRO;166,0;CIDADE;COLISÃO TRANSVERSAL;1,0;0,0;0,0;0,0;0,0;1,0;0,0;0,0;0,0;0,0;0,0;Cruzamento;Bom;Sem defeito;Perfeito estado;Seca;Perfeito estado;Faixa de pedestre;Outras;;Única;Faixa contínua;;
202220266,0;2022-08-30;;1;FINALIZADA;BARRO;AV DR JOSE RUFINO;2342,0;RUA CAPITAO PONCIANO;PRÓX. À PARÓQUIA NOSSA SENHORA DA CONCEIÇÃO;BARRO;;SUBURBIO;COLISÃO TRANSVERSAL;1,0;1,0;0,0;0,0;0,0;0,0;0,0;0,0;0,0;1,0;0,0;Longo da via;Bom;Não existe;Perfeito estado;Seca;Perfeito estado;Não existe;"Placas ""Pare""";60 km/h;Dupla;Faixa contínua;;
202220268,0;2022-08-30;;1;FINALIZADA;ROSARINHO;AV SANTOS DUMONT;490,0;RUA TELES JUNIOR;BOLERIA MAGI;ROSARINHO;;;COLISÃO LATERAL;1,0;1,0;0,0;0,0;0,0;0,0;0,0;0,0;0,0;1,0;0,0;Cruzamento;Bom;Não existe;Incompleta;Seca;Perfeito estado;Faixa de pedestre;Outras;;Única;Faixa seccionada;;
202220281,0;2022-08-30;;1;FINALIZADA;DERBY;AV GOVERNADOR AGAMENON MAGALHAES;;;SENT. OLINDA EM FRENTE A MC´DONALD;DERBY;75,0;SUBURBIO;COLISÃO TRASEIRA;1,0;1,0;0,0;0,0;0,0;0,0;0,0;0,0;0,0;1,0;0,0;Cruzamento;Bom;Sem defeito;Perfeito estado;Seca;Perfeito estado;Faixa de pedestre;Outras;60 km/h;Dupla;Canteiro central;;
202220312,0;2022-08-30;;1;FINALIZADA;BOA VIAGEM;AV ENGENHEIRO DOMINGOS FERREIRA;4420,0;;DELEGACIA DE BOA VIAGEM;BOA VIAGEM;;SUBURBIO;COLISÃO LATERAL;1,0;1,0;0,0;0,0;0,0;0,0;0,0;0,0;0,0;1,0;0,0;Longo da via;Bom;Não existe;Perfeito estado;Seca;Perfeito estado;Não existe;Não há placas;;Única;Canteiro central;;
202220326,0;2022-08-30;;1;FINALIZADA;SANTO AMARO;AV GOVERNADOR AGAMENON MAGALHAES;;AV DR JAYME DA FONTE;E/F AO INSTITUTO DE CRIMINALÍSTICA ( IC ) S/T OLINDA;SANTO AMARO;;;COLISÃO LATERAL;1,0;1,0;0,0;0,0;0,0;0,0;0,0;0,0;0,0;1,0;0,0;Cruzamento;Bom;Sem defeito;Perfeito estado;Seca;Perfeito estado;Faixa de pedestre;Outras;40 km/h;Dupla;Faixa contínua;;
202220348,0;2022-08-30;;1;FINALIZADA;ÁGUA FRIA;RUA JOAO UZEDA LUNA;75,0;RUA JOAO UZEDA LUNA;;ÁGUA FRIA;;SUBURBIO;COLISÃO LATERAL;1,0;1,0;0,0;0,0;0,0;0,0;0,0;0,0;0,0;1,0;0,0;Cruzamento;Bom;Não existe;Incompleta;Seca;Perfeito estado;Não existe;R-6a;40 km/h;Dupla;Não existe;;
202220350,0;2022-08-31;;1;FINALIZADA;ENCRUZILHADA;AV BEBERIBE;;RUA PEDRO ALVES;EM FRENTE À DROGASIL;ENCRUZILHADA;186,0;SUBURBIO;COLISÃO LATERAL;1,0;1,0;0,0;0,0;0,0;0,0;0,0;0,0;0,0;1,0;0,0;Longo da via;Chuvoso;Sem defeito;Perfeito estado;Molhada;Perfeito estado;Faixa de pedestre;Não há placas;40 km/h;Dupla;Faixa contínua;;
202220358,0;2022-08-31;;1;FINALIZADA;IPSEP;AV RECIFE;1810,0;;AO LADO DA PADARIA VILA DO PÃO;IPSEP;;SUBURBIO;COLISÃO TRASEIRA;1,0;1,0;0,0;0,0;0,0;0,0;0,0;0,0;0,0;1,0;0,0;Longo da via;Chuvoso;Sem defeito;Perfeito estado;Molhada;Perfeito estado;Agente;R-4a;;Única;Canteiro central;;
202220371,0;2022-08-31;;1;FINALIZADA;BOA VISTA;AV CONDE DA BOA VISTA;;RUA SETE DE SETEMBRO;FAIXA DE PEDESTRE  DO SEMAFORO 486;BOA VISTA;486,0;;ATROPELAMENTO DE PESSOA;1,0;0,0;0,0;0,0;1,0;0,0;0,0;0,0;0,0;1,0;0,0;Cruzamento;Bom;Sem defeito;Perfeito estado;Seca;Perfeito estado;;Outras;;Dupla;Canteiro central;;
202220382,0;2022-08-31;;1;FINALIZADA;ILHA DO RETIRO;RUA ANTONIO GOMES DE FREITAS;191,0;;;ILHA DO RETIRO;;CIDADE;COLISÃO LATERAL;2,0;0,0;0,0;0,0;0,0;0,0;0,0;0,0;0,0;1,0;0,0;Longo da via;Bom;Sem defeito;Perfeito estado;Seca;Perfeito estado;Não existe;R-34;40 km/h;Única;Faixa seccionada;;
202220386,0;2022-08-31;;2;CANCELADA;ENGENHO DO MEIO;RUA ANTONIO CURADO;;RUA MANUEL ALVES DEUSDARA;PROX A PRAÇA DO ENGENHO DO MEIO NA ROTATORIA;ENGENHO DO MEIO;;;COLISÃO LATERAL;2,0;0,0;0,0;0,0;0,0;0,0;0,0;0,0;0,0;0,0;0,0;;;;;;;;;;;;;
202220398,0;2022-08-31;;1;FINALIZADA;VÁRZEA;RUA DIOGO DE VASCONCELOS;234,0;RUA JAGUARIBARA;PROX A OFICINA DO BRENNAND;VÁRZEA;;SUBURBIO;COLISÃO TRASEIRA;1,0;1,0;0,0;0,0;0,0;0,0;0,0;0,0;0,0;1,0;0,0;Longo da via;Bom;Não existe;Não existente;Seca;Perfeito estado;Não existe;Não há placas;;Dupla;Não existe;;
202220402,0;2022-08-31;;1;CANCELADA;APIPUCOS;RUA DE APIPUCOS;1070,0;;EM FRENTE AO 11º BPM;APIPUCOS;;;COLISÃO LATERAL;0,0;2,0;0,0;0,0;0,0;0,0;0,0;0,0;0,0;1,0;0,0;;;;;;;;;;;;;
202220404,0;2022-08-31;;1;FINALIZADA;IMBIRIBEIRA;AV MARECHAL MASCARENHAS DE MORAES;2284,0;RUA ITACARE;EM FRENTE A FERREIRA COSTA;IMBIRIBEIRA;386,0;SUBURBIO;COLISÃO LATERAL;1,0;1,0;0,0;0,0;0,0;0,0;0,0;0,0;0,0;1,0;0,0;Esquina;Bom;Sem defeito;Incompleta;Seca;Perfeito estado;;Outras;;Dupla;Canteiro central;;
202220405,0;2022-08-31;;2;FINALIZADA;IBURA;LAD DA COHAB;;;SOB O POSTE 8041356;IBURA;;SUBURBIO;COLISÃO TRASEIRA;2,0;0,0;0,0;0,0;0,0;0,0;0,0;0,0;0,0;0,0;0,0;Longo da via;Bom;Não existe;;Seca;Mal conservada;Não existe;R-6a;;Dupla;;;
202220406,0;2022-08-31;;1;FINALIZADA;BEBERIBE;AV BEBERIBE;;;EM FRENTE AO COLEGIO PEDRO AUGUSTO;BEBERIBE;;CIDADE;COLISÃO TRASEIRA;0,0;1,0;0,0;0,0;0,0;1,0;0,0;0,0;0,0;2,0;0,0;Longo da via;Bom;Não existe;Perfeito estado;Seca;Perfeito estado;Não existe;Não há placas;;Dupla;Faixa contínua;Faixa seccionada;
202220409,0;2022-08-31;;1;CANCELADA;CAXANGÁ;AV JOAQUIM RIBEIRO;384,0;;EM FRENTE A ESTAÇÃO AREINHA DO BRT;CAXANGÁ;;;COLISÃO LATERAL;1,0;1,0;0,0;0,0;0,0;0,0;0,0;0,0;0,0;1,0;0,0;;;;;;;;;;;;;
202220413,0;2022-08-31;;1;FINALIZADA;JIQUIÁ;AV DR JOSE RUFINO;;RUA VEREADOR FRANCISCO DE PAULA SANTANA CHICO DA MANOLA;EM FRENTE AO RESTAURANTE BODE DO NÔ;JIQUIÁ;;CIDADE;COLISÃO LATERAL;1,0;1,0;0,0;0,0;0,0;0,0;0,0;0,0;0,0;1,0;0,0;Longo da via;Bom;Sem defeito;Perfeito estado;Seca;Perfeito estado;Não existe;Não há placas;;Dupla;Faixa seccionada;;
202220431,0;2022-08-31;;1;FINALIZADA;BOA VIAGEM;RUA SA E SOUZA;;RUA BALTAZAR PASSOS;EM FRENTE  A CULTURA INGLESA;BOA VIAGEM;;SUBURBIO;COLISÃO LATERAL;1,0;1,0;0,0;0,0;0,0;0,0;0,0;0,0;0,0;1,0;0,0;Cruzamento;Bom;Não existe;Perfeito estado;Seca;Perfeito estado;Não existe;Não há placas;;Dupla;Faixa seccionada;;
202220434,0;2022-09-01;;1;FINALIZADA;TAMARINEIRA;RUA SIMAO MENDES;1997,0;;PRÓXIMO A FARMACIA PAGUE MENOS / POSTO SHELL;TAMARINEIRA;;;CHOQUE;1,0;0,0;0,0;0,0;0,0;0,0;0,0;0,0;0,0;1,0;0,0;Longo da via;Chuvoso;Não existe;Perfeito estado;Molhada;Perfeito estado;Faixa de pedestre;Outras;;Única;Não existe;;
202220448,0;2022-09-01;;1;FINALIZADA;BOA VIAGEM;RUA DEZ DE JULHO;;RUA WALDEMAR NERY CARNEIRO MONTEIRO;PROX. A SOUZA EDIFICAÇÕES;BOA VIAGEM;573,0;;COLISÃO LATERAL;2,0;0,0;0,0;0,0;0,0;0,0;0,0;0,0;0,0;1,0;0,0;Cruzamento;Chuvoso;Sem defeito;Perfeito estado;Molhada;Perfeito estado;Faixa de pedestre;R-24a;;Única;Faixa contínua;;
202220455,0;2022-09-01;;1;FINALIZADA;IMBIRIBEIRA;AV MARECHAL MASCARENHAS DE MORAES;;;EM FRENTE A FACULDADE UNIVERSO;IMBIRIBEIRA;501,0;CIDADE;COLISÃO COM CICLISTA;0,0;1,0;0,0;1,0;0,0;0,0;0,0;0,0;0,0;1,0;0,0;Longo da via;Bom;Sem defeito;Perfeito estado;Seca;Perfeito estado;Faixa de pedestre;Outras;60 km/h;Única;Faixa contínua;;
202220458,0;2022-09-01;;1;FINALIZADA;MADALENA;AV VISCONDE DE ALBUQUERQUE;401,0;RUA LOPES DE CARVALHO;COMITÊ MIGUEL COELHO ,  GALERIA MADALENA CENTER;MADALENA;;;COLISÃO LATERAL;3,0;0,0;0,0;0,0;0,0;0,0;0,0;0,0;0,0;2,0;0,0;Cruzamento;Bom;Não existe;Perfeito estado;Seca;Perfeito estado;Não existe;"Placas ""Pare""";;Única;Faixa seccionada;;