Protocolo;data;hora;natureza;situacao;bairro;endereco;numero;detalhe_endereco_acidente;complemento;bairro_cruzamento;num_semaforo;sentido_via;tipo;auto;moto;ciclom;ciclista;pedestre;onibus;caminhao;viatura;outros;vitimas;vitimasfatais;acidente_verificado;tempo_clima;situacao_semaforo;sinalizacao;condicao_via;conservacao_via;ponto_controle;situacao_placa;velocidade_max_via;mao_direcao;divisao_via1;divisao_via2;divisao_via3
202220462,0;2022-09-01;;1;FINALIZADA;AFOGADOS;RUA SAO MIGUEL;1165,0;RUA ARNALDO PIMENTEL;EM FRENTE A POLICLINICA SÃO FRANCISCO;AFOGADOS;;CIDADE;COLISÃO FRONTAL;1,0;1,0;0,0;0,0;0,0;0,0;0,0;0,0;0,0;1,0;0,0;Cruzamento;Bom;Não existe;Perfeito estado;Seca;Perfeito estado;Não existe;Não há placas;50 km/h;Dupla;Faixa contínua;;
202220521,0;2022-09-01;;1;FINALIZADA;BAIRRO DO RECIFE;RUA DA AURORA;;;NA FRENTE DO INSTITUTO TAVARES BURIL;BAIRRO DO RECIFE;;;COLISÃO TRASEIRA;2,0;0,0;0,0;0,0;0,0;0,0;0,0;0,0;0,0;1,0;0,0;Longo da via;Bom;Não existe;Perfeito estado;Seca;Perfeito estado;Não existe;Não há placas;;Única;Canteiro central;;
202220522,0;2022-09-01;;2;FINALIZADA;BOA VIAGEM;RUA VISCONDE DE JEQUITINHONHA;;RUA BALTAZAR PASSOS;;BOA VIAGEM;154,0;SUBURBIO;COLISÃO TRANSVERSAL;1,0;0,0;0,0;0,0;0,0;0,0;0,0;1,0;0,0;0,0;0,0;Cruzamento;Bom;Sem defeito;Perfeito estado;Seca;Perfeito estado;Faixa de pedestre;Outras;40 km/h;Única;Faixa contínua;;
202220531,0;2022-09-01;;1;FINALIZADA;IMBIRIBEIRA;AV MARECHAL MASCARENHAS DE MORAES;;;EM FRENTE A FLOR E ARTE NO FINAL DA AVENIDA;IMBIRIBEIRA;;CIDADE;COLISÃO TRASEIRA;1,0;1,0;0,0;0,0;0,0;0,0;0,0;0,0;0,0;2,0;0,0;Longo da via;Bom;Sem defeito;Perfeito estado;Seca;Perfeito estado;Faixa de pedestre;;;Única;Faixa contínua;Faixa seccionada;Canteiro central
202220532,0;2022-09-01;;1;FINALIZADA;IPSEP;AV RECIFE;;;SAL E BRASA;IPSEP;;SUBURBIO;COLISÃO TRASEIRA;0,0;1,0;0,0;0,0;0,0;0,0;1,0;0,0;0,0;1,0;0,0;Longo da via;Bom;Não existe;Perfeito estado;Seca;Perfeito estado;Não existe;Não há placas;;;Faixa seccionada;;
202220536,0;2022-09-01;;1;FINALIZADA;PORTO DA MADEIRA;AV BEBERIBE;4011,0;RUA ARAPARI;EM FRENTE AO REI DO ARRUMADINHO;PORTO DA MADEIRA;;SUBURBIO;COLISÃO FRONTAL;1,0;1,0;0,0;0,0;0,0;0,0;0,0;0,0;0,0;1,0;0,0;Esquina;Chuvoso;Não existe;Não existente;Molhada;Perfeito estado;Não existe;Não há placas;;Dupla;Não existe;;
202220559,0;2022-09-02;;1;FINALIZADA;CORDEIRO;AV CAXANGA;3124,0;RUA CAPITAO AURELIO DE ARAUJO;EM FENTE À MOVIDA ALUGUEL DE CARROS;CORDEIRO;610,0;SUBURBIO;COLISÃO LATERAL;1,0;1,0;0,0;0,0;0,0;0,0;0,0;0,0;0,0;1,0;0,0;Longo da via;Chuvoso;Sem defeito;Perfeito estado;Molhada;Perfeito estado;Faixa de pedestre;R-6a;;Dupla;Faixa contínua;Canteiro central;
202220609,0;2022-09-02;;1;FINALIZADA;GRAÇAS;AV GOVERNADOR AGAMENON MAGALHAES;;1 TRV JUSTICA E PAZ;EM FRENTE A QUADRA DO CLUBE PORTUGUÊS;GRAÇAS;;CIDADE;ATROPELAMENTO DE PESSOA;0,0;1,0;0,0;0,0;1,0;0,0;0,0;0,0;0,0;1,0;0,0;Longo da via;Bom;Não existe;Perfeito estado;Seca;Perfeito estado;Não existe;Não há placas;;Dupla;Canteiro central;;
202220628,0;2022-09-02;;1;CANCELADA;GRAÇAS;RUA DO FUTURO;;RUA AMELIA;BEM NO CRUZAMENTO DAS RUAS;GRAÇAS;;;COLISÃO COM CICLISTA;1,0;0,0;0,0;1,0;0,0;0,0;0,0;0,0;0,0;1,0;0,0;;;;;;;;;;;;;
202220634,0;2022-09-02;;1;CANCELADA;JORDÃO;RUA BEIRA RIO;847,0;;EM FRENTE A PANIFICADORA SÃO JORGE;JORDÃO;;;ATROPELAMENTO DE PESSOA;1,0;0,0;0,0;0,0;1,0;0,0;0,0;0,0;0,0;1,0;0,0;;;;;;;;;;;;;
202220639,0;2022-09-02;;2;FINALIZADA;BAIRRO DO RECIFE;PTE GIRATORIA;;;SOBRE A PONTE;BAIRRO DO RECIFE;;;CHOQUE;0,0;0,0;0,0;0,0;0,0;0,0;1,0;0,0;0,0;0,0;0,0;Longo da via;Bom;Sem defeito;Perfeito estado;Seca;Perfeito estado;Faixa de retenção;Não há placas;;Dupla;Canteiro central;;
202220661,0;2022-09-03;;1;FINALIZADA;ILHA DO RETIRO;RUA COMENDADOR BENTO AGUIAR;95,0;AV JOSE GONCALVES DE MEDEIROS;EM FRENTE HJ VEICULOS;ILHA DO RETIRO;;;COLISÃO TRASEIRA;0,0;2,0;0,0;0,0;0,0;0,0;0,0;0,0;0,0;1,0;0,0;Longo da via;Bom;Não existe;Perfeito estado;Seca;Perfeito estado;Não existe;Não há placas;40 km/h;Dupla;Não existe;;
202220671,0;2022-09-03;;2;FINALIZADA;CASA AMARELA;RUA CONS NABUCO;;EST DAS UBAIAS;PROXIMO AO POSTO DE GASOLINA BR;CASA AMARELA;;;CHOQUE;1,0;0,0;0,0;0,0;0,0;0,0;0,0;0,0;0,0;0,0;0,0;;;;;;;;;;;;;
202220691,0;2022-09-03;;1;FINALIZADA;ARRUDA;AV BEBERIBE;1581,0;RUA ALEGRE;E/F A CASA DE FESTA BATE PAPO;ARRUDA;64,0;SUBURBIO;COLISÃO LATERAL;0,0;1,0;0,0;0,0;0,0;1,0;0,0;0,0;0,0;1,0;0,0;Cruzamento;Bom;Sem defeito;Perfeito estado;Seca;Perfeito estado;Faixa de pedestre;Não há placas;;Única;Não existe;;
202220695,0;2022-09-03;;1;FINALIZADA;IPSEP;AV RECIFE;;;NO SEMAFORO 247  E/F A LOJA  JJK AUTOS   S/T BOA VIAGEM;IPSEP;;;COLISÃO LATERAL;3,0;1,0;0,0;0,0;0,0;0,0;0,0;0,0;0,0;1,0;0,0;;;;;;;;;;;;;
202220718,0;2022-09-03;;1;FINALIZADA;AREIAS;AV DR JOSE RUFINO;1260,0;RUA DA VILA;E/F  AO ARCO MIX;AREIAS;;CIDADE;COLISÃO LATERAL;1,0;1,0;0,0;0,0;0,0;0,0;0,0;0,0;0,0;1,0;0,0;Cruzamento;Bom;Não existe;Ilegível;Seca;Mal conservada;Não existe;Não há placas;60 km/h;Dupla;Faixa contínua;;
202220719,0;2022-09-03;;1;FINALIZADA;MADALENA;TUNEL DA ABOLICAO;;;DENTRO DO TUNEL;MADALENA;;CIDADE;QUEDA;0,0;1,0;0,0;0,0;0,0;0,0;0,0;0,0;0,0;2,0;0,0;Longo da via;Bom;Não existe;Incompleta;Molhada;Mal conservada;Não existe;Outras;;Única;Não existe;;
202220720,0;2022-09-03;;1;FINALIZADA;CASA FORTE;AV DEZESSETE DE AGOSTO;1869,0;;E/F AO COLEGIO MOTIVO S/T  SUB;CASA FORTE;;CIDADE;COLISÃO TRASEIRA;1,0;1,0;0,0;0,0;0,0;0,0;0,0;0,0;0,0;1,0;0,0;Longo da via;Bom;Sem defeito;Perfeito estado;Seca;Perfeito estado;Faixa de pedestre;Outras;;Dupla;Faixa contínua;;
202220721,0;2022-09-03;;1;FINALIZADA;JIQUIÁ;AV JOAO CABRAL DE MELO NETO;756,0;AV RECIFE;COLISÃO ENTRE DOIS VEÍCULOS;JIQUIÁ;;SUBURBIO;COLISÃO TRASEIRA;1,0;0,0;0,0;1,0;0,0;0,0;0,0;0,0;0,0;1,0;0,0;Longo da via;Bom;Não existe;Perfeito estado;Seca;Perfeito estado;Não existe;Não há placas;;Dupla;Canteiro central;;
202220734,0;2022-09-03;;1;FINALIZADA;CORDEIRO;RUA PROFESSOR JOAQUIM XAVIER DE BRITO;315,0;AV MARIO ALVARES PEREIRA DE LYRA;SOB SEMÁFORO 134  INFORMADO PELO SUPERVISOR GUTENBERG QUE A CELPE ENCONTRA-SE NO LOCAL DANDO PRECEDIMENTO  AO SERVIÇO  INFORMADO ÀS 18:02;CORDEIRO;134,0;CIDADE;CHOQUE;0,0;1,0;0,0;0,0;0,0;0,0;1,0;0,0;0,0;1,0;0,0;Cruzamento;Bom;Sem defeito;Perfeito estado;Seca;Perfeito estado;Faixa de pedestre;Não há placas;;Dupla;Não existe;;
202220737,0;2022-09-03;;1;FINALIZADA;TORRE;RUA JOSE BONIFACIO;1315,0;;COLISAO DENTRO DO CARREFOUR  NO TERREO PROX A OFICINA;TORRE;;;COLISÃO LATERAL;1,0;1,0;0,0;0,0;0,0;0,0;0,0;0,0;0,0;1,0;0,0;;Bom;;;;;;;;;;;
202220740,0;2022-09-03;;2;FINALIZADA;ILHA DO RETIRO;AV ENGENHEIRO ABDIAS DE CARVALHO;;EST DOS REMEDIOS;NA LANCHONETE BOBES;ILHA DO RETIRO;;;COLISÃO TRASEIRA;3,0;0,0;0,0;0,0;0,0;0,0;0,0;0,0;0,0;0,0;0,0;;;;;;;;;;;;;
202220742,0;2022-09-03;;1;FINALIZADA;MADALENA;AV BEIRA RIO;825,0;RUA DOM JOAO DE SOUZA;E/F A CASA DO GOVERNADOR;MADALENA;;;ATROPELAMENTO DE PESSOA;0,0;1,0;0,0;0,0;1,0;0,0;0,0;0,0;0,0;2,0;0,0;Longo da via;Bom;Sem defeito;Perfeito estado;Seca;Mal iluminada;Faixa de pedestre;Outras;60 km/h;Dupla;Faixa contínua;;
202220756,0;2022-09-03;;1;FINALIZADA;CASA AMARELA;AV NORTE MIGUEL ARRAES DE ALENCAR;;RUA VASCO DA GAMA;ENTRADA DO VASCO DA GAMA;CASA AMARELA;66,0;SUBURBIO;COLISÃO FRONTAL;0,0;1,0;0,0;0,0;0,0;1,0;0,0;0,0;0,0;2,0;0,0;Cruzamento;Bom;Sem defeito;Perfeito estado;Seca;Perfeito estado;Faixa de pedestre;Não há placas;60 km/h;Dupla;Canteiro central;;
202220759,0;2022-09-03;;1;FINALIZADA;CAXANGÁ;AV CAXANGA;;;PRÓXIMO AO TERMINAL INTEGRADO DA CAXANGÁ ( GETÚLIO VARGAS);CAXANGÁ;80,0;CIDADE;ATROPELAMENTO DE PESSOA;0,0;1,0;0,0;0,0;1,0;0,0;0,0;0,0;0,0;1,0;0,0;Cruzamento;Bom;Sem defeito;Perfeito estado;Seca;Perfeito estado;Faixa de pedestre;Outras;;Dupla;Canteiro central;;
202220763,0;2022-09-03;;2;FINALIZADA;MADALENA;AV ENGENHEIRO ABDIAS DE CARVALHO;;;PRÓXIMO A FACULDADE ESTÁCIO;MADALENA;;CIDADE;CHOQUE;0,0;0,0;0,0;0,0;0,0;0,0;0,0;0,0;0,0;0,0;0,0;Longo da via;Bom;Desligado;Perfeito estado;Seca;Perfeito estado;Faixa de pedestre;R-6a;;Única;Faixa seccionada;;
202220765,0;2022-09-04;;1;FINALIZADA;CAXANGÁ;AV JOAQUIM RIBEIRO;;RUA RIBEIRO PESSOA;UPA DA CAXANGA;CAXANGÁ;281,0;;COLISÃO FRONTAL;1,0;1,0;0,0;0,0;0,0;0,0;0,0;0,0;0,0;1,0;0,0;;;;;;;;;;;;;
202220769,0;2022-09-04;;1;FINALIZADA;JARDIM SÃO PAULO;AV RECIFE;449,0;;EM FRENTE A PICANHA REAL / HOTEL ESTORIL;JARDIM SÃO PAULO;704,0;;COLISÃO TRASEIRA;1,0;1,0;0,0;0,0;0,0;0,0;0,0;0,0;0,0;1,0;0,0;Longo da via;Bom;Sem defeito;Perfeito estado;Seca;Perfeito estado;Faixa de pedestre;Não há placas;60 km/h;Dupla;Canteiro central;;
202220787,0;2022-09-04;;1;FINALIZADA;MANGUEIRA;RUA DR JOAO ELISIO;247,0;;PRÓX. AO MERCADINHO SANTO ANTÔNIO;MANGUEIRA;;CIDADE;COLISÃO LATERAL;1,0;1,0;0,0;0,0;0,0;0,0;0,0;0,0;0,0;1,0;0,0;Longo da via;Bom;Não existe;Perfeito estado;Seca;Perfeito estado;Não existe;Não há placas;30 km/h;Dupla;Não existe;;
202220809,0;2022-09-04;;2;FINALIZADA;BONGI;EST DO BONGI;;;EM FRENTE A IGREJA DO BONGI;BONGI;;;COLISÃO LATERAL;0,0;0,0;0,0;0,0;0,0;0,0;0,0;0,0;0,0;0,0;0,0;;;;;;;;;;;;;
202220814,0;2022-09-04;;1;FINALIZADA;MADALENA;AV CAXANGA;;RUA JOAO IVO DA SILVA;PROX A CELPE DA CAXANGA;MADALENA;257,0;CIDADE;COLISÃO FRONTAL;1,0;1,0;0,0;0,0;0,0;0,0;0,0;0,0;0,0;1,0;0,0;Cruzamento;Nublado;Sem defeito;Perfeito estado;Seca;Perfeito estado;Faixa de pedestre;R-26;40 km/h;Dupla;Faixa contínua;;
202220821,0;2022-09-04;;1;FINALIZADA;CASA AMARELA;RUA NOVA DESCOBERTA;144,0;RUA BUJARU;PROX AO CENTRO DE SAUDE MARIO MONTEIRO DE MELO;CASA AMARELA;;SUBURBIO;COLISÃO FRONTAL;1,0;1,0;0,0;0,0;0,0;0,0;0,0;0,0;0,0;1,0;0,0;Esquina;Bom;Não existe;Perfeito estado;Seca;Perfeito estado;;Outras;30 km/h;Dupla;;Faixa seccionada;
202220835,0;2022-09-04;;1;FINALIZADA;ENCRUZILHADA;AV NORTE MIGUEL ARRAES DE ALENCAR;;AV JOAO DE BARROS;CRUZAMENTO COM JOOÃO DE BARROS;ENCRUZILHADA;43,0;SUBURBIO;COLISÃO LATERAL;1,0;1,0;0,0;0,0;0,0;0,0;0,0;0,0;0,0;2,0;0,0;Cruzamento;Chuvoso;Sem defeito;Perfeito estado;Molhada;Perfeito estado;Faixa de pedestre;R-6a;;Dupla;Canteiro central;;
202220842,0;2022-09-05;;2;FINALIZADA;BOA VIAGEM;AVENIDA CELSO FURTADO (VIA MANGUE);;;APÓS SUPERMERCADO EXTRA;BOA VIAGEM;;CIDADE;CHOQUE;0,0;0,0;0,0;0,0;0,0;0,0;0,0;0,0;0,0;0,0;0,0;;;;;;;;;;;;;
202220849,0;2022-09-05;;1;FINALIZADA;IMBIRIBEIRA;AV MARECHAL MASCARENHAS DE MORAES;2662,0;;SENT. AEROPORTO, EM FRENTE AO IMBIRIBEIRA DIESEL;IMBIRIBEIRA;7,0;SUBURBIO;COLISÃO TRASEIRA;1,0;1,0;0,0;0,0;0,0;0,0;0,0;0,0;0,0;1,0;0,0;Longo da via;Chuvoso;Sem defeito;Não existente;Molhada;Perfeito estado;Não existe;Não há placas;60 km/h;Única;Não existe;;
202220857,0;2022-09-05;;1;FINALIZADA;MADALENA;RUA JOSE BONIFACIO;125,0;RUA URIEL PAES BARRETO;EM FRENTE A ANTIGA AMPLA, AGORA ESCOLA CULTURA INGLESA;MADALENA;;SUBURBIO;COLISÃO LATERAL;2,0;0,0;0,0;0,0;0,0;0,0;0,0;0,0;0,0;1,0;0,0;Cruzamento;Chuvoso;Não existe;Perfeito estado;Molhada;Perfeito estado;Não existe;"Placas ""Pare""";;Única;Faixa seccionada;;
202220860,0;2022-09-05;;2;FINALIZADA;IMBIRIBEIRA;AV MARECHAL MASCARENHAS DE MORAES;;;PROXIMO A FACULDADE DE SAUDE;IMBIRIBEIRA;;;COLISÃO TRASEIRA;1,0;1,0;0,0;0,0;0,0;0,0;0,0;0,0;0,0;0,0;0,0;;;;;;;;;;;;;
202220862,0;2022-09-05;;1;FINALIZADA;AREIAS;RUA IPOJUCA;274,0;RUA CARUARU;PRÓX. À ESCOLA MUNICIPAL DE AREIAS;AREIAS;;CIDADE;COLISÃO LATERAL;1,0;1,0;0,0;0,0;0,0;0,0;0,0;0,0;0,0;1,0;0,0;Cruzamento;Chuvoso;Não existe;Perfeito estado;Molhada;Perfeito estado;Não existe;"Placas ""Pare""";30 km/h;Dupla;Não existe;;
202220871,0;2022-09-05;;2;FINALIZADA;BOA VIAGEM;RUA RIBEIRO DE BRITO;;AV CONSELHEIRO AGUIAR;SOB O SEMÁFORO;BOA VIAGEM;147,0;;CHOQUE;0,0;0,0;0,0;0,0;0,0;1,0;0,0;0,0;0,0;0,0;0,0;;;;;;;;;;;;;
202220878,0;2022-09-05;;1;FINALIZADA;CABANGA;RUA GENERAL ESTILAC LEAL;439,0;;EM FRENTE AO 7º DEP.  SUP;CABANGA;;CIDADE;QUEDA;0,0;1,0;0,0;0,0;0,0;0,0;0,0;0,0;0,0;2,0;0,0;Longo da via;Bom;Não existe;Não existente;Oleosa;Perfeito estado;Não existe;Não há placas;;Dupla;Não existe;;
202220879,0;2022-09-05;;1;FINALIZADA;TAMARINEIRA;AV CONS ROSA E SILVA;149,0;;APÓS O CORREIA PICANÇO;TAMARINEIRA;61,0;SUBURBIO;COLISÃO LATERAL;2,0;1,0;0,0;0,0;0,0;0,0;0,0;0,0;0,0;1,0;0,0;Longo da via;;Sem defeito;Perfeito estado;;Perfeito estado;Faixa de pedestre;R-6a;;Única;Canteiro central;;
202220915,0;2022-09-05;;1;FINALIZADA;JARDIM SÃO PAULO;RUA LEANDRO BARRETO;685,0;AV SAO PAULO;;JARDIM SÃO PAULO;507,0;SUBURBIO;COLISÃO TRASEIRA;1,0;2,0;0,0;0,0;0,0;0,0;0,0;0,0;0,0;1,0;0,0;Longo da via;Chuvoso;Sem defeito;Perfeito estado;Molhada;Perfeito estado;Faixa de pedestre;Não há placas;;Dupla;Não existe;;
202220920,0;2022-09-05;;1;CANCELADA;BOA VIAGEM;AV BOA VIAGEM;;;EM FRENTE A PRACINHA;BOA VIAGEM;;;COLISÃO TRASEIRA;1,0;1,0;0,0;0,0;0,0;0,0;0,0;0,0;0,0;1,0;0,0;;;;;;;;;;;;;
202220925,0;2022-09-05;;1;FINALIZADA;DERBY;RUA JENER DE SOUZA;;RUA AMAURI DE MEDEIROS;PRÓXIMO A ESCOLA MILITAR;DERBY;;;COLISÃO FRONTAL;1,0;1,0;0,0;0,0;0,0;0,0;0,0;0,0;0,0;1,0;0,0;Cruzamento;Chuvoso;Não existe;Perfeito estado;Molhada;Perfeito estado;Faixa de pedestre;"Placas ""Pare""";;Única;Canteiro central;;
202220959,0;2022-09-06;;2;FINALIZADA;BARRO;AV DR JOSE RUFINO;2887,0;;;BARRO;;CIDADE;COLISÃO FRONTAL;2,0;0,0;0,0;0,0;0,0;0,0;0,0;0,0;0,0;0,0;0,0;Longo da via;Bom;Não existe;Não existente;Seca;Perfeito estado;Não existe;Não há placas;;Dupla;Faixa contínua;;
202220966,0;2022-09-06;;1;FINALIZADA;ENCRUZILHADA;AV JOAO DE BARROS;;AV NORTE MIGUEL ARRAES DE ALENCAR;BANCO SANTANDER;ENCRUZILHADA;43,0;CIDADE;COLISÃO TRANSVERSAL;1,0;1,0;0,0;0,0;0,0;0,0;0,0;0,0;0,0;1,0;0,0;Cruzamento;Bom;Sem defeito;Perfeito estado;Seca;Perfeito estado;Agente;Outras;;Dupla;Canteiro central;;
202220976,0;2022-09-06;;1;FINALIZADA;BOA VIAGEM;RUA MANOEL DE BRITO;;RUA MANOEL DE BRITO;ENTRADA DO TÚNEL;BOA VIAGEM;103,0;;COLISÃO LATERAL;1,0;1,0;0,0;0,0;0,0;0,0;0,0;0,0;0,0;1,0;0,0;Cruzamento;Bom;Sem defeito;Perfeito estado;Seca;Perfeito estado;Outros;Não há placas;;Única;Faixa contínua;;
202220980,0;2022-09-06;;1;FINALIZADA;IBURA;RUA RIO PAJEU;123,0;;PROX A PADARIA  CRISTO REI;IBURA;;;COLISÃO TRASEIRA;2,0;0,0;0,0;0,0;0,0;0,0;0,0;0,0;0,0;1,0;0,0;Longo da via;Bom;Não existe;Não existente;Seca;Perfeito estado;Não existe;Não há placas;;Única;Não existe;;
202220981,0;2022-09-06;;1;FINALIZADA;IBURA;RUA EXP FRANCISCO VITORIANO;280,0;;PROX AO POSTO DE SAUDE  E/ FA PADARIA DOCE MEL;IBURA;;;COLISÃO LATERAL;0,0;2,0;0,0;0,0;0,0;0,0;0,0;0,0;0,0;3,0;0,0;Longo da via;Bom;Não existe;Perfeito estado;Seca;Perfeito estado;Não existe;R-6a;;Dupla;Não existe;;
202220986,0;2022-09-06;;1;FINALIZADA;GUABIRABA;AV VEREADOR OTACILIO AZEVEDO;2011,0;;POR TRAS DA EMPRESA DA GLOBO  S/T  BR;GUABIRABA;;;COLISÃO FRONTAL;0,0;1,0;0,0;0,0;0,0;0,0;1,0;0,0;0,0;1,0;0,0;Longo da via;Bom;Não existe;Incompleta;Seca;Perfeito estado;Não existe;"Placas ""Pare""";40 km/h;Dupla;Não existe;;
202221000,0;2022-09-06;;1;FINALIZADA;MADALENA;RUA JOSE OSORIO;877,0;;EM FRENTE A MORAES MULTIMARCAS;MADALENA;;;COLISÃO LATERAL;1,0;1,0;0,0;0,0;0,0;0,0;0,0;0,0;0,0;1,0;0,0;Longo da via;Bom;Não existe;Perfeito estado;Seca;Perfeito estado;Não existe;R-6a;;Dupla;Faixa contínua;;
202221001,0;2022-09-06;;1;FINALIZADA;ÁGUA FRIA;EST VELHA DE AGUA FRIA;;RUA CABO HONORIO;;ÁGUA FRIA;;;COLISÃO FRONTAL;1,0;1,0;0,0;0,0;0,0;0,0;0,0;0,0;0,0;1,0;0,0;Cruzamento;Bom;Não existe;Perfeito estado;Seca;Perfeito estado;Não existe;Outras;40 km/h;Dupla;Faixa contínua;;
202221004,0;2022-09-06;;2;FINALIZADA;TEJIPIÓ;AV DR JOSE RUFINO;2993,0;;;TEJIPIÓ;;;;1,0;0,0;0,0;0,0;0,0;1,0;0,0;0,0;0,0;0,0;0,0;Longo da via;Bom;Não existe;Perfeito estado;Seca;Perfeito estado;Não existe;R-6a;;Dupla;Faixa contínua;;
202221062,0;2022-09-07;;1;FINALIZADA;MADALENA;RUA JOSE BONIFACIO;272,0;;EM FRENTE À IGREJA METODISTA RECIFE;MADALENA;;;COLISÃO TRASEIRA;2,0;1,0;0,0;0,0;0,0;0,0;0,0;0,0;0,0;1,0;0,0;Longo da via;Bom;Não existe;Perfeito estado;Seca;Perfeito estado;Não existe;Não há placas;60 km/h;Única;Faixa seccionada;;
202221067,0;2022-09-07;;2;FINALIZADA;BOA VIAGEM;AV BOA VIAGEM;3962,0;RUA RIBEIRO DE BRITO;EM FRENTE EDF. QUEEM MARY;BOA VIAGEM;;CIDADE;;1,0;0,0;0,0;0,0;0,0;0,0;0,0;1,0;0,0;0,0;0,0;;Bom;Não existe;Perfeito estado;Seca;Perfeito estado;Outros;Outras;;Única;Faixa seccionada;;
202221092,0;2022-09-07;;1;FINALIZADA;BOA VIAGEM;AV CONSELHEIRO AGUIAR;;RUA MARIA CAROLINA;ESQUINA DA FARMACIA PAGUE MENOS;BOA VIAGEM;;;COLISÃO LATERAL;1,0;1,0;0,0;0,0;0,0;0,0;0,0;0,0;0,0;1,0;0,0;Longo da via;Bom;Não existe;Perfeito estado;Seca;Perfeito estado;Não existe;R-6a;;Única;Faixa seccionada;;
202221098,0;2022-09-07;;2;CANCELADA;SANTO AMARO;AV MARIO MELO;;RUA DA AURORA;;SANTO AMARO;;;COLISÃO TRASEIRA;1,0;0,0;0,0;0,0;0,0;1,0;0,0;0,0;0,0;0,0;0,0;;;;;;;;;;;;;
202221132,0;2022-09-08;;1;FINALIZADA;CASA FORTE;AV DEZESSETE DE AGOSTO;1515,0;;LABORATÓRIO EDMAR VICTOR;CASA FORTE;;;COLISÃO TRASEIRA;3,0;0,0;0,0;0,0;0,0;0,0;0,0;0,0;0,0;1,0;0,0;Longo da via;Bom;Não existe;Perfeito estado;Seca;Perfeito estado;Não existe;Outras;40 km/h;Dupla;Faixa contínua;;
202221165,0;2022-09-08;;1;FINALIZADA;BOA VIAGEM;RUA PADRE CARAPUCEIRO;;;EM FRENTE À IGREJA UNIVERSAL;BOA VIAGEM;216,0;CIDADE;COLISÃO FRONTAL;1,0;1,0;0,0;0,0;0,0;0,0;0,0;0,0;0,0;1,0;0,0;Longo da via;Bom;Sem defeito;Perfeito estado;Seca;Perfeito estado;Faixa de pedestre;;60 km/h;Única;;;
202221166,0;2022-09-08;;1;FINALIZADA;BOA VISTA;RUA DO PRINCIPE;114,0;RUA DO SOSSEGO;FARMÁCIA CANDEIA;BOA VISTA;;;COLISÃO TRASEIRA;1,0;1,0;0,0;0,0;0,0;0,0;0,0;0,0;0,0;1,0;0,0;;;;;;;;;;;;;
202221170,0;2022-09-08;;1;FINALIZADA;TAMARINEIRA;AV NORTE MIGUEL ARRAES DE ALENCAR;;RUA CONEGO BARATA;;TAMARINEIRA;62,0;;COLISÃO TRANSVERSAL;1,0;1,0;0,0;0,0;0,0;0,0;0,0;0,0;0,0;1,0;0,0;Cruzamento;Bom;Sem defeito;Perfeito estado;Seca;Perfeito estado;Faixa de pedestre;R-4a;;Dupla;Canteiro central;;
202221219,0;2022-09-09;;1;FINALIZADA;IMBIRIBEIRA;RUA MIS JOEL CARLSON;123,0;RUA ZEFERINO PINHO;RUA EM FRENTE A LASER ELETRO;IMBIRIBEIRA;;;COLISÃO LATERAL;1,0;1,0;0,0;0,0;0,0;0,0;0,0;0,0;0,0;1,0;0,0;Cruzamento;Bom;Não existe;Não existente;Seca;Perfeito estado;Não existe;Não há placas;30 km/h;Dupla;Não existe;;
202221222,0;2022-09-09;;1;FINALIZADA;MADALENA;AV ENGENHEIRO ABDIAS DE CARVALHO;1079,0;RUA JOAO IVO DA SILVA;HABIBS;MADALENA;132,0;SUBURBIO;COLISÃO LATERAL;1,0;1,0;0,0;0,0;0,0;0,0;0,0;0,0;0,0;1,0;0,0;Cruzamento;Bom;Sem defeito;Perfeito estado;Seca;Perfeito estado;Faixa de pedestre;R-6a;60 km/h;Dupla;Faixa seccionada;Canteiro central;
202221243,0;2022-09-09;;2;FINALIZADA;SANTO ANTÔNIO;RUA VINTE E QUATRO DE MAIO;183,0;;EM FRENTE A M&A CAMISARIA;SANTO ANTÔNIO;;SUBURBIO;FISCALIZAÇÃO;0,0;0,0;0,0;0,0;0,0;0,0;0,0;0,0;0,0;0,0;0,0;;;;;;;;;;;;;
202221250,0;2022-09-09;;1;FINALIZADA;JOANA BEZERRA;VIADUTO CAPITAO TEMUDO;;;EM CIMA DO VIADUTO;JOANA BEZERRA;;;COLISÃO LATERAL;1,0;1,0;0,0;0,0;0,0;0,0;0,0;0,0;0,0;1,0;0,0;Viaduto;Bom;Não existe;Incompleta;Seca;Perfeito estado;Não existe;Não há placas;60 km/h;Única;Faixa seccionada;;