Protocolo;data;hora;natureza;situacao;bairro;endereco;numero;detalhe_endereco_acidente;complemento;bairro_cruzamento;num_semaforo;sentido_via;tipo;auto;moto;ciclom;ciclista;pedestre;onibus;caminhao;viatura;outros;vitimas;vitimasfatais;acidente_verificado;tempo_clima;situacao_semaforo;sinalizacao;condicao_via;conservacao_via;ponto_controle;situacao_placa;velocidade_max_via;mao_direcao;divisao_via1;divisao_via2;divisao_via3
202221285,0;2022-09-09;;1;FINALIZADA;AREIAS;AV RECIFE;3060,0;;NA FRENTE DO SUPERMERCADO ECONOMICO;AREIAS;;SUBURBIO;COLISÃO LATERAL;0,0;2,0;0,0;0,0;0,0;0,0;0,0;0,0;0,0;1,0;0,0;Longo da via;Bom;Não existe;Perfeito estado;Seca;Perfeito estado;Não existe;R-6a;60 km/h;Única;Faixa seccionada;;
202221310,0;2022-09-10;;2;FINALIZADA;MADALENA;AV VISCONDE DE ALBUQUERQUE;;RUA LOPES DE CARVALHO;;MADALENA;;;COLISÃO FRONTAL;0,0;0,0;0,0;0,0;0,0;0,0;0,0;0,0;0,0;0,0;0,0;Cruzamento;Chuvoso;Não existe;Perfeito estado;Molhada;Perfeito estado;Não existe;R-6a;60KM/H;Única;Faixa seccionada;;
202221315,0;2022-09-10;;2;FINALIZADA;BARRO;RUA FRANCISCO RUSSO;115,0;;PRÓXIMO AO PAGODE CHATOU;BARRO;;;CHOQUE;0,0;0,0;0,0;0,0;0,0;0,0;0,0;1,0;0,0;0,0;0,0;Longo da via;Bom;Não existe;Perfeito estado;Seca;Perfeito estado;Não existe;Não há placas;;Dupla;Não existe;;
202221331,0;2022-09-10;;1;FINALIZADA;BOA VIAGEM;AVENIDA CELSO FURTADO (VIA MANGUE);;;PRÓXIMO AO ANTIGO LAÇA BURGUER/ SPETTUS;BOA VIAGEM;;CIDADE;COLISÃO LATERAL;1,0;1,0;0,0;0,0;0,0;0,0;0,0;0,0;0,0;1,0;0,0;Longo da via;Bom;Não existe;Perfeito estado;Seca;Perfeito estado;Outros;R-19;60 km/h;Dupla;Canteiro central;;
202221336,0;2022-09-10;;1;FINALIZADA;MADALENA;AV JOSE GONCALVES DE MEDEIROS;107,0;;EM FRENTE A MCDONALDS;MADALENA;;SUBURBIO;COLISÃO LATERAL;1,0;1,0;0,0;0,0;0,0;0,0;0,0;0,0;0,0;1,0;0,0;Longo da via;Bom;Sem defeito;Perfeito estado;Seca;Perfeito estado;Não existe;Não há placas;;Dupla;Faixa contínua;;
202221347,0;2022-09-10;;1;FINALIZADA;BEBERIBE;AV BEBERIBE;1310,0;RUA DAS MOCAS;EM FRENTE AO CAMPO DO SANTA CRUZ;BEBERIBE;;CIDADE;COLISÃO LATERAL;1,0;1,0;0,0;0,0;0,0;0,0;0,0;0,0;0,0;1,0;0,0;Cruzamento;Bom;Não existe;Perfeito estado;Seca;Perfeito estado;Não existe;Não há placas;;Dupla;Faixa seccionada;;
202221351,0;2022-09-10;;1;FINALIZADA;CAMPO GRANDE;RUA ODORICO MENDES;165,0;RUA VISCONDE DE CAIRU;APÓS A PEIXARIA TUDO DO MAR;CAMPO GRANDE;;;COLISÃO LATERAL;1,0;1,0;0,0;0,0;0,0;0,0;0,0;0,0;0,0;1,0;0,0;Cruzamento;Bom;Não existe;;Seca;Perfeito estado;Não existe;R-6a;;Dupla;;;
202221358,0;2022-09-10;;1;FINALIZADA;TEJIPIÓ;AV DR JOSE RUFINO;2984,0;;EM FRENTE AO CONDOMINIO CASA SOLAR;TEJIPIÓ;;;COLISÃO FRONTAL;1,0;1,0;0,0;0,0;0,0;0,0;0,0;0,0;0,0;1,0;0,0;Longo da via;Bom;Sem defeito;Perfeito estado;Seca;Perfeito estado;Não existe;Não há placas;;Dupla;Faixa contínua;;
202221368,0;2022-09-10;;2;CANCELADA;ESTÂNCIA;AV ESTANCIA;58,0;;APOIS COLEGIO VISÃO;ESTÂNCIA;;SUBURBIO;COLISÃO LATERAL;2,0;0,0;0,0;0,0;0,0;0,0;0,0;0,0;0,0;0,0;0,0;;;;;;;;;;;;;
202221390,0;2022-09-10;;1;FINALIZADA;IBURA;LAD DA COHAB;;AV DOIS RIOS;PRÓXIMO A POLICLINICA DO IBURA;IBURA;;SUBURBIO;COLISÃO FRONTAL;1,0;1,0;0,0;0,0;0,0;0,0;0,0;0,0;0,0;2,0;0,0;Longo da via;Bom;Não existe;Não existente;Molhada;Perfeito estado;Não existe;Não há placas;;Dupla;Não existe;;
202221396,0;2022-09-11;;1;CANCELADA;IBURA;AV MATO GROSSO;1134,0;;APÓS A CURVA DO S E DEPOIS DA ESCOLA MARIA SAMPAIO;IBURA;;;COLISÃO LATERAL;1,0;1,0;0,0;0,0;0,0;0,0;0,0;0,0;0,0;1,0;0,0;;;;;;;;;;;;;
202221448,0;2022-09-11;;1;FINALIZADA;BOA VIAGEM;RUA SETUBAL;;RUA BARAO DE SOUZA LEAO;PROX A IGREJINHA DE BOA VIAGEM  NO SEMAFORO 419;BOA VIAGEM;419,0;SUBURBIO;COLISÃO LATERAL;1,0;1,0;0,0;0,0;0,0;0,0;0,0;0,0;0,0;1,0;0,0;Cruzamento;Bom;Sem defeito;Perfeito estado;Seca;Perfeito estado;Faixa de pedestre;Não há placas;;Única;Faixa seccionada;;
202221449,0;2022-09-11;;1;FINALIZADA;BOA VIAGEM;RUA BARAO DE SOUZA LEAO;;AV ENGENHEIRO DOMINGOS FERREIRA;E/F AO BOA VIAGEM MEDICAL CENTER;BOA VIAGEM;129,0;SUBURBIO;COLISÃO COM CICLISTA;0,0;0,0;0,0;1,0;0,0;1,0;0,0;0,0;0,0;1,0;0,0;Cruzamento;Bom;Sem defeito;Perfeito estado;Seca;Perfeito estado;Faixa de pedestre;Outras;;Única;Faixa seccionada;;
202221452,0;2022-09-11;;2;FINALIZADA;CASA AMARELA;AV NORTE MIGUEL ARRAES DE ALENCAR;;;NA SUBIDA DO ALTO JOSE D PINHO;CASA AMARELA;;;COLISÃO LATERAL;1,0;0,0;0,0;0,0;0,0;0,0;0,0;0,0;1,0;0,0;0,0;Cruzamento;Bom;Sem defeito;Perfeito estado;Seca;Perfeito estado;Faixa de pedestre;Outras;;Dupla;Canteiro central;;
202221453,0;2022-09-11;;1;FINALIZADA;ARRUDA;RUA DO TRIUNFO;400,0;RUA DO MACHADO;E/F AO  ESTADIO DO  SANTA  CRUZ;ARRUDA;;SUBURBIO;COLISÃO LATERAL;0,0;2,0;0,0;0,0;0,0;0,0;0,0;0,0;0,0;2,0;0,0;Cruzamento;Bom;Não existe;Perfeito estado;Seca;Perfeito estado;Não existe;"Placas ""Pare""";;Dupla;Não existe;;
202221462,0;2022-09-11;;1;FINALIZADA;MACAXEIRA;RUA MARIA CANDIDA;73,0;AV NORTE MIGUEL ARRAES DE ALENCAR;APÓS PARQUE DA MACAXEIRA;MACAXEIRA;296,0;SUBURBIO;COLISÃO FRONTAL;0,0;2,0;0,0;0,0;0,0;0,0;0,0;0,0;0,0;1,0;0,0;Longo da via;Bom;Sem defeito;Perfeito estado;Seca;Perfeito estado;Não existe;Não há placas;;Dupla;Não existe;;
202221469,0;2022-09-11;;1;CANCELADA;ALTO SANTA TERESINHA;AV ANIBAL BENEVOLO;1145,0;;MERCADINHO PASSIRA;ALTO SANTA TERESINHA;;;COLISÃO FRONTAL;1,0;1,0;0,0;0,0;0,0;0,0;0,0;0,0;0,0;1,0;0,0;;;;;;;;;;;;;
202221472,0;2022-09-12;;2;FINALIZADA;IMBIRIBEIRA;AV MARECHAL MASCARENHAS DE MORAES;;;EM FRENTE A JUSTIÇA DO TRABALHO;IMBIRIBEIRA;;CIDADE;COLISÃO TRANSVERSAL;1,0;0,0;0,0;0,0;0,0;1,0;0,0;0,0;0,0;0,0;0,0;;;;;;;;;;;;;
202221499,0;2022-09-12;;1;FINALIZADA;VASCO DA GAMA;RUA ALTO DO EUCALIPTO;;AV VEREADOR OTACILIO AZEVEDO;POR TRÁS DO RESIDENCIAL DOM HÉLDER / PRÓX À IGREJA ANGLICANA SÃO PAULO;VASCO DA GAMA;;;COLISÃO LATERAL;0,0;1,0;0,0;0,0;0,0;1,0;0,0;0,0;0,0;1,0;0,0;Longo da via;Bom;Não existe;Não existente;Seca;Perfeito estado;Não existe;Não há placas;30 km/h;Dupla;Não existe;;
202221525,0;2022-09-12;;1;FINALIZADA;AFLITOS;RUA CARNEIRO VILELA;688,0;;EM FRENTE A KAPTAVI PILATES E FISIOTERAPIA;AFLITOS;;SUBURBIO;COLISÃO LATERAL;1,0;1,0;0,0;0,0;0,0;0,0;0,0;0,0;0,0;1,0;0,0;Longo da via;Bom;Não existe;Não existente;Seca;Perfeito estado;Não existe;Não há placas;;Única;Não existe;;
202221542,0;2022-09-12;;1;CANCELADA;CASA FORTE;AV DEZESSETE DE AGOSTO;;;EM FRENTE A CULTURA INGLESA;CASA FORTE;;;COLISÃO TRASEIRA;0,0;2,0;0,0;0,0;0,0;0,0;0,0;0,0;0,0;1,0;0,0;;;;;;;;;;;;;
202221559,0;2022-09-12;;1;FINALIZADA;CAMPO GRANDE;RUA JERONIMO VILELA;;RUA DR MACHADO;CRUZAMENTO;CAMPO GRANDE;565,0;SUBURBIO;COLISÃO LATERAL;1,0;1,0;0,0;0,0;0,0;0,0;0,0;0,0;0,0;1,0;0,0;Cruzamento;Bom;Sem defeito;Perfeito estado;Seca;Perfeito estado;Faixa de pedestre;Outras;30 km/h;Dupla;Faixa seccionada;;
202221563,0;2022-09-12;;1;CANCELADA;IPSEP;AV SALDANHA MARINHO;;;POR TRAS DO COLEGIO LAURO DINIZ;IPSEP;;;COLISÃO FRONTAL;1,0;1,0;0,0;0,0;0,0;0,0;0,0;0,0;0,0;1,0;0,0;;;;;;;;;;;;;
202221568,0;2022-09-12;;2;FINALIZADA;IMBIRIBEIRA;AV MARECHAL MASCARENHAS DE MORAES;;;ANTES DA UNIVERSO;IMBIRIBEIRA;;CIDADE;CHOQUE;1,0;0,0;0,0;0,0;0,0;0,0;0,0;0,0;0,0;0,0;0,0;Cruzamento;Bom;Sem defeito;Perfeito estado;Seca;Perfeito estado;Faixa de pedestre;Não há placas;;Dupla;Canteiro central;Faixa contínua;
202221591,0;2022-09-13;;1;FINALIZADA;SANTO AMARO;AV CRUZ CABUGA;449,0;RUA ARARIPINA;;SANTO AMARO;;SUBURBIO;COLISÃO TRANSVERSAL;1,0;1,0;0,0;0,0;0,0;0,0;0,0;0,0;0,0;2,0;0,0;Longo da via;Bom;Não existe;Perfeito estado;Seca;Perfeito estado;Não existe;Não há placas;;Dupla;Faixa contínua;Faixa seccionada;
202221592,0;2022-09-13;;1;FINALIZADA;TEJIPIÓ;RUA FALCAO DE LACERDA;299,0;;EM FRENTE AO CARTÓRIO CIVIL;TEJIPIÓ;411,0;CIDADE;COLISÃO FRONTAL;0,0;2,0;0,0;0,0;0,0;0,0;0,0;0,0;0,0;2,0;0,0;Longo da via;Bom;Sem defeito;Perfeito estado;Seca;Perfeito estado;Faixa de pedestre;Não há placas;60 km/h;Dupla;Faixa contínua;;
202221605,0;2022-09-13;;1;FINALIZADA;AFOGADOS;RUA VINTE E UM DE ABRIL;1254,0;AV MANOEL GONCALVES DA LUZ;PROX. AO ARMAZEM CONSTRUAÇO;AFOGADOS;245,0;CIDADE;COLISÃO COM CICLISTA;0,0;1,0;0,0;1,0;0,0;0,0;0,0;0,0;0,0;1,0;0,0;Longo da via;Bom;Sem defeito;Incompleta;Seca;Mal conservada;Faixa de pedestre;Não há placas;40 km/h;Dupla;Faixa seccionada;Faixa contínua;
202221611,0;2022-09-13;;1;FINALIZADA;CORDEIRO;AV CAXANGA;2319,0;RUA CLAUDIO BROTHERHOOD;SOB O SEMÁFORO: 235;CORDEIRO;235,0;CIDADE;COLISÃO COM CICLISTA;1,0;0,0;0,0;1,0;0,0;0,0;0,0;0,0;0,0;1,0;0,0;Outros;Bom;Sem defeito;Ilegível;Seca;Perfeito estado;Outros;Não há placas;60 km/h;Única;Faixa seccionada;;
202221614,0;2022-09-13;;2;FINALIZADA;BAIRRO DO RECIFE;CAIS DO APOLO;;;EM FGRENTE A PREFEITURA;BAIRRO DO RECIFE;;;COLISÃO TRASEIRA;2,0;0,0;0,0;0,0;0,0;0,0;0,0;0,0;0,0;0,0;0,0;Longo da via;Bom;Não existe;Perfeito estado;Seca;Perfeito estado;Faixa de pedestre;R-6a;;Única;Faixa contínua;;
202221634,0;2022-09-13;;1;FINALIZADA;ILHA JOANA BEZERRA;VIADUTO CAPITAO TEMUDO;;;SENT. OLINDA NO MEIO DO VIADULTO CAP. TEMUDO;ILHA JOANA BEZERRA;;SUBURBIO;COLISÃO TRASEIRA;0,0;1,0;0,0;0,0;0,0;1,0;0,0;0,0;0,0;2,0;0,0;Longo da via;Bom;Não existe;Perfeito estado;Seca;Perfeito estado;Não existe;Não há placas;;Dupla;Outros;;
202221659,0;2022-09-13;;1;FINALIZADA;ESPINHEIRO;RUA QUARENTA E OITO;815,0;;EM FRENTE AO RESTAURANTE SABOR DO RANCHO;ESPINHEIRO;;;COLISÃO TRASEIRA;3,0;0,0;0,0;0,0;0,0;0,0;0,0;0,0;0,0;1,0;0,0;;;;;;;;;;;;;
202221660,0;2022-09-13;;1;FINALIZADA;ILHA DO RETIRO;AV ENGENHEIRO ABDIAS DE CARVALHO;;;EM FRENTE A ESTAÇÃO DA CELPE;ILHA DO RETIRO;;CIDADE;COLISÃO TRASEIRA;1,0;1,0;0,0;0,0;0,0;0,0;0,0;0,0;0,0;2,0;0,0;Longo da via;Bom;Sem defeito;Perfeito estado;Seca;Perfeito estado;Não existe;Não há placas;;Dupla;Canteiro central;;
202221669,0;2022-09-13;;1;FINALIZADA;AFOGADOS;RUA SAO MIGUEL;1935,0;;PROXIMO AO POSTO IPIRANGA;AFOGADOS;;CIDADE;COLISÃO LATERAL;1,0;1,0;0,0;0,0;0,0;0,0;0,0;0,0;0,0;1,0;0,0;Longo da via;Bom;Não existe;Perfeito estado;Seca;Perfeito estado;Não existe;Outras;30 km/h;Dupla;Faixa contínua;;
202221679,0;2022-09-13;;1;CANCELADA;TORRE;RUA MARCOS ANDRE;200,0;;EM FRENTE AO EDIFICIO SAINT ANDRE;TORRE;;;COLISÃO TRASEIRA;1,0;1,0;0,0;0,0;0,0;0,0;0,0;0,0;0,0;1,0;0,0;;;;;;;;;;;;;
202221687,0;2022-09-13;;1;FINALIZADA;ESPINHEIRO;RUA DO ESPINHEIRO;;RUA SANTO ELIAS;POSTO DE GASOLINA;ESPINHEIRO;;SUBURBIO;COLISÃO LATERAL;1,0;1,0;0,0;0,0;0,0;0,0;0,0;0,0;0,0;1,0;0,0;Cruzamento;Bom;Não existe;Perfeito estado;Seca;Perfeito estado;Outros;"Placas ""Pare""";;Dupla;Outros;;
202221690,0;2022-09-14;;1;FINALIZADA;BONGI;AV ENGENHEIRO ABDIAS DE CARVALHO;1803,0;;FERNANDES PISO E CONSTRUÇÕES;BONGI;;CIDADE;CHOQUE;0,0;0,0;0,0;0,0;0,0;0,0;0,0;0,0;0,0;1,0;0,0;;;;;;;;;;;;;
202221706,0;2022-09-14;;1;FINALIZADA;ENCRUZILHADA;RUA PADRE MIGUELINHO;29,0;RUA AUGUSTO RODRIGUES;PROX. PRAÇA TORREÃO;ENCRUZILHADA;;;COLISÃO LATERAL;1,0;1,0;0,0;0,0;0,0;0,0;0,0;0,0;0,0;2,0;0,0;Cruzamento;Bom;Não existe;Perfeito estado;Seca;Perfeito estado;Não existe;Outras;;Única;Não existe;;
202221711,0;2022-09-14;;1;FINALIZADA;CASA AMARELA;AV NORTE MIGUEL ARRAES DE ALENCAR;5121,0;;REI DA PICANHA;CASA AMARELA;677,0;CIDADE;COLISÃO TRASEIRA;1,0;1,0;0,0;0,0;0,0;0,0;0,0;0,0;0,0;1,0;0,0;Longo da via;Bom;Sem defeito;Perfeito estado;Seca;Perfeito estado;Faixa de pedestre;Outras;50 km/h;Dupla;Canteiro central;;
202221728,0;2022-09-14;;2;FINALIZADA;CORDEIRO;AV INACIO MONTEIRO;;RUA N S DA SAUDE;DROGASIL / SEMÁFORO 234;CORDEIRO;;;COLISÃO LATERAL;1,0;0,0;0,0;0,0;0,0;0,0;0,0;1,0;0,0;0,0;0,0;Cruzamento;Bom;Sem defeito;Perfeito estado;Seca;Perfeito estado;Faixa de retenção;Não há placas;60KM/H;Única;Faixa contínua;;
202221738,0;2022-09-14;;1;FINALIZADA;MADALENA;AV JOSE GONCALVES DE MEDEIROS;138,0;RUA COMENDADOR BENTO AGUIAR;PROXIMO A FARMACIA PAGUE MENOS;MADALENA;;CIDADE;COLISÃO FRONTAL;1,0;1,0;0,0;0,0;0,0;0,0;0,0;0,0;0,0;1,0;0,0;Cruzamento;Bom;Não existe;Perfeito estado;Seca;Perfeito estado;Não existe;Não há placas;;Dupla;Não existe;;
202221754,0;2022-09-14;;2;FINALIZADA;BOA VISTA;RUA DO PRINCIPE;;;EM FRENTE A FACULDADE DE DIREITO DO RECIFE;BOA VISTA;;;COLISÃO LATERAL;0,0;0,0;0,0;0,0;0,0;1,0;0,0;1,0;0,0;0,0;0,0;Longo da via;Chuvoso;Sem defeito;Perfeito estado;Molhada;Perfeito estado;Faixa de pedestre;Outras;;Única;Canteiro central;;
202221756,0;2022-09-14;;2;CANCELADA;IBURA;AV RIO LARGO;;;PROX AO MERCADO PROABI;IBURA;;;COLISÃO TRASEIRA;1,0;0,0;0,0;0,0;0,0;1,0;0,0;0,0;0,0;0,0;0,0;;;;;;;;;;;;;
202221760,0;2022-09-14;;1;FINALIZADA;BOA VIAGEM;RUA VISCONDE DE JEQUITINHONHA;1280,0;RUA ENGENHEIRO ZAEL DIOGENES;DEPOIS DO HOTEL ATLANTE PLAZA;BOA VIAGEM;;SUBURBIO;COLISÃO TRASEIRA;1,0;1,0;0,0;0,0;0,0;0,0;0,0;0,0;0,0;1,0;0,0;Esquina;Bom;Não existe;Perfeito estado;Seca;Perfeito estado;Não existe;;;Única;Canteiro central;;
202221765,0;2022-09-14;;1;FINALIZADA;PINA;AV ANTONIO DE GOES;;;DEPOIS DA  POLICIA RODOVIARIA FEDERAL DO PINA;PINA;;CIDADE;COLISÃO TRASEIRA;1,0;1,0;0,0;0,0;0,0;0,0;0,0;0,0;0,0;1,0;0,0;Ponte;Bom;Não existe;Perfeito estado;Seca;Perfeito estado;Não existe;Outras;60 km/h;Única;Canteiro central;;
202221775,0;2022-09-14;;1;FINALIZADA;SAN MARTIN;AV GENERAL SAN MARTIN;;AV CONSUL VILARES FRAGOSO;PROX. DO QUARTEL DA CAVALERIA;SAN MARTIN;326,0;;COLISÃO FRONTAL;1,0;1,0;0,0;0,0;0,0;0,0;0,0;0,0;0,0;2,0;0,0;Cruzamento;Chuvoso;Sem defeito;Incompleta;Molhada;Perfeito estado;Outros;Não há placas;40 km/h;Única;Não existe;;
202221776,0;2022-09-14;;1;FINALIZADA;MADALENA;AV BEIRA RIO;591,0;;EM FRENTE AO EDF. SOBRADO DO CAPIBARIBE;MADALENA;;SUBURBIO;COLISÃO LATERAL;1,0;1,0;0,0;0,0;0,0;0,0;0,0;0,0;0,0;1,0;0,0;Longo da via;Bom;Não existe;Perfeito estado;Seca;Perfeito estado;Não existe;R-6a;;Dupla;Faixa seccionada;;
202221806,0;2022-09-15;;1;FINALIZADA;MADALENA;AV PROFESSOR ESTEVAO FRANCISCO DA COSTA;;AV CAXANGA;PRÓX. À RINALDO MOTOS;MADALENA;;CIDADE;COLISÃO LATERAL;0,0;2,0;0,0;0,0;0,0;0,0;0,0;0,0;0,0;2,0;0,0;Longo da via;Bom;Sem defeito;Perfeito estado;Seca;Perfeito estado;Não existe;Não há placas;;Única;Não existe;;
202221811,0;2022-09-15;;2;FINALIZADA;CAMPO GRANDE;RUA FRANKLIN TAVORA;;RUA VOLUNTARIOS DA PATRIA;PROX. AO CENTRO BUDISTA DRUKPA RECIFE;CAMPO GRANDE;;;COLISÃO LATERAL;2,0;0,0;0,0;0,0;0,0;0,0;0,0;0,0;0,0;0,0;0,0;Longo da via;Bom;Não existe;Perfeito estado;Seca;Perfeito estado;Não existe;Não há placas;;Dupla;Não existe;;
202221828,0;2022-09-15;;2;FINALIZADA;IBURA;AV SAO PAULO;183,0;;EM FRENTE AO ARMAZEM DO GOMES;IBURA;;;COLISÃO LATERAL;1,0;0,0;0,0;0,0;0,0;1,0;0,0;0,0;0,0;0,0;0,0;Longo da via;Bom;Não existe;Perfeito estado;Seca;Perfeito estado;Não existe;Não há placas;;Dupla;Não existe;;
202221853,0;2022-09-15;;2;FINALIZADA;ESPINHEIRO;RUA AMELIA;280,0;RUA DO ESPINHEIRO;E/F A GALERIA DA LUMI;ESPINHEIRO;;;COLISÃO LATERAL;1,0;0,0;0,0;0,0;0,0;1,0;0,0;0,0;0,0;0,0;0,0;Cruzamento;Bom;Sem defeito;Perfeito estado;Seca;Perfeito estado;Faixa de retenção;Outras;;Única;Faixa seccionada;;
202221862,0;2022-09-15;;1;FINALIZADA;JOANA BEZERRA;AV MARTIN LUTHER KING;4,0;;PROXIMO AO CAMPO DO BARRO;JOANA BEZERRA;;CIDADE;COLISÃO LATERAL;0,0;1,0;0,0;0,0;0,0;1,0;0,0;0,0;0,0;1,0;0,0;Cruzamento;Bom;Não existe;Incompleta;Seca;Perfeito estado;Não existe;R-6a;60 km/h;Dupla;Não existe;;
202221873,0;2022-09-15;;2;FINALIZADA;AREIAS;;;;HOSPITAL DE AREIAS;AREIAS;;;COLISÃO TRASEIRA;1,0;0,0;0,0;0,0;0,0;0,0;0,0;1,0;0,0;0,0;0,0;Longo da via;Bom;Não existe;Incompleta;Seca;Perfeito estado;Não existe;Não há placas;;Dupla;Não existe;;
202221875,0;2022-09-15;;1;FINALIZADA;BOA VIAGEM;RUA SA E SOUZA;45,0;RUA ANTONIO VICENTE;ESTACIONAMENTO DO COLEGIO MADRE DE DEUS;BOA VIAGEM;;SUBURBIO;COLISÃO LATERAL;1,0;1,0;0,0;0,0;0,0;0,0;0,0;0,0;0,0;1,0;0,0;Cruzamento;Bom;Não existe;Não existente;Seca;Mal conservada;Não existe;Não há placas;30 km/h;Dupla;Não existe;;
202221882,0;2022-09-15;;1;FINALIZADA;BOA VIAGEM;AV DOM JOAO VI;;;PROX A LOMBADA ELETRONICA (COLÉGIO GGE);BOA VIAGEM;;SUBURBIO/ PIEDADE;COLISÃO LATERAL;1,0;1,0;0,0;0,0;0,0;0,0;0,0;0,0;0,0;1,0;0,0;Longo da via;Bom;Não existe;Perfeito estado;Seca;Perfeito estado;Não existe;Não há placas;50 km/h;Única;Faixa seccionada;;
202221887,0;2022-09-15;;2;FINALIZADA;IMBIRIBEIRA;AV MARECHAL MASCARENHAS DE MORAES;7935C;;PROX A EMBREAGEM FRIO DIREÇÃO HIDRAULICA;IMBIRIBEIRA;;CIDADE;COLISÃO FRONTAL;1,0;0,0;0,0;0,0;0,0;0,0;0,0;1,0;0,0;0,0;0,0;Longo da via;Bom;Sem defeito;Perfeito estado;Seca;Perfeito estado;Não existe;Não há placas;;Única;Faixa seccionada;;
202221891,0;2022-09-15;;1;FINALIZADA;HIPÓDROMO;EST DE BELEM;313,0;RUA ANTONIO RANGEL;EM FRENTE A QUITANDARIA;HIPÓDROMO;201,0;;COLISÃO LATERAL;1,0;1,0;0,0;0,0;0,0;0,0;0,0;0,0;0,0;1,0;0,0;Cruzamento;Bom;Sem defeito;Perfeito estado;Seca;Perfeito estado;Faixa de pedestre;R-6a;;Dupla;Não existe;;
202221929,0;2022-09-16;;1;FINALIZADA;MADALENA;RUA JOSE OSORIO;707,0;;PERU VEÍCULOS / REALIZE CAR;MADALENA;;SUBURBIO;ATROPELAMENTO DE PESSOA;0,0;1,0;0,0;0,0;1,0;0,0;0,0;0,0;0,0;2,0;0,0;Longo da via;Bom;Não existe;Perfeito estado;Seca;Perfeito estado;Não existe;Outras;40 km/h;Dupla;Faixa contínua;;
202221931,0;2022-09-16;;1;FINALIZADA;SANTO AMARO;AV CRUZ CABUGA;;;PROXIMO AO SHOPPING TACARUNA. EM FRENTE A PARADA DO BRT;SANTO AMARO;468,0;CIDADE;ATROPELAMENTO DE PESSOA;0,0;1,0;0,0;0,0;1,0;0,0;0,0;0,0;0,0;1,0;0,0;Longo da via;Bom;Sem defeito;Perfeito estado;Seca;Perfeito estado;Faixa de pedestre;Não há placas;60 km/h;Única;Faixa seccionada;;
202221932,0;2022-09-16;;1;FINALIZADA;CAXANGÁ;AV CAXANGA;;;EM BAIXO DO VIADUTO, EM FRENTE AO TERMINAL CDU;CAXANGÁ;;CIDADE;ATROPELAMENTO DE PESSOA;0,0;1,0;0,0;0,0;1,0;0,0;0,0;0,0;0,0;1,0;0,0;Longo da via;Bom;Não existe;Perfeito estado;Seca;Perfeito estado;Não existe;Não há placas;60 km/h;Dupla;Canteiro central;;
202221934,0;2022-09-16;;1;FINALIZADA;CASA AMARELA;AV NORTE MIGUEL ARRAES DE ALENCAR;5121,0;RUA BELA VISTA;EM FRENTE A BIKE NORTE, SENT. MACAXEIRA;CASA AMARELA;677,0;SUBURBIO;COLISÃO LATERAL;1,0;1,0;0,0;0,0;0,0;0,0;0,0;0,0;0,0;1,0;0,0;Cruzamento;Bom;Sem defeito;Perfeito estado;Seca;Perfeito estado;Faixa de pedestre;Não há placas;;Única;Canteiro central;;
202221988,0;2022-09-16;;1;CANCELADA;APIPUCOS;RUA DE APIPUCOS;;;EM FRENTE AO MOTEL SENZALA;APIPUCOS;1078,0;;COLISÃO TRASEIRA;0,0;2,0;0,0;0,0;0,0;0,0;0,0;0,0;0,0;1,0;0,0;;;;;;;;;;;;;
202221998,0;2022-09-16;;1;CANCELADA;BONGI;EST DO BONGI;;;E/F A IGREJA BATISTA DO BONGI;BONGI;;;COLISÃO COM CICLISTA;1,0;0,0;0,0;1,0;0,0;0,0;0,0;0,0;0,0;1,0;0,0;;;;;;;;;;;;;
202222007,0;2022-09-16;;1;FINALIZADA;SANTO ANTÔNIO;PTE DO LIMOEIRO;;;EM FRENTE AO ANTIGO DE COVID-19 DO RECIFE;SANTO ANTÔNIO;243,0;CIDADE / PREFEITURA DO RECIFE;COLISÃO COM CICLISTA;0,0;1,0;0,0;1,0;0,0;0,0;0,0;0,0;0,0;2,0;0,0;Longo da via;Bom;Sem defeito;Perfeito estado;Seca;Perfeito estado;Faixa de pedestre;Não há placas;60 km/h;Dupla;Faixa contínua;;
202222028,0;2022-09-16;;1;FINALIZADA;ESPINHEIRO;RUA SANTO ELIAS;169,0;RUA CONS PORTELA;EM FRENTE AO POSTO DE COMBUSTÍVEL;ESPINHEIRO;;CIDADE;COLISÃO FRONTAL;1,0;1,0;0,0;0,0;0,0;0,0;0,0;0,0;0,0;1,0;0,0;Longo da via;Bom;Não existe;Perfeito estado;Seca;Perfeito estado;Não existe;R-6a;30 km/h;Dupla;Não existe;;
202222029,0;2022-09-16;;1;FINALIZADA;PARNAMIRIM;RUA JOAO TUDE DE MELO;;;SOBRE O VIADUTO DA TORRE;PARNAMIRIM;;;COLISÃO LATERAL;1,0;1,0;0,0;0,0;0,0;0,0;0,0;0,0;0,0;1,0;0,0;;;;;;;;;;;;;