Protocolo;data;hora;natureza;situacao;bairro;endereco;numero;detalhe_endereco_acidente;complemento;bairro_cruzamento;num_semaforo;sentido_via;tipo;auto;moto;ciclom;ciclista;pedestre;onibus;caminhao;viatura;outros;vitimas;vitimasfatais;acidente_verificado;tempo_clima;situacao_semaforo;sinalizacao;condicao_via;conservacao_via;ponto_controle;situacao_placa;velocidade_max_via;mao_direcao;divisao_via1;divisao_via2;divisao_via3
202222038,0;2022-09-17;;1;FINALIZADA;AFOGADOS;EST DOS REMEDIOS;1052,0;;CLAYTON ALTO PEÇAS E SERVIÇOS;AFOGADOS;;CIDADE;COLISÃO LATERAL;1,0;1,0;0,0;0,0;0,0;0,0;0,0;0,0;0,0;1,0;0,0;Longo da via;Bom;Sem defeito;Incompleta;Seca;Perfeito estado;Faixa de pedestre;R-6a;60 km/h;Única;Faixa seccionada;;
202222068,0;2022-09-17;;1;FINALIZADA;SANTO AMARO;RUA DOS PALMARES;140,0;RUA MAJOR CODECEIRA;EM FRENTE AO PROCAPE;SANTO AMARO;;SUBURBIO;COLISÃO LATERAL;1,0;1,0;0,0;0,0;0,0;0,0;0,0;0,0;0,0;1,0;0,0;Cruzamento;Bom;Não existe;Perfeito estado;Seca;Perfeito estado;Outros;Outras;;Única;Faixa;;
202222072,0;2022-09-17;;1;FINALIZADA;ARRUDA;AV BEBERIBE;1253,0;;ESTÁDIO DO SANTA CUZ;ARRUDA;;;COLISÃO TRASEIRA;1,0;1,0;0,0;0,0;0,0;0,0;0,0;0,0;0,0;1,0;0,0;Cruzamento;Bom;Não existe;Incompleta;Seca;Perfeito estado;Outros;Outras;;Dupla;Faixa contínua;;
202222074,0;2022-09-17;;1;CANCELADA;ALTO JOSÉ DO PINHO;RUA HORACIO SILVA;;;NA SUBIDA DA LADEIRA DO ALTO JOSE DO PINHO  E/F A IGREJA ASSEMBLEIA DE DEUS;ALTO JOSÉ DO PINHO;;;COLISÃO LATERAL;1,0;1,0;0,0;0,0;0,0;0,0;0,0;0,0;0,0;1,0;0,0;;;;;;;;;;;;;
202222079,0;2022-09-17;;1;FINALIZADA;BOMBA DO HEMETÉRIO;RUA ARLINDO CISNEIRO;951,0;;PROX A PADARIA RECORD;BOMBA DO HEMETÉRIO;;SUBURBIO;COLISÃO LATERAL;2,0;1,0;0,0;0,0;0,0;0,0;0,0;0,0;0,0;1,0;0,0;Longo da via;Bom;Não existe;Não existente;Seca;Perfeito estado;Não existe;Não há placas;40 km/h;Dupla;Não existe;;
202222094,0;2022-09-17;;1;FINALIZADA;BOA VIAGEM;RUA BALTAZAR PASSOS;;RUA VISCONDE DE JEQUITINHONHA;BEIRA CANAL  NO SEMAFORO 154;BOA VIAGEM;154,0;SUBURBIO;COLISÃO COM CICLISTA;1,0;0,0;0,0;1,0;0,0;0,0;0,0;0,0;0,0;1,0;0,0;Cruzamento;Bom;Sem defeito;Perfeito estado;Seca;Perfeito estado;Faixa de pedestre;Outras;40 km/h;Única;Faixa contínua;;
202222108,0;2022-09-17;;2;FINALIZADA;PINA;AV HERCULANO BANDEIRA;;;APÓS A PASSARELA;PINA;;;CHOQUE;1,0;0,0;0,0;0,0;0,0;0,0;0,0;0,0;0,0;0,0;0,0;;;;;;;;;;;;;
202222122,0;2022-09-17;;2;FINALIZADA;MUSTARDINHA;AV MANOEL GONCALVES DA LUZ;396,0;RUA JOSE MOREIRA REIS;EM FRENTE AO Nº 391;MUSTARDINHA;;SUBURBIO;COLISÃO TRASEIRA;1,0;0,0;0,0;0,0;0,0;0,0;0,0;1,0;0,0;0,0;0,0;Longo da via;Bom;Não existe;Perfeito estado;Seca;Perfeito estado;Não existe;Não há placas;30 km/h;Dupla;Faixa seccionada;;
202222134,0;2022-09-18;;1;FINALIZADA;IBURA;AV JORNALISTA COSTA PORTO;200,0;;EM FRENTE A COMPESA;IBURA;;;COLISÃO FRONTAL;0,0;2,0;0,0;0,0;0,0;0,0;0,0;0,0;0,0;2,0;0,0;Longo da via;Bom;Não existe;;Seca;Perfeito estado;Não existe;;;Dupla;Não existe;;
202222138,0;2022-09-18;;2;FINALIZADA;CORDEIRO;AV INACIO MONTEIRO;90,0;;;CORDEIRO;;SUBURBIO;COLISÃO TRASEIRA;2,0;0,0;0,0;0,0;0,0;0,0;0,0;0,0;0,0;0,0;0,0;Longo da via;Bom;Não existe;Perfeito estado;Seca;Perfeito estado;Não existe;Não há placas;;Única;Faixa seccionada;;
202222147,0;2022-09-18;;1;CANCELADA;SANCHO;AV LIBERDADE;1531,0;;EM FRENTE À PADARIA EMPÓRIO DOS PÃES;SANCHO;;;COLISÃO FRONTAL;1,0;1,0;0,0;0,0;0,0;0,0;0,0;0,0;0,0;1,0;0,0;;;;;;;;;;;;;
202222153,0;2022-09-18;;1;FINALIZADA;BOA VISTA;RUA DO HOSPICIO;815,0;RUA JOAO LIRA;;BOA VISTA;32,0;SUBURBIO;COLISÃO FRONTAL;1,0;1,0;0,0;0,0;0,0;0,0;0,0;0,0;0,0;1,0;0,0;Cruzamento;Bom;Sem defeito;Perfeito estado;Seca;Perfeito estado;Faixa de pedestre;Não há placas;60 km/h;Única;Faixa contínua;Faixa seccionada;
202222155,0;2022-09-18;;1;FINALIZADA;AFOGADOS;RUA SAO MIGUEL;1331,0;RUA LUIZ PEREIRA DE FARIAS;EM FRENTE PARAISO DOS PETS;AFOGADOS;;SUBURBIO;COLISÃO TRASEIRA;1,0;1,0;0,0;0,0;0,0;0,0;0,0;0,0;0,0;2,0;0,0;Cruzamento;Bom;Não existe;Não existente;Seca;Perfeito estado;Não existe;Não há placas;;Dupla;Faixa seccionada;;
202222159,0;2022-09-18;;1;FINALIZADA;IPSEP;AV RECIFE;;RUA JEAN EMILE FAVRE;PROXIMO AO SEMÁFORO 130 / SENTIDO BR;IPSEP;130,0;CIDADE;COLISÃO TRASEIRA;1,0;1,0;0,0;0,0;0,0;0,0;0,0;0,0;0,0;1,0;0,0;Cruzamento;Bom;Sem defeito;Perfeito estado;Seca;Perfeito estado;Faixa de pedestre;Não há placas;60 km/h;Única;Faixa contínua;Faixa seccionada;
202222166,0;2022-09-18;;2;FINALIZADA;AFOGADOS;RUA TRES DE AGOSTO;117';EST DOS REMEDIOS;;AFOGADOS;;;COLISÃO LATERAL;2,0;0,0;0,0;0,0;0,0;1,0;0,0;0,0;0,0;0,0;0,0;;;;;;;;;;;;;
202222178,0;2022-09-18;;2;FINALIZADA;BOA VIAGEM;AV CONSELHEIRO AGUIAR;5025,0;;EM FRENTE A GALERIA CIDADE SUL;BOA VIAGEM;318,0;SUBURBIO;;1,0;1,0;0,0;0,0;0,0;0,0;0,0;0,0;0,0;0,0;0,0;Longo da via;Bom;Sem defeito;Perfeito estado;Seca;Perfeito estado;Faixa de pedestre;R-6a;;Única;Faixa seccionada;;
202222190,0;2022-09-18;;1;FINALIZADA;BOA VIAGEM;RUA FELIX DE BRITO E MELO;3278,0;RUA DOS NAVEGANTES;RUA DOS NAVEGANTES - PROX. A PADARIA DIPLOMATA;BOA VIAGEM;;SUBURBIO;COLISÃO LATERAL;2,0;0,0;0,0;0,0;0,0;0,0;0,0;0,0;0,0;1,0;0,0;Cruzamento;Bom;Não existe;Perfeito estado;Seca;Perfeito estado;Não existe;"Placas ""Pare""";30 km/h;Única;Faixa seccionada;;
202222191,0;2022-09-18;;2;CANCELADA;BOMBA DO HEMETÉRIO;RUA CORREGO DO EUCLIDES;391,0;;PRÓXIMO AO ANTIGO PAGODE DO NEO;BOMBA DO HEMETÉRIO;;;CHOQUE;1,0;3,0;0,0;0,0;0,0;0,0;0,0;0,0;0,0;0,0;0,0;;;;;;;;;;;;;
202222200,0;2022-09-19;;1;FINALIZADA;ARRUDA;AV BEBERIBE;1628,0;RUA SAO BENTO;APÓS O ARMAZÉM CORAL;ARRUDA;64,0;CIDADE;COLISÃO FRONTAL;0,0;0,0;0,0;1,0;0,0;1,0;0,0;0,0;0,0;2,0;0,0;Esquina;Bom;Sem defeito;Perfeito estado;Seca;Perfeito estado;Faixa de pedestre;R-6a;30 km/h;Dupla;Faixa contínua;Outros;
202222215,0;2022-09-19;;1;FINALIZADA;JIQUIÁ;RUA SAO MIGUEL;2015,0;RUA GUARAMIRIM;PRÓX. AO POSTO PETROISA E AO MOTEL PREMIUM;JIQUIÁ;;CIDADE;COLISÃO TRASEIRA;2,0;1,0;0,0;0,0;0,0;0,0;0,0;0,0;0,0;1,0;0,0;Longo da via;Bom;Não existe;Incompleta;Seca;Perfeito estado;Não existe;R-6c;60 km/h;Dupla;Faixa contínua;Faixa seccionada;
202222240,0;2022-09-19;;2;FINALIZADA;ESPINHEIRO;AV GOVERNADOR AGAMENON MAGALHAES;;RUA BUENOS AYRES;;ESPINHEIRO;78,0;CIDADE;;1,0;0,0;0,0;0,0;0,0;1,0;0,0;0,0;0,0;0,0;0,0;Cruzamento;Bom;Sem defeito;Perfeito estado;Seca;Perfeito estado;Faixa de pedestre;;60 km/h;Única;Canteiro central;;
202222245,0;2022-09-19;;1;FINALIZADA;SÃO JOSÉ;AV SUL;;;AO LADO DO ANTIGO MERCADO DAS FLORES;SÃO JOSÉ;;CIDADE;COLISÃO FRONTAL;1,0;1,0;0,0;0,0;0,0;0,0;0,0;0,0;0,0;1,0;0,0;Longo da via;Bom;Não existe;Perfeito estado;Seca;Perfeito estado;Não existe;Não há placas;;Única;Faixa contínua;;
202222248,0;2022-09-19;;1;FINALIZADA;AFOGADOS;RUA COSME VIANA;;RUA TRES DE AGOSTO;NO SEMAFORO 525;AFOGADOS;;;ATROPELAMENTO DE PESSOA;0,0;0,0;0,0;0,0;1,0;1,0;0,0;0,0;0,0;1,0;0,0;;;;;;;;;;;;;
202222254,0;2022-09-19;;1;FINALIZADA;AFOGADOS;RUA SAO MIGUEL;268,0;;EM FRENTE AO DEPATRI;AFOGADOS;;;COLISÃO LATERAL;0,0;1,0;0,0;0,0;0,0;0,0;0,0;1,0;0,0;1,0;0,0;Longo da via;Bom;Não existe;Ilegível;Seca;Perfeito estado;Não existe;Não há placas;60 km/h;Dupla;Faixa contínua;;
202222255,0;2022-09-19;;1;FINALIZADA;SANTO AMARO;RUA TREZE DE MAIO;;RUA PEDRO AFONSO;AO LADO DO SESC;SANTO AMARO;427,0;;COLISÃO LATERAL;1,0;1,0;0,0;0,0;0,0;0,0;0,0;0,0;0,0;1,0;0,0;Cruzamento;Bom;Sem defeito;Perfeito estado;Seca;Perfeito estado;Faixa de pedestre;Não há placas;40 km/h;Dupla;Faixa;;
202222258,0;2022-09-19;;1;FINALIZADA;AFOGADOS;RUA SAO MIGUEL;;;EM FRENTE AO QUARTEL;AFOGADOS;;SUBURBIO;COLISÃO LATERAL;1,0;1,0;0,0;0,0;0,0;0,0;0,0;0,0;0,0;1,0;0,0;Longo da via;Bom;Sem defeito;Perfeito estado;Seca;Perfeito estado;Faixa de retenção;Não há placas;60 km/h;Dupla;Faixa contínua;;
202222264,0;2022-09-19;;1;FINALIZADA;BOA VISTA;RUA BISPO CARDOSO AYRES;;RUA DO RIACHUELO;;BOA VISTA;;;COLISÃO LATERAL;1,0;1,0;0,0;0,0;0,0;0,0;0,0;0,0;0,0;1,0;0,0;Cruzamento;Bom;Não existe;Perfeito estado;;Perfeito estado;Faixa de pedestre;R-6a;40 km/h;Única;Não existe;;
202222290,0;2022-09-20;;1;FINALIZADA;IMBIRIBEIRA;AV PINHEIROS;;RUA ARQUITETO LUIZ NUNES;NO SEMAFORO 537;IMBIRIBEIRA;;;COLISÃO TRASEIRA;1,0;1,0;0,0;0,0;0,0;0,0;0,0;0,0;0,0;2,0;0,0;Longo da via;Bom;Sem defeito;Perfeito estado;Seca;Perfeito estado;Faixa de pedestre;Outras;30 km/h;Dupla;Faixa contínua;;
202222302,0;2022-09-20;;2;FINALIZADA;BOA VIAGEM;AV BOA VIAGEM;118,0;;APÓS O SEMÁFORO Nº 118;BOA VIAGEM;118,0;CIDADE;COLISÃO TRASEIRA;2,0;0,0;0,0;0,0;0,0;0,0;0,0;1,0;0,0;0,0;0,0;Longo da via;Bom;Sem defeito;Perfeito estado;Seca;Perfeito estado;Faixa de pedestre;R-6a;60 km/h;Única;Faixa seccionada;;
202222314,0;2022-09-20;;1;FINALIZADA;CASA AMARELA;EST DO ARRAIAL;4834,0;;COLÉGIO PROF MILO PEREIRA;CASA AMARELA;;;COLISÃO LATERAL;1,0;1,0;0,0;0,0;0,0;0,0;0,0;0,0;0,0;1,0;0,0;Longo da via;Bom;Não existe;Incompleta;Seca;Perfeito estado;Não existe;Outras;;Única;Não existe;;
202222325,0;2022-09-20;;1;FINALIZADA;JOANA BEZERRA;AV DES GUERRA BARRETO;;;EM FRENTE AO FORUM JOANA BEZERRA;JOANA BEZERRA;38,0;CIDADE;COLISÃO LATERAL;1,0;1,0;0,0;0,0;0,0;0,0;0,0;0,0;0,0;1,0;0,0;Longo da via;Bom;Sem defeito;Perfeito estado;Seca;Perfeito estado;Faixa de pedestre;Outras;;Dupla;Faixa contínua;;
202222333,0;2022-09-20;;1;FINALIZADA;DERBY;AV GOVERNADOR AGAMENON MAGALHAES;;;EM FRENTE A CLINICA JOSE ROCHA DE SÁ;DERBY;68,0;;COLISÃO LATERAL;1,0;1,0;0,0;0,0;0,0;0,0;0,0;0,0;0,0;1,0;0,0;Longo da via;Bom;Sem defeito;Perfeito estado;Seca;Perfeito estado;Não existe;Outras;60 km/h;Dupla;Canal;;
202222340,0;2022-09-20;;2;FINALIZADA;BAIRRO DO RECIFE;CAIS DO APOLO;;;SEMÁFORO 019;BAIRRO DO RECIFE;19,0;SUBURBIO;;2,0;0,0;0,0;0,0;0,0;0,0;0,0;0,0;1,0;0,0;0,0;Longo da via;Bom;Sem defeito;Perfeito estado;Seca;Perfeito estado;Não existe;Outras;;Dupla;Canteiro central;;
202222343,0;2022-09-20;;1;FINALIZADA;IMBIRIBEIRA;RUA ITACARI;301,0;;POR TRÁS DO BANCO ITAU DA IMBIRIBEIRA;IMBIRIBEIRA;;;COLISÃO FRONTAL;1,0;1,0;0,0;0,0;0,0;0,0;0,0;0,0;0,0;1,0;0,0;Cruzamento;Bom;Não existe;Perfeito estado;Seca;Perfeito estado;Faixa de pedestre;"Placas ""Pare""";40 km/h;;Faixa contínua;;
202222345,0;2022-09-20;;1;FINALIZADA;MADALENA;AV BEIRA RIO;701,0;RUA JOSE OSORIO;SEMÁFORO 387;MADALENA;;SUBURBIO;ATROPELAMENTO DE PESSOA;1,0;0,0;0,0;0,0;1,0;0,0;0,0;0,0;0,0;1,0;0,0;Longo da via;Bom;Sem defeito;Perfeito estado;Seca;Perfeito estado;Faixa de pedestre;Outras;40 km/h;Dupla;Faixa contínua;;
202222349,0;2022-09-20;;2;FINALIZADA;ESPINHEIRO;RUA BARAO DE ITAMARACA;;;SUPERMERCADO SOBERANO;ESPINHEIRO;;SUBURBIO;COLISÃO FRONTAL;2,0;0,0;0,0;0,0;0,0;0,0;0,0;0,0;0,0;0,0;0,0;Longo da via;Bom;Não existe;Perfeito estado;Seca;Perfeito estado;Não existe;Outras;30 km/h;Dupla;Não existe;;
202222350,0;2022-09-20;;2;FINALIZADA;BOA VIAGEM;RUA CORONEL ANIZIO RODRIGUES COELHO;66,0;RUA DES JOAO PAES;;BOA VIAGEM;;SUBURBIO;COLISÃO TRANSVERSAL;2,0;0,0;0,0;0,0;0,0;0,0;0,0;0,0;0,0;0,0;0,0;Cruzamento;Bom;Sem defeito;Perfeito estado;Seca;Perfeito estado;Faixa de pedestre;"Placas ""Pare""";;Única;Não existe;;
202222366,0;2022-09-20;;1;CANCELADA;IPSEP;AV RECIFE;;;EM FRENTE  AO POSTO SHEL - SAIDA DO IBURA;IPSEP;55,0;;COLISÃO LATERAL;0,0;2,0;0,0;0,0;0,0;0,0;0,0;0,0;0,0;1,0;0,0;;;;;;;;;;;;;
202222372,0;2022-09-21;;1;FINALIZADA;BAIRRO DO RECIFE;PTE GIRATORIA;;;PRÓX. AO ARMAZÉM 14 / SENTIDO BOA VIAGEM;BAIRRO DO RECIFE;;;COLISÃO TRASEIRA;1,0;1,0;0,0;0,0;0,0;0,0;0,0;0,0;0,0;1,0;0,0;Longo da via;Bom;Não existe;Perfeito estado;Seca;Perfeito estado;Não existe;Não há placas;;Dupla;Canteiro central;;
202222411,0;2022-09-21;;1;FINALIZADA;AREIAS;AV DR JOSE RUFINO;841,0;;VIADULTO DA AV. RECIFE, EM FRENTE AO CENTRO DE TREINAMENTO DA HONDA;AREIAS;;;COLISÃO LATERAL;1,0;1,0;0,0;0,0;0,0;0,0;0,0;0,0;0,0;1,0;0,0;Longo da via;Bom;Não existe;Perfeito estado;Seca;Perfeito estado;Não existe;Não há placas;50 km/h;Dupla;Faixa contínua;;
202222426,0;2022-09-21;;1;FINALIZADA;JOANA BEZERRA;VDO PAPA JOAO PAULO II;;;ANTES DO FORUM DE JOANA BEZERRA / NO VIADUTO;JOANA BEZERRA;;;COLISÃO TRASEIRA;1,0;1,0;0,0;0,0;0,0;0,0;0,0;0,0;0,0;1,0;0,0;Longo da via;Bom;Não existe;Perfeito estado;Seca;Perfeito estado;Não existe;Não há placas;60 km/h;Única;;;
202222431,0;2022-09-21;;2;FINALIZADA;DOIS IRMÃOS;PRC FARIAS NEVES;1314,0;;EM FRENTE A COMPESA;DOIS IRMÃOS;;;;1,0;1,0;0,0;0,0;0,0;0,0;0,0;0,0;0,0;0,0;0,0;Longo da via;Bom;Não existe;Incompleta;Seca;Mal conservada;Outros;Outras;;Única;Não existe;;
202222432,0;2022-09-21;;1;CANCELADA;BOA VIAGEM;RUA MARIA CAROLINA;671,0;;EM FRENTE AO HOTEL BEACH CLASS;BOA VIAGEM;;;COLISÃO FRONTAL;0,0;2,0;0,0;0,0;0,0;0,0;0,0;0,0;0,0;1,0;0,0;;;;;;;;;;;;;
202222444,0;2022-09-21;;1;FINALIZADA;VÁRZEA;AV CAXANGA;;;EM FRENTE AO GOLF CLUBE;VÁRZEA;;SUBURBIO;COLISÃO TRASEIRA;1,0;1,0;0,0;0,0;0,0;0,0;0,0;0,0;0,0;1,0;0,0;Longo da via;Bom;Sem defeito;Perfeito estado;Seca;Perfeito estado;Não existe;R-19;60 km/h;Dupla;Faixa seccionada;;
202222446,0;2022-09-21;;2;CANCELADA;TORRE;RUA MARCOS ANDRE;;;EM FRENTE AO CARREFOUR;TORRE;;;COLISÃO TRASEIRA;1,0;0,0;0,0;0,0;0,0;0,0;0,0;0,0;0,0;0,0;0,0;;;;;;;;;;;;;
202222457,0;2022-09-21;;1;FINALIZADA;SÃO JOSÉ;AV MARTINS DE BARROS;;;DENTRO DO CAIS DE SANTA RITA;SÃO JOSÉ;;;ATROPELAMENTO DE PESSOA;0,0;0,0;0,0;0,0;1,0;1,0;0,0;0,0;0,0;1,0;0,0;Longo da via;Bom;Não existe;Perfeito estado;Seca;Perfeito estado;Não existe;Não há placas;;Única;Não existe;;
202222458,0;2022-09-21;;1;FINALIZADA;IPSEP;AV RECIFE;;;EM FRENTE HOSPTIAL PÃO DE AREIAS;IPSEP;;SUBURBIO;COLISÃO LATERAL;1,0;1,0;0,0;0,0;0,0;0,0;0,0;0,0;0,0;1,0;0,0;Longo da via;Bom;Não existe;Perfeito estado;Seca;Perfeito estado;Não existe;Não há placas;60 km/h;Dupla;Canteiro central;;
202222459,0;2022-09-21;;1;FINALIZADA;IMBIRIBEIRA;RUA ENGENHEIRO JOSE BRANDAO CAVALCANTE;95,0;;LOJA DE PEÇAS ATOMAX;IMBIRIBEIRA;;;COLISÃO LATERAL;1,0;1,0;0,0;0,0;0,0;0,0;0,0;0,0;0,0;1,0;0,0;;;;;;;;;;;;;
202222469,0;2022-09-21;;1;FINALIZADA;TORRE;RUA PADRE LANDIM;405,0;RUA DOM MANOEL DA COSTA;;TORRE;;;COLISÃO LATERAL;0,0;2,0;0,0;0,0;0,0;0,0;0,0;0,0;0,0;3,0;0,0;Cruzamento;Bom;Sem defeito;Perfeito estado;Seca;Perfeito estado;Outros;"Placas ""Pare""";;Única;Outros;;
202222498,0;2022-09-22;;1;CANCELADA;TAMARINEIRA;AV PROFESSOR JOSE DOS ANJOS;157,0;;PRÓX. AO SESC;TAMARINEIRA;;;QUEDA;0,0;1,0;0,0;0,0;0,0;0,0;0,0;0,0;0,0;1,0;0,0;;;;;;;;;;;;;
202222502,0;2022-09-22;;1;FINALIZADA;ÁGUA FRIA;AV BEBERIBE;;;EM FRENTE À FEIRA NOVA DE ÁGUA FRIA;ÁGUA FRIA;405,0;SUBURBIO;COLISÃO LATERAL;1,0;1,0;0,0;0,0;0,0;0,0;0,0;0,0;0,0;1,0;0,0;Cruzamento;Bom;Sem defeito;Perfeito estado;Seca;Perfeito estado;Faixa de retenção;Não há placas;60 km/h;Única;Faixa contínua;;
202222505,0;2022-09-22;;1;FINALIZADA;IMBIRIBEIRA;AV PRESIDENTE DUTRA;347,0;;APÓS O RESTAURANTE SAL E BRASA;IMBIRIBEIRA;;;COLISÃO COM CICLISTA;0,0;1,0;0,0;1,0;0,0;0,0;0,0;0,0;0,0;1,0;0,0;Longo da via;Bom;Não existe;Perfeito estado;Seca;Perfeito estado;Não existe;Outras;;Dupla;Canteiro central;;
202222521,0;2022-09-22;;2;FINALIZADA;IMBIRIBEIRA;AV MARECHAL MASCARENHAS DE MORAES;2314,0;;APÓS A BATERIA MOURA;IMBIRIBEIRA;631,0;SUBURBIO;COLISÃO TRASEIRA;1,0;1,0;0,0;0,0;0,0;0,0;0,0;0,0;0,0;0,0;0,0;Longo da via;Bom;Sem defeito;Perfeito estado;Seca;Perfeito estado;Não existe;R-4b;;Única;Faixa contínua;;
202222549,0;2022-09-22;;1;FINALIZADA;CAXANGÁ;AV CAXANGA;;;PROX AO GOOF CLUBE;CAXANGÁ;;CIDADE;COLISÃO LATERAL;0,0;2,0;0,0;0,0;0,0;0,0;0,0;0,0;0,0;3,0;0,0;Longo da via;Bom;Não existe;Perfeito estado;Molhada;Perfeito estado;Não existe;Não há placas;;Única;Faixa seccionada;;
202222574,0;2022-09-22;;1;FINALIZADA;IMBIRIBEIRA;RUA ITACARI;;;EM FRENTE A WJ GÁS NATURAL;IMBIRIBEIRA;;;COLISÃO LATERAL;2,0;1,0;0,0;0,0;0,0;0,0;0,0;0,0;0,0;1,0;0,0;Cruzamento;Bom;Não existe;Ilegível;Seca;Mal iluminada;Não existe;"Placas ""Pare""";40 km/h;Única;Faixa seccionada;;
202222585,0;2022-09-23;;1;FINALIZADA;TORRE;AV BEIRA RIO;1305,0;;EM FRENTE AO MARTELINHO DE OURO;TORRE;;;COLISÃO LATERAL;1,0;1,0;0,0;0,0;0,0;0,0;0,0;0,0;0,0;1,0;0,0;Longo da via;Bom;Não existe;Perfeito estado;Seca;Perfeito estado;Não existe;Não há placas;40 km/h;Dupla;Faixa contínua;;
202222587,0;2022-09-23;;1;FINALIZADA;ILHA JOANA BEZERRA;VIADUTO CAPITAO TEMUDO;;;EM CIMA DO VIADUTO / SENTIDO BOA VIAGEM;ILHA JOANA BEZERRA;;;CHOQUE;1,0;0,0;0,0;0,0;0,0;0,0;0,0;0,0;0,0;1,0;0,0;Viaduto;Bom;Não existe;Perfeito estado;Seca;Perfeito estado;Não existe;Não há placas;;Dupla;Outros;;
202222589,0;2022-09-23;;1;FINALIZADA;BEBERIBE;AV BEBERIBE;581,0;;BAR BATE PAPO / CANAL DA CONSTRUÇÃO;BEBERIBE;;;COLISÃO LATERAL;1,0;1,0;0,0;0,0;0,0;0,0;0,0;0,0;0,0;3,0;0,0;Cruzamento;Bom;Sem defeito;Perfeito estado;Seca;Mal conservada;Faixa de pedestre;Outras;;Dupla;Não existe;;
202222610,0;2022-09-23;;1;FINALIZADA;SAN MARTIN;AV GENERAL SAN MARTIN;2347,0;;EM FRENTE AO RESTAURANTE XODÓ NORDESTINO;SAN MARTIN;;;COLISÃO TRASEIRA;1,0;1,0;0,0;0,0;0,0;0,0;0,0;0,0;0,0;1,0;0,0;Longo da via;Bom;Não existe;Perfeito estado;Seca;Perfeito estado;Não existe;Não há placas;30 km/h;Dupla;Não existe;;
202222628,0;2022-09-23;;1;FINALIZADA;BOA VIAGEM;AV ENGENHEIRO DOMINGOS FERREIRA;2965,0;;AO LADO DO BANCO DO NORDESTE;BOA VIAGEM;;;COLISÃO LATERAL;1,0;1,0;0,0;0,0;0,0;0,0;0,0;0,0;0,0;1,0;0,0;Longo da via;Bom;Sem defeito;Perfeito estado;Seca;Perfeito estado;Não existe;Não há placas;;Única;Faixa seccionada;;
202222639,0;2022-09-23;;1;FINALIZADA;BOA VIAGEM;AV ENGENHEIRO DOMINGOS FERREIRA;;RUA PADRE CARAPUCEIRO;EM FRENTE FRISABOR;BOA VIAGEM;;SUBURBIO;ATROPELAMENTO DE PESSOA;0,0;0,0;0,0;0,0;1,0;1,0;0,0;0,0;0,0;1,0;0,0;Longo da via;Bom;Sem defeito;Perfeito estado;Seca;Perfeito estado;Faixa de pedestre;Não há placas;;Única;Não existe;;
202222647,0;2022-09-23;;1;FINALIZADA;JARDIM SÃO PAULO;RUA LORENA;93,0;;PROX ACADEMIA WM;JARDIM SÃO PAULO;;;COLISÃO FRONTAL;1,0;1,0;0,0;0,0;0,0;0,0;0,0;0,0;0,0;1,0;0,0;Cruzamento;Bom;Não existe;Incompleta;Seca;Perfeito estado;Não existe;"Placas ""Pare""";;;;Não existe;
202222648,0;2022-09-23;;1;FINALIZADA;DERBY;AV GOVERNADOR AGAMENON MAGALHAES;;RUA HENRIQUE DIAS;;DERBY;68,0;;COLISÃO LATERAL;0,0;2,0;0,0;0,0;0,0;0,0;0,0;0,0;0,0;2,0;0,0;Cruzamento;Bom;Sem defeito;Perfeito estado;Seca;Perfeito estado;Faixa de pedestre;Não há placas;60 km/h;Única;Canal;;
202222651,0;2022-09-23;;1;CANCELADA;AREIAS;AV RECIFE;;;EM FRENTE AO RESTAURANTE PAJUÇARA;AREIAS;;SUBURBIO;COLISÃO COM CICLISTA;0,0;1,0;0,0;1,0;0,0;0,0;0,0;0,0;0,0;3,0;0,0;;;;;;;;;;;;;
202222667,0;2022-09-23;;1;CANCELADA;BOMBA DO HEMETÉRIO;RUA CHA DE ALEGRIA;115,0;;;BOMBA DO HEMETÉRIO;;;COLISÃO FRONTAL;0,0;0,0;0,0;0,0;0,0;0,0;0,0;0,0;0,0;1,0;0,0;;;;;;;;;;;;;
202222669,0;2022-09-24;;1;FINALIZADA;PORTO DA MADEIRA;AV BEBERIBE;;;RESIDENCIAL JOÃO PAULO II;PORTO DA MADEIRA;;;COLISÃO LATERAL;0,0;2,0;0,0;0,0;0,0;0,0;0,0;0,0;0,0;2,0;0,0;Longo da via;Bom;;Perfeito estado;Seca;Perfeito estado;Outros;Outras;;Dupla;Faixa seccionada;;
202222692,0;2022-09-24;;1;FINALIZADA;PAISSANDU;AV GOVERNADOR AGAMENON MAGALHAES;;;EM FRENTE AO HOSPITAL PORTUGUES, SENTIDO BOA VIAGEM - DERBY;PAISSANDU;;;ATROPELAMENTO DE PESSOA;0,0;0,0;0,0;0,0;1,0;0,0;1,0;0,0;0,0;1,0;0,0;Longo da via;Bom;Sem defeito;Perfeito estado;Seca;Perfeito estado;Faixa de pedestre;R-6a;;Dupla;Canteiro central;;