Protocolo;data;hora;natureza;situacao;bairro;endereco;numero;detalhe_endereco_acidente;complemento;bairro_cruzamento;num_semaforo;sentido_via;tipo;auto;moto;ciclom;ciclista;pedestre;onibus;caminhao;viatura;outros;vitimas;vitimasfatais;acidente_verificado;tempo_clima;situacao_semaforo;sinalizacao;condicao_via;conservacao_via;ponto_controle;situacao_placa;velocidade_max_via;mao_direcao;divisao_via1;divisao_via2;divisao_via3
202224208,0;2022-10-12;;2;FINALIZADA;BOA VISTA;AV JOAO DE BARROS;;;EM FRENTE A NEOENERGIA;BOA VISTA;;CIDADE;;1,0;0,0;0,0;0,0;0,0;0,0;0,0;0,0;1,0;0,0;0,0;Longo da via;Bom;Não existe;Perfeito estado;Seca;Perfeito estado;Não existe;Outras;;Única;Não existe;;
202224249,0;2022-10-12;;1;FINALIZADA;SANCHO;RUA APRIGIO GUIMARAES;466,0;;EM FRENTE AO ZEZINHO BOMBONS;SANCHO;;SUBURBIO;COLISÃO LATERAL;1,0;1,0;0,0;0,0;0,0;0,0;0,0;0,0;0,0;1,0;0,0;Longo da via;Bom;Não existe;Perfeito estado;Seca;Perfeito estado;Não existe;"Placas ""Pare""";;Dupla;Não existe;;
202224267,0;2022-10-12;;2;CANCELADA;BOA VIAGEM;RUA BALTAZAR PASSOS;;;EM FRENTE A PADARIA PAN JOVEM;BOA VIAGEM;;;COLISÃO TRANSVERSAL;0,0;0,0;0,0;0,0;0,0;0,0;0,0;0,0;0,0;0,0;0,0;;;;;;;;;;;;;
202224269,0;2022-10-12;;2;CANCELADA;IBURA;AV DOIS RIOS;;;EM FRENTE AO POSTO BR;IBURA;;;ATROPELAMENTO DE ANIMAL;0,0;0,0;0,0;0,0;0,0;0,0;0,0;0,0;0,0;0,0;0,0;;;;;;;;;;;;;
202224274,0;2022-10-12;;1;FINALIZADA;FUNDÃO;RUA CORONEL URBANO RIBEIRO DE SENA;466,0;;DO LADO DA BARRIGUDA;FUNDÃO;;;COLISÃO LATERAL;0,0;2,0;0,0;0,0;0,0;0,0;0,0;0,0;0,0;1,0;0,0;Longo da via;Bom;Não existe;Perfeito estado;Seca;Perfeito estado;;R-6a;30 km/h;Dupla;Não existe;;
202224289,0;2022-10-13;;1;FINALIZADA;BEBERIBE;AV BEBERIBE;247,0;;EM FRENTE AO COMERCIAL BECHARA;BEBERIBE;;CIDADE;COLISÃO LATERAL;1,0;1,0;0,0;0,0;0,0;0,0;0,0;0,0;0,0;1,0;0,0;Longo da via;Bom;Não existe;Perfeito estado;Seca;Perfeito estado;Não existe;Não há placas;;Única;Faixa contínua;;
202224297,0;2022-10-13;;2;FINALIZADA;IPSEP;RUA FRANCISCO BARRETO;303,0;;COLISÃO 2 ENTRE AUTO E ONIBUS;IPSEP;;;COLISÃO TRASEIRA;1,0;0,0;0,0;0,0;0,0;1,0;0,0;0,0;0,0;0,0;0,0;;;;;;;;;;;;;
202224333,0;2022-10-13;;1;FINALIZADA;SÃO JOSÉ;AV DANTAS BARRETO;;RUA SAO JOAO;;SÃO JOSÉ;;;ATROPELAMENTO DE PESSOA;0,0;1,0;0,0;0,0;1,0;0,0;0,0;0,0;0,0;1,0;0,0;Cruzamento;Chuvoso;Sem defeito;Perfeito estado;Molhada;Perfeito estado;Faixa de pedestre;Não há placas;;Dupla;Faixa;;
202224338,0;2022-10-13;;2;FINALIZADA;SANTO ANTÔNIO;CAIS DO APOLO;;PTE CONDE MAURICIO DE NASSAU;;SANTO ANTÔNIO;;;TOMBAMENTO;0,0;0,0;0,0;0,0;0,0;0,0;0,0;1,0;0,0;0,0;0,0;;;;;;;;;;;;;
202224339,0;2022-10-13;;2;FINALIZADA;SANTO ANTÔNIO;PRC DA REPUBLICA;;;AO LADO DO TEATRO SANTA ISABEL;SANTO ANTÔNIO;;CIDADE;;0,0;1,0;0,0;0,0;0,0;0,0;0,0;0,0;0,0;0,0;0,0;Longo da via;Bom;Não existe;Perfeito estado;Seca;Perfeito estado;Não existe;Não há placas;;Única;;;
202224359,0;2022-10-13;;1;FINALIZADA;BOA VIAGEM;RUA VISCONDE DE JEQUITINHONHA;;;OPOSTO A DIPLOMATA;BOA VIAGEM;;SUBURBIO;ATROPELAMENTO DE PESSOA;1,0;0,0;0,0;0,0;1,0;0,0;0,0;0,0;0,0;1,0;0,0;Longo da via;Bom;Com defeito;Perfeito estado;Seca;Perfeito estado;Agente;Não há placas;;Única;Faixa seccionada;;
202224362,0;2022-10-13;;1;FINALIZADA;ESPINHEIRO;AV NORTE MIGUEL ARRAES DE ALENCAR;2215,0;RUA ALFREDO DE CASTRO;NO SEMÁFORO 665;ESPINHEIRO;665,0;CIDADE;COLISÃO TRASEIRA;1,0;1,0;0,0;0,0;0,0;0,0;0,0;0,0;0,0;1,0;0,0;Cruzamento;Bom;Sem defeito;Perfeito estado;Seca;Perfeito estado;Faixa de pedestre;Não há placas;40 km/h;Única;Não existe;;
202224371,0;2022-10-13;;2;FINALIZADA;CASA FORTE;EST DAS UBAIAS;;EST DO ENCANAMENTO;DROGASIL;CASA FORTE;;;COLISÃO TRASEIRA;3,0;0,0;0,0;0,0;0,0;0,0;0,0;0,0;0,0;0,0;0,0;;;;;;;;;;;;;
202224374,0;2022-10-13;;1;FINALIZADA;JARDIM SÃO PAULO;AV RECIFE;;;NA ENTRADA DE JARDIM SÃO PAULO;JARDIM SÃO PAULO;259,0;;COLISÃO FRONTAL;1,0;1,0;0,0;0,0;0,0;0,0;0,0;0,0;0,0;2,0;0,0;Longo da via;Bom;Sem defeito;Perfeito estado;Seca;Perfeito estado;Não existe;Não há placas;60 km/h;Dupla;Canteiro central;;
202224376,0;2022-10-14;;2;FINALIZADA;JORDÃO;RUA DR ALVARO FERRAZ;71,0;;TERMINAL DE JORDÃO BAIXO;JORDÃO;;;CAPOTAMENTO;1,0;0,0;0,0;0,0;0,0;0,0;0,0;0,0;0,0;0,0;0,0;;;;;;;;;;;;;
202224430,0;2022-10-14;;2;CANCELADA;BOA VIAGEM;RUA PADRE CARAPUCEIRO;;;PRÓX. AO SHOPPING RECIFE / EM FRENTE À McDONALD'S;BOA VIAGEM;;;COLISÃO TRASEIRA;0,0;0,0;0,0;0,0;0,0;0,0;1,0;1,0;0,0;0,0;0,0;;;;;;;;;;;;;
202224436,0;2022-10-14;;1;FINALIZADA;GRAÇAS;AV GOVERNADOR AGAMENON MAGALHAES;;RUA DR BANDEIRA FILHO;PROX AO CLUBE PORTUGUES;GRAÇAS;;SUBURBIO / BOA VIAGEM;ATROPELAMENTO DE PESSOA;0,0;1,0;0,0;0,0;1,0;0,0;0,0;0,0;0,0;1,0;0,0;Longo da via;Bom;Sem defeito;Perfeito estado;Seca;Perfeito estado;;Não há placas;60 km/h;Dupla;Canal;;
202224451,0;2022-10-14;;1;FINALIZADA;BOA VISTA;AV CONDE DA BOA VISTA;;RUA DOM BOSCO;PROX AO SEMÁFORO 027;BOA VISTA;27,0;SUBURBIO;COLISÃO COM CICLISTA;0,0;0,0;0,0;1,0;0,0;1,0;0,0;0,0;0,0;1,0;0,0;Longo da via;Bom;Sem defeito;Perfeito estado;Seca;Perfeito estado;Faixa de pedestre;Não há placas;60 km/h;Dupla;Canteiro central;;
202224469,0;2022-10-14;;1;FINALIZADA;AFOGADOS;RUA SAO MIGUEL;1516,0;;LADO OPOSTO AO ARMAZEM CORAL;AFOGADOS;;SUBURBIO;COLISÃO TRANSVERSAL;0,0;0,0;0,0;0,0;0,0;2,0;0,0;0,0;0,0;1,0;0,0;Longo da via;Bom;Não existe;Não existente;Seca;Perfeito estado;;;;Dupla;Faixa contínua;;
202224470,0;2022-10-14;;1;FINALIZADA;IPUTINGA;AV CAXANGA;;;LADO OPOSTO AO  JBS VEICULOS;IPUTINGA;;CIDADE;COLISÃO TRASEIRA;1,0;0,0;0,0;0,0;1,0;0,0;0,0;0,0;0,0;1,0;0,0;Longo da via;Bom;Não existe;Perfeito estado;Seca;Perfeito estado;Não existe;R-6a;;Dupla;Canteiro central;;
202224472,0;2022-10-14;;1;FINALIZADA;BOA VIAGEM;AVENIDA CELSO FURTADO (VIA MANGUE);;;NA FINAL DA VIA MANGUE SENTIDO BOA VIAGEM;BOA VIAGEM;;SUBURBIO;COLISÃO LATERAL;1,0;1,0;0,0;0,0;0,0;0,0;0,0;0,0;0,0;1,0;0,0;Viaduto;Bom;Não existe;Perfeito estado;Seca;Perfeito estado;Não existe;Não há placas;60 km/h;Única;Faixa contínua;Faixa seccionada;
202224484,0;2022-10-15;;2;FINALIZADA;BOA VIAGEM;AV BOA VIAGEM;5426,0;;EM FRENTE AO HOTEL ATLANTE PLAZA;BOA VIAGEM;;;CHOQUE;1,0;0,0;0,0;0,0;0,0;1,0;0,0;0,0;0,0;0,0;0,0;;;;;;;;;;;;;
202224486,0;2022-10-15;;1;FINALIZADA;BOA VIAGEM;RUA PEDRO PAES MENDONCA;140,0;;AO LADO DO BIG BOMPREÇO;BOA VIAGEM;;;COLISÃO LATERAL;1,0;1,0;0,0;0,0;0,0;0,0;0,0;0,0;0,0;1,0;0,0;Longo da via;Chuvoso;Não existe;Perfeito estado;Molhada;Perfeito estado;Não existe;R-6a;;Única;Faixa seccionada;;
202224531,0;2022-10-15;;1;CANCELADA;PINA;AV CONSELHEIRO AGUIAR;321,0;;E/F A GALERIA PORTO FINO;PINA;;;COLISÃO LATERAL;1,0;1,0;0,0;0,0;0,0;0,0;0,0;0,0;0,0;1,0;0,0;;;;;;;;;;;;;
202224539,0;2022-10-15;;1;FINALIZADA;BOA VIAGEM;AV CONSELHEIRO AGUIAR;;RUA ARTUR MUNIZ;COLISÃO ENTRE DOIS VEÍCULOS COM UMA VÍTIMA;BOA VIAGEM;;CIDADE;COLISÃO TRANSVERSAL;1,0;1,0;0,0;0,0;0,0;0,0;0,0;0,0;0,0;1,0;0,0;Cruzamento;Bom;Sem defeito;Perfeito estado;Seca;Perfeito estado;Faixa de pedestre;Outras;60 km/h;Única;Faixa seccionada;;
202224542,0;2022-10-15;;1;FINALIZADA;BAIRRO DO RECIFE;AV ALFREDO LISBOA;;;LADO OPOST AO ARMAZEM 13;BAIRRO DO RECIFE;;SUBURBIO;COLISÃO FRONTAL;1,0;1,0;0,0;0,0;0,0;0,0;0,0;0,0;0,0;1,0;0,0;Longo da via;Bom;Não existe;Perfeito estado;Seca;Perfeito estado;Outros;Outras;30 km/h;Única;Não existe;;
202224545,0;2022-10-15;;1;FINALIZADA;MADALENA;RUA EUCLIDES DA CUNHA;;;EM FRENTE AO INTERNACIONAL;MADALENA;;;COLISÃO FRONTAL;1,0;1,0;0,0;0,0;0,0;0,0;0,0;0,0;0,0;1,0;0,0;Cruzamento;Bom;Sem defeito;Perfeito estado;Seca;Mal conservada;;;;Dupla;Canteiro central;;
202224560,0;2022-10-16;;1;FINALIZADA;BOA VIAGEM;AV BOA VIAGEM;618,0;RUA VICENCIA;HOTEL ATLANTE PLAZA;BOA VIAGEM;;;COLISÃO TRASEIRA;2,0;0,0;0,0;0,0;0,0;0,0;0,0;0,0;0,0;1,0;0,0;Longo da via;Bom;Não existe;Perfeito estado;Seca;Perfeito estado;Não existe;Não há placas;60 km/h;Única;Faixa seccionada;;
202224586,0;2022-10-16;;2;FINALIZADA;CORDEIRO;RUA MAURICIO DE NASSAU;5,0;;PROXIMO AO GOE;CORDEIRO;;SUBURBIO;COLISÃO TRASEIRA;3,0;0,0;0,0;0,0;0,0;0,0;0,0;0,0;0,0;0,0;0,0;Longo da via;Bom;Sem defeito;Perfeito estado;Seca;;Faixa de pedestre;Não há placas;;Dupla;Não existe;;
202224602,0;2022-10-16;;1;FINALIZADA;PORTO DA MADEIRA;RUA DALVA DE OLIVEIRA;269,0;;EM FRENTE A IGREJA BATISTA DO VALE;PORTO DA MADEIRA;;;COLISÃO TRASEIRA;1,0;1,0;0,0;0,0;0,0;0,0;0,0;0,0;0,0;1,0;0,0;Cruzamento;Bom;Não existe;Não existente;Seca;Perfeito estado;Não existe;Não há placas;60 km/h;Dupla;Não existe;;
202224624,0;2022-10-17;;1;FINALIZADA;SANTO AMARO;AV CRUZ CABUGA;;AV DR JAYME DA FONTE;SECRETARIA DA FAZENDA;SANTO AMARO;343,0;;ENGAVETAMENTO;3,0;0,0;0,0;0,0;0,0;0,0;0,0;0,0;0,0;1,0;0,0;Longo da via;Bom;Sem defeito;Perfeito estado;Seca;Perfeito estado;Faixa de pedestre;R-6a;;Dupla;Faixa seccionada;;
202224626,0;2022-10-17;;1;FINALIZADA;ILHA DO LEITE;AV FREI MATIAS TEVES;;RUA SENADOR JOSE HENRIQUE;ATRÁS DO Albert  Einstein / EMPRESARIAL CHARLES DARWIN;ILHA DO LEITE;;;COLISÃO TRASEIRA;1,0;1,0;0,0;0,0;0,0;0,0;0,0;0,0;0,0;1,0;0,0;Cruzamento;Bom;Não existe;Perfeito estado;Seca;Perfeito estado;;R-6a;;Única;Faixa contínua;Faixa seccionada;
202224641,0;2022-10-17;;1;FINALIZADA;BOMBA DO HEMETÉRIO;RUA CHA DE ALEGRIA;115,0;;COLÉGIO MARDONIO COELHO;BOMBA DO HEMETÉRIO;;;COLISÃO LATERAL;1,0;1,0;0,0;0,0;0,0;0,0;0,0;0,0;0,0;1,0;0,0;Longo da via;Bom;Não existe;Não existente;Seca;Perfeito estado;Não existe;Não há placas;;Dupla;Não existe;;
202224643,0;2022-10-17;;2;FINALIZADA;BOA VIAGEM;AV BOA VIAGEM;1252,0;;PRÓXIMO AO PRIMEIRO JARDIM;BOA VIAGEM;;CIDADE;;1,0;0,0;0,0;0,0;0,0;0,0;0,0;1,0;0,0;0,0;0,0;Longo da via;Bom;Não existe;Perfeito estado;Seca;Perfeito estado;Não existe;R-6a;;Única;Faixa seccionada;;
202224649,0;2022-10-17;;1;FINALIZADA;AFOGADOS;AV SUL;;;PISTA PRINCIPAL;AFOGADOS;205,0;;COLISÃO COM CICLISTA;0,0;0,0;0,0;1,0;0,0;1,0;0,0;0,0;0,0;1,0;0,0;Longo da via;Bom;Não existe;Perfeito estado;Seca;Perfeito estado;Não existe;Não há placas;;Dupla;Canteiro central;;
202224662,0;2022-10-17;;1;FINALIZADA;ARRUDA;AV BEBERIBE;284,0;;EM FRENTE AO LAR ESPÍRITA LUZ E AMOR E TBM ESQUINA DO BANCO DO BRASIL;ARRUDA;;;QUEDA;0,0;1,0;0,0;0,0;0,0;0,0;0,0;0,0;0,0;1,0;0,0;Longo da via;Bom;Não existe;Perfeito estado;Seca;Perfeito estado;Não existe;R-6a;;Dupla;Faixa seccionada;;
202224666,0;2022-10-17;;1;FINALIZADA;SANTO AMARO;AV CRUZ CABUGA;;RUA PEDRO AFONSO;PRÓXIMO A CTTU;SANTO AMARO;674,0;;CHOQUE;1,0;0,0;0,0;0,0;0,0;0,0;0,0;0,0;0,0;1,0;0,0;Cruzamento;Bom;Sem defeito;Perfeito estado;Seca;Perfeito estado;Faixa de pedestre;Não há placas;;Dupla;Faixa contínua;;
202224692,0;2022-10-18;;2;FINALIZADA;CASA AMARELA;AV NORTE MIGUEL ARRAES DE ALENCAR;6586,0;;;CASA AMARELA;;SUBURBIO;;2,0;0,0;0,0;0,0;0,0;0,0;0,0;0,0;0,0;0,0;0,0;Longo da via;Bom;Não existe;Perfeito estado;Seca;Perfeito estado;Não existe;Outras;50 km/h;Dupla;Canteiro central;;
202224693,0;2022-10-18;;1;FINALIZADA;JOANA BEZERRA;VIADUTO CAPITAO TEMUDO;;;EM CIMA DO VIADUTO, SENTIDO BOA VIAGEM;JOANA BEZERRA;;SUBURBIO;COLISÃO LATERAL;1,0;1,0;0,0;0,0;0,0;0,0;0,0;0,0;0,0;1,0;0,0;Longo da via;Bom;Sem defeito;Perfeito estado;Seca;Perfeito estado;Não existe;Não há placas;60 km/h;Única;Faixa contínua;;
202224699,0;2022-10-18;;1;FINALIZADA;CABANGA;PTE GOVERNADOR PAULO GUERRA;;;AO LADO DA COMPESA;CABANGA;;;COLISÃO LATERAL;0,0;1,0;0,0;0,0;0,0;1,0;0,0;0,0;0,0;1,0;0,0;Ponte;Bom;Não existe;Perfeito estado;Seca;Perfeito estado;Não existe;R-6a;60 km/h;Única;Faixa seccionada;;
202224715,0;2022-10-18;;1;FINALIZADA;BOA VIAGEM;AV BOA VIAGEM;5868,0;;EM FRENTE AO EDF. MANHATTAN;BOA VIAGEM;;CIDADE;COLISÃO FRONTAL;2,0;2,0;0,0;0,0;0,0;0,0;0,0;0,0;0,0;1,0;0,0;Longo da via;Bom;Não existe;Perfeito estado;Seca;Perfeito estado;Não existe;R-19;60 km/h;Única;Faixa seccionada;;
202224741,0;2022-10-18;;1;FINALIZADA;BONGI;AV ENGENHEIRO ABDIAS DE CARVALHO;;;EM FRENTE AO COMPAZ/ SENTIDO BR;BONGI;688,0;;COLISÃO LATERAL;1,0;1,0;0,0;0,0;0,0;0,0;0,0;0,0;0,0;1,0;0,0;Longo da via;Bom;Sem defeito;Incompleta;Seca;Mal conservada;;Não há placas;60 km/h;Única;Não existe;;
202224750,0;2022-10-18;;1;FINALIZADA;BOA VIAGEM;AV DOM JOAO VI;;;NA ENTRADA DO TUNEL DE BOA VIAGEM;BOA VIAGEM;;SUBURBIO;ATROPELAMENTO DE PESSOA;1,0;0,0;0,0;0,0;1,0;0,0;0,0;0,0;0,0;1,0;0,0;;;;;;;;;;;;;
202224753,0;2022-10-19;;1;FINALIZADA;BONGI;RUA COSME VIANA;;EST DO BONGI;IMBIRIBEIRA VICULOS;BONGI;100,0;SUBURBIO;COLISÃO TRANSVERSAL;1,0;1,0;0,0;0,0;0,0;0,0;0,0;0,0;0,0;1,0;0,0;Cruzamento;Bom;Sem defeito;Perfeito estado;Seca;Perfeito estado;Faixa de retenção;Não há placas;60 km/h;Única;Faixa seccionada;;
202224769,0;2022-10-19;;2;CANCELADA;AFOGADOS;AV SUL;;;EM FRENTE AO T.I. LARGO DA PAZ.;AFOGADOS;;;COLISÃO LATERAL;1,0;0,0;0,0;0,0;0,0;0,0;0,0;1,0;0,0;0,0;0,0;;;;;;;;;;;;;
202224770,0;2022-10-19;;1;FINALIZADA;CAXANGÁ;AV CAXANGA;4951,0;;GOLF MOTOS;CAXANGÁ;;;COLISÃO COM CICLISTA;0,0;1,0;0,0;1,0;0,0;0,0;0,0;0,0;0,0;2,0;0,0;Longo da via;Bom;Não existe;Perfeito estado;Seca;Perfeito estado;;;60 km/h;Dupla;;;
202224783,0;2022-10-19;;1;FINALIZADA;SANTO AMARO;RUA AURORA;;RUA ARARIPINA;AO LADO DA SEPLAG;SANTO AMARO;;CIDADE;;0,0;1,0;0,0;0,0;0,0;0,0;0,0;1,0;0,0;1,0;0,0;;Bom;Não existe;Perfeito estado;Seca;Perfeito estado;Não existe;Não há placas;;Única;Faixa seccionada;;
202224789,0;2022-10-19;;1;FINALIZADA;CAXANGÁ;AV CAXANGA;5013,0;;EM FRENTE AO GOLF CLUBE;CAXANGÁ;;SUBURBIO;COLISÃO TRASEIRA;2,0;1,0;0,0;0,0;0,0;0,0;0,0;0,0;0,0;2,0;0,0;Longo da via;Bom;Não existe;Perfeito estado;Seca;Perfeito estado;Não existe;Não há placas;60 km/h;Única;Faixa seccionada;;
202224797,0;2022-10-19;;2;FINALIZADA;;AV GOVERNADOR AGAMENON MAGALHAES;;;SOB A PONTE RAIMUNDO FARIAS;;37,0;CIDADE;;1,0;0,0;0,0;0,0;0,0;0,0;1,0;0,0;0,0;0,0;0,0;Ponte;Bom;Sem defeito;Perfeito estado;Seca;Perfeito estado;Faixa de pedestre;;60 km/h;Única;;;
202224798,0;2022-10-19;;1;FINALIZADA;DERBY;RUA FELICIANO GOMES;;RUA JENER DE SOUZA;PROX. A PRAÇA DO DERBY;DERBY;;SUBURBIO;COLISÃO FRONTAL;1,0;1,0;0,0;0,0;0,0;0,0;0,0;0,0;0,0;1,0;0,0;Cruzamento;Bom;Não existe;Perfeito estado;Seca;Perfeito estado;;Não há placas;;Dupla;Faixa contínua;Faixa seccionada;
202224822,0;2022-10-19;;1;FINALIZADA;BOA VIAGEM;AV ENGENHEIRO DOMINGOS FERREIRA;;RUA TOME GIBSON;E/F A ESCOLA MUNICIPAL OSVALDO LIMA FILHO;BOA VIAGEM;;;COLISÃO LATERAL;1,0;1,0;0,0;0,0;0,0;0,0;0,0;0,0;0,0;1,0;0,0;Longo da via;Bom;Com defeito;Perfeito estado;Seca;Perfeito estado;Faixa de retenção;R-6a;;Única;Faixa seccionada;;
202224845,0;2022-10-20;;1;FINALIZADA;BOA VIAGEM;RUA COSMORAMA;;RUA BALTAZAR PASSOS;SEMAFORO 556, PROX. AO COLEGIO MADRE DE DEUS;BOA VIAGEM;556,0;CIDADE;COLISÃO COM CICLISTA;0,0;0,0;0,0;1,0;0,0;1,0;0,0;0,0;0,0;1,0;0,0;Cruzamento;Bom;Sem defeito;Perfeito estado;Seca;Perfeito estado;Faixa de pedestre;Outras;;Única;Não existe;;
202224857,0;2022-10-20;;1;FINALIZADA;CAXANGÁ;RUA EMILIANO BRAGA;157,0;;ENTRADA DO T.I CDU, EM FRENTE A ESCOLA DESAFIO;CAXANGÁ;;SUBURBIO;COLISÃO FRONTAL;1,0;1,0;0,0;0,0;0,0;0,0;0,0;0,0;0,0;1,0;0,0;Cruzamento;Bom;Não existe;Perfeito estado;Seca;Perfeito estado;Faixa de pedestre;R-6a;;Única;Faixa contínua;;
202224862,0;2022-10-20;;1;FINALIZADA;TORRE;RUA PADRE ANCHIETA;489,0;;PROX AO PÃO DE AÇÚCAR;TORRE;;;ATROPELAMENTO DE PESSOA;1,0;0,0;0,0;0,0;1,0;0,0;0,0;0,0;0,0;1,0;0,0;Longo da via;Bom;Não existe;Perfeito estado;Seca;Perfeito estado;Não existe;Não há placas;;Única;Não existe;;
202224872,0;2022-10-20;;1;FINALIZADA;MADALENA;RUA JOAO IVO DA SILVA;267,0;RUA NOBRE DE LACERDA;EM FRENTE AO POSTO PETROVIA;MADALENA;;SUBURBIO;COLISÃO FRONTAL;1,0;1,0;0,0;0,0;0,0;0,0;0,0;0,0;0,0;1,0;0,0;Longo da via;Bom;Não existe;Perfeito estado;Seca;Perfeito estado;Não existe;Outras;50 km/h;Única;Canteiro central;;
202224886,0;2022-10-20;;1;FINALIZADA;IMBIRIBEIRA;RUA ITACARI;162,0;RUA ITAJAI;POR TRÁS DO BANCO ITAU;IMBIRIBEIRA;;SUBURBIO;COLISÃO LATERAL;0,0;1,0;0,0;0,0;0,0;0,0;1,0;0,0;0,0;1,0;0,0;Cruzamento;Bom;Não existe;Perfeito estado;Seca;Perfeito estado;Faixa de pedestre;Não há placas;40 km/h;Única;;;
202224894,0;2022-10-20;;1;FINALIZADA;BOA VISTA;AV GOVERNADOR AGAMENON MAGALHAES;;AV RUI BARBOSA;;BOA VISTA;37,0;OLINDA;COLISÃO LATERAL;1,0;1,0;0,0;0,0;0,0;0,0;0,0;0,0;0,0;1,0;0,0;Longo da via;Bom;Sem defeito;Perfeito estado;Seca;Perfeito estado;Agente;Outras;60 km/h;Dupla;Faixa seccionada;;
202224918,0;2022-10-21;;1;FINALIZADA;DERBY;AV GOVERNADOR AGAMENON MAGALHAES;;;COM A AV RUI BARBOSA(SEMAFORO Nº037;DERBY;;;COLISÃO TRANSVERSAL;0,0;1,0;0,0;0,0;0,0;0,0;0,0;1,0;0,0;1,0;0,0;Cruzamento;Bom;Sem defeito;Perfeito estado;Seca;Perfeito estado;Faixa de retenção;Não há placas;60 km/h;Única;Faixa seccionada;;
202224921,0;2022-10-21;;1;FINALIZADA;SANTO AMARO;AV CRUZ CABUGA;269,0;;EM FRENTE AO GINÁSIO PERNAMBUCANO;SANTO AMARO;;CIDADE;COLISÃO TRASEIRA;1,0;1,0;0,0;0,0;0,0;0,0;0,0;0,0;0,0;1,0;0,0;Longo da via;Bom;Sem defeito;Perfeito estado;Seca;Perfeito estado;Faixa de pedestre;R-6a;;Dupla;Faixa contínua;Faixa seccionada;
202224925,0;2022-10-21;;1;FINALIZADA;AFOGADOS;EST DOS REMEDIOS;1451,0;;EM FRENTE A 2B AUTO CENTER;AFOGADOS;;CIDADE;ATROPELAMENTO DE PESSOA;0,0;1,0;0,0;0,0;1,0;0,0;0,0;0,0;0,0;2,0;0,0;Longo da via;Bom;Não existe;Perfeito estado;Seca;Perfeito estado;Não existe;Não há placas;60 km/h;Única;Faixa seccionada;;
202224958,0;2022-10-21;;1;FINALIZADA;IMBIRIBEIRA;AV SUL;;;TERMINAL INTEGRADO TANCREDO NEVES;IMBIRIBEIRA;;SUBURBIO;ATROPELAMENTO DE PESSOA;0,0;0,0;0,0;0,0;1,0;1,0;0,0;0,0;0,0;1,0;0,0;Outros;Bom;Não existe;Perfeito estado;Seca;Perfeito estado;Não existe;Não há placas;20 km/h;Única;Canteiro central;;
202224963,0;2022-10-21;;1;FINALIZADA;JARDIM SÃO PAULO;AV RECIFE;;;AÇAI ATACADISTA;JARDIM SÃO PAULO;;;COLISÃO TRASEIRA;1,0;2,0;0,0;0,0;0,0;0,0;0,0;0,0;0,0;2,0;0,0;;;;;;;;;;;;;
202224974,0;2022-10-21;;2;FINALIZADA;TAMARINEIRA;EST DO ARRAIAL;;RUA DES GOIS CAVALCANTE;EM FRENTE AO SUPERMERCADO RECIBOM;TAMARINEIRA;295,0;SUBURBIO;;2,0;0,0;0,0;0,0;0,0;0,0;0,0;0,0;0,0;0,0;0,0;Longo da via;Bom;Sem defeito;Perfeito estado;Seca;Perfeito estado;Faixa de pedestre;Outras;;Única;;;
202224981,0;2022-10-21;;2;FINALIZADA;BOA VIAGEM;AV ENGENHEIRO DOMINGOS FERREIRA;306,0;;EM FRENTE AO SUPERMERCADO  RECIBOM;BOA VIAGEM;142,0;SUBURBIO;COLISÃO TRASEIRA;2,0;0,0;0,0;0,0;0,0;0,0;0,0;0,0;0,0;0,0;0,0;Longo da via;Bom;Sem defeito;Perfeito estado;Seca;Perfeito estado;Faixa de pedestre;Não há placas;60 km/h;Única;Faixa seccionada;;
202224987,0;2022-10-21;;1;FINALIZADA;IPSEP;RUA SAO NICOLAU;426,0;RUA ABDIAS CABRAL DE MOURA;EM FRENTE A SPORT CAR;IPSEP;;;COLISÃO LATERAL;1,0;1,0;0,0;0,0;0,0;0,0;0,0;0,0;0,0;1,0;0,0;Cruzamento;Bom;Não existe;Perfeito estado;Seca;Perfeito estado;Não existe;R-4a;;Única;Não existe;;
202224997,0;2022-10-21;;1;FINALIZADA;BOA VIAGEM;AVENIDA CELSO FURTADO (VIA MANGUE);;;POR TRAS DO ANTIGO EXTRA/ SENTIDO PIEDADE;BOA VIAGEM;;SUBURBIO;COLISÃO COM CICLISTA;0,0;1,0;0,0;1,0;0,0;0,0;0,0;0,0;0,0;2,0;0,0;Longo da via;Bom;Não existe;Perfeito estado;Seca;Perfeito estado;Não existe;Outras;60 km/h;Única;Faixa seccionada;;
202224998,0;2022-10-21;;1;FINALIZADA;CORDEIRO;RUA GOMES TABORDA;1424,0;;EM FRENTE AO SUPERMERCADO IDEAL;CORDEIRO;;SUBURBIO;COLISÃO FRONTAL;1,0;1,0;0,0;0,0;0,0;0,0;0,0;0,0;0,0;2,0;0,0;Longo da via;Bom;Sem defeito;Incompleta;Seca;Mal conservada;Não existe;R-6a;40 km/h;Dupla;Faixa contínua;Faixa seccionada;