Protocolo;data;hora;natureza;situacao;bairro;endereco;numero;detalhe_endereco_acidente;complemento;bairro_cruzamento;num_semaforo;sentido_via;tipo;auto;moto;ciclom;ciclista;pedestre;onibus;caminhao;viatura;outros;vitimas;vitimasfatais;acidente_verificado;tempo_clima;situacao_semaforo;sinalizacao;condicao_via;conservacao_via;ponto_controle;situacao_placa;velocidade_max_via;mao_direcao;divisao_via1;divisao_via2;divisao_via3
202225620,0;2022-10-28;;1;FINALIZADA;AFOGADOS;RUA SAO MIGUEL;898,0;;E/F AO 14  BATALHAO  LOGÍSTICO;AFOGADOS;;SUBURBIO;COLISÃO LATERAL;1,0;1,0;0,0;0,0;0,0;0,0;0,0;0,0;0,0;1,0;0,0;Longo da via;Bom;Sem defeito;Perfeito estado;Seca;Perfeito estado;Não existe;Não há placas;;Dupla;Faixa contínua;;
202225626,0;2022-10-28;;1;FINALIZADA;BOA VISTA;RUA DOM BOSCO;;AV CONDE DA BOA VISTA;EM FRENTE AO POSTO BR;BOA VISTA;27,0;SUBURBIO;COLISÃO LATERAL;1,0;1,0;0,0;0,0;0,0;0,0;0,0;0,0;0,0;1,0;0,0;Cruzamento;Bom;Sem defeito;Perfeito estado;Seca;Perfeito estado;Faixa de pedestre;Não há placas;40 km/h;Única;Faixa contínua;Faixa seccionada;
202225634,0;2022-10-28;;1;FINALIZADA;ILHA DO LEITE;RUA FRANCISCO ALVES;;;ESQUINA DA PRAÇA  MIGUEL DE CERVANTES PROX AO HOSPITAL ESPERANÇA;ILHA DO LEITE;508,0;SUBURBIO;COLISÃO LATERAL;2,0;1,0;0,0;0,0;0,0;0,0;0,0;0,0;0,0;1,0;0,0;Cruzamento;Bom;Sem defeito;Perfeito estado;Seca;Perfeito estado;Faixa de pedestre;Outras;60 km/h;Dupla;Faixa contínua;;
202225636,0;2022-10-28;;1;FINALIZADA;BOA VISTA;RUA SETE DE SETEMBRO;187,0;AV CONDE DA BOA VISTA;AV CONDE DA BOA VISTA;BOA VISTA;486,0;CIDADE;COLISÃO COM CICLISTA;0,0;0,0;0,0;1,0;0,0;1,0;0,0;0,0;0,0;1,0;0,0;Longo da via;Bom;Sem defeito;Perfeito estado;Seca;Perfeito estado;Faixa de pedestre;Outras;40 km/h;Dupla;Faixa contínua;Faixa seccionada;Canteiro central
202225639,0;2022-10-28;;1;FINALIZADA;CASA AMARELA;AV NORTE MIGUEL ARRAES DE ALENCAR;;AV PROFESSOR JOSE DOS ANJOS;EM FRENTE AO SESC;CASA AMARELA;364,0;;ATROPELAMENTO DE PESSOA;1,0;0,0;0,0;0,0;1,0;0,0;0,0;0,0;0,0;1,0;0,0;Cruzamento;Bom;Sem defeito;Perfeito estado;Seca;Perfeito estado;;;;;;;
202225640,0;2022-10-28;;1;FINALIZADA;SÃO JOSÉ;AV SUL;;PRC SERGIO LORETO;EM FRENTE AO POSTO BR;SÃO JOSÉ;311,0;CIDADE;ATROPELAMENTO DE PESSOA;0,0;1,0;0,0;0,0;1,0;0,0;0,0;0,0;0,0;1,0;0,0;Longo da via;Bom;Sem defeito;Perfeito estado;Seca;Perfeito estado;Faixa de pedestre;Não há placas;60 km/h;Única;Canteiro central;;
202225657,0;2022-10-28;;1;FINALIZADA;VÁRZEA;RUA ACADEMICO HELIO RAMOS;297,0;;AO LONGO DA VIA;VÁRZEA;;SUBURBIO;CHOQUE;1,0;1,0;0,0;0,0;0,0;0,0;0,0;0,0;0,0;1,0;0,0;Longo da via;Bom;Não existe;Perfeito estado;Seca;Perfeito estado;Não existe;Não há placas;30 km/h;Dupla;Não existe;;
202225662,0;2022-10-29;;1;FINALIZADA;GRAÇAS;RUA JOAQUIM NABUCO;;;PROXIMO A FACULDADE NASSAU;GRAÇAS;;SUBURBIO;COLISÃO LATERAL;1,0;1,0;0,0;0,0;0,0;0,0;0,0;0,0;0,0;1,0;0,0;Longo da via;Bom;Não existe;Perfeito estado;Seca;Perfeito estado;Não existe;Não há placas;;Dupla;Faixa seccionada;;
202225663,0;2022-10-29;;2;FINALIZADA;CORDEIRO;RUA GOMES TABORDA;967,0;;COM  A RUA XAVIER SOBRINHO;CORDEIRO;;;COLISÃO LATERAL;0,0;0,0;0,0;0,0;0,0;0,0;0,0;0,0;0,0;0,0;0,0;;;;;;;;;;;;;
202225673,0;2022-10-29;;1;FINALIZADA;IPUTINGA;AV CAXANGA;3860,0;;PROX AO BARAO DE LUCENA;IPUTINGA;533,0;SUBURBIO;ATROPELAMENTO DE PESSOA;0,0;1,0;0,0;0,0;2,0;0,0;0,0;0,0;0,0;3,0;0,0;Longo da via;Bom;Sem defeito;Perfeito estado;Seca;Perfeito estado;Não existe;R-6a;;Dupla;Canteiro central;;
202225677,0;2022-10-29;;1;FINALIZADA;MADALENA;AV VISCONDE DE ALBUQUERQUE;297,0;RUA LOPES DE CARVALHO;MADALENA CENTER;MADALENA;;SUBURBIO;COLISÃO TRASEIRA;1,0;1,0;0,0;0,0;0,0;0,0;0,0;0,0;0,0;1,0;0,0;Cruzamento;Bom;Não existe;Perfeito estado;Seca;Perfeito estado;Não existe;"Placas ""Pare""";60 km/h;Única;Faixa seccionada;;
202225679,0;2022-10-29;;1;FINALIZADA;ESTÂNCIA;AV RECIFE;5453,0;;EM FRENTE AO ANTIGO CAFE ROYAL, SENT. BOA VIAGEM;ESTÂNCIA;;;COLISÃO COM CICLISTA;1,0;0,0;0,0;1,0;0,0;1,0;0,0;0,0;0,0;1,0;0,0;Longo da via;Bom;Não existe;Perfeito estado;Seca;Perfeito estado;Não existe;Não há placas;60 km/h;Única;Faixa seccionada;;
202225699,0;2022-10-29;;1;FINALIZADA;IMBIRIBEIRA;AV MARECHAL MASCARENHAS DE MORAES;4080,0;RUA CORONEL FABRICIANO;EM FRENTE AO ATACADO DO PRESENTES;IMBIRIBEIRA;310,0;SUBURBIO;COLISÃO LATERAL;1,0;1,0;0,0;0,0;0,0;0,0;0,0;0,0;0,0;1,0;0,0;Cruzamento;Bom;Sem defeito;Perfeito estado;Seca;Perfeito estado;Não existe;Não há placas;60 km/h;Dupla;Canteiro central;;
202225709,0;2022-10-29;;1;DUPLICIDADE;SANTO AMARO;AV CRUZ CABUGA;;AV NORTE MIGUEL ARRAES DE ALENCAR;;SANTO AMARO;104,0;;COLISÃO TRASEIRA;0,0;0,0;0,0;0,0;0,0;0,0;0,0;0,0;0,0;2,0;0,0;;;;;;;;;;;;;
202225710,0;2022-10-29;;1;FINALIZADA;SANTO AMARO;AV CRUZ CABUGA;1111,0;AV DR JAYME DA FONTE;HOSPITAL  NAVAL;SANTO AMARO;343,0;;COLISÃO FRONTAL;2,0;0,0;0,0;0,0;0,0;0,0;0,0;0,0;0,0;1,0;0,0;Cruzamento;Bom;Sem defeito;Perfeito estado;Seca;Perfeito estado;Faixa de pedestre;Outras;;Dupla;Faixa seccionada;;
202225719,0;2022-10-29;;1;FINALIZADA;SANTO ANTÔNIO;AV GUARARAPES;;RUA DO SOL;EM FRENTE AO CORREIOS;SANTO ANTÔNIO;14,0;;COLISÃO LATERAL;1,0;1,0;0,0;0,0;0,0;0,0;0,0;0,0;0,0;1,0;0,0;Cruzamento;Bom;Sem defeito;Perfeito estado;Seca;Perfeito estado;Faixa de pedestre;Não há placas;40 km/h;Dupla;Não existe;;
202225733,0;2022-10-29;;1;FINALIZADA;SANCHO;AV LIBERDADE;874,0;;EM FRENTE A ANTIGA DELEGACIA DE ROUBOS E FURTOS;SANCHO;;SUBURBIO;COLISÃO FRONTAL;0,0;2,0;0,0;0,0;0,0;0,0;0,0;0,0;0,0;2,0;0,0;Longo da via;Bom;Não existe;Perfeito estado;Seca;Perfeito estado;Não existe;Não há placas;;Dupla;Não existe;;
202225735,0;2022-10-29;;1;FINALIZADA;IBURA;AV DOIS RIOS;;;SESI;IBURA;561,0;CIDADE;COLISÃO LATERAL;1,0;1,0;0,0;0,0;0,0;0,0;0,0;0,0;0,0;1,0;0,0;Longo da via;Bom;Sem defeito;Perfeito estado;Seca;Perfeito estado;Faixa de retenção;Não há placas;60 km/h;Dupla;Faixa contínua;;
202225737,0;2022-10-29;;1;FINALIZADA;JORDÃO;AV MARIA IRENE;1592,0;;PRÓXIMO AO POSTO BR;JORDÃO;;SUBURBIO;COLISÃO FRONTAL;2,0;0,0;0,0;0,0;0,0;0,0;0,0;0,0;0,0;1,0;0,0;Longo da via;Bom;Não existe;Não existente;Seca;Perfeito estado;Não existe;Não há placas;;Dupla;Não existe;;
202225749,0;2022-10-30;;1;FINALIZADA;ENCRUZILHADA;EST DE BELEM;190,0;RUA DONA JULIETA;EM FRENTE AO EDF. JÚLIO II, PROX A IGREJA CATÓLICA DE BELÉM;ENCRUZILHADA;;SUBURBIO;COLISÃO FRONTAL;1,0;1,0;0,0;0,0;0,0;0,0;0,0;0,0;0,0;1,0;0,0;Esquina;Bom;Não existe;Perfeito estado;Seca;Perfeito estado;Não existe;Não há placas;60 km/h;Dupla;Faixa seccionada;;
202225758,0;2022-10-30;;2;CANCELADA;VÁRZEA;AV AFONSO OLINDENSE;1553,0;;EM FRENTE A ESCOLA MAZZARELLO;VÁRZEA;;;COLISÃO TRASEIRA;2,0;0,0;0,0;0,0;0,0;0,0;0,0;0,0;0,0;0,0;0,0;;;;;;;;;;;;;
202225768,0;2022-10-30;;1;FINALIZADA;CASA FORTE;RUA JERONIMO DE ALBUQUERQUE;205,0;RUA SILVINO LOPES;EM FRENTE AO EDIFICIO CLAUDIA;CASA FORTE;;SUBURBIO;COLISÃO LATERAL;1,0;1,0;0,0;0,0;0,0;0,0;0,0;0,0;0,0;1,0;0,0;Longo da via;Bom;Não existe;Ilegível;Seca;Perfeito estado;Não existe;R-6a;;Dupla;Não existe;;
202225773,0;2022-10-30;;1;FINALIZADA;JOANA BEZERRA;RUA DES RODOLFO AURELIANO;;;PROX A ACADEMIA DA CIDADE;JOANA BEZERRA;;;COLISÃO COM CICLISTA;1,0;0,0;0,0;1,0;0,0;0,0;0,0;0,0;0,0;1,0;0,0;;;;;;;;;;;;;
202225777,0;2022-10-30;;1;FINALIZADA;SANCHO;AV LIBERDADE;65,0;;EM FRENTE AO CEMITERIO PARQUE DAS FLORES;SANCHO;;;COLISÃO LATERAL;1,0;1,0;0,0;0,0;0,0;0,0;0,0;0,0;0,0;2,0;0,0;Longo da via;Bom;Não existe;;Seca;;Não existe;Não há placas;60 km/h;Dupla;Não existe;;
202225792,0;2022-10-30;;1;FINALIZADA;ARRUDA;RUA DO MACHADO;;RUA MANOEL SILVA;CLUBE DOS IRRESPONSAVEIS;ARRUDA;;SUBURBIO;COLISÃO TRANSVERSAL;1,0;1,0;0,0;0,0;0,0;0,0;0,0;0,0;0,0;1,0;0,0;Cruzamento;Bom;Sem defeito;Perfeito estado;Seca;Perfeito estado;Não existe;"Placas ""Pare""";;Dupla;Não existe;;
202225812,0;2022-10-31;;1;FINALIZADA;IMBIRIBEIRA;AV MARECHAL MASCARENHAS DE MORAES;6217,0;;DE FRENTE A JUSTIÇA FEDERAL;IMBIRIBEIRA;;;COLISÃO TRASEIRA;1,0;1,0;0,0;0,0;0,0;0,0;0,0;0,0;0,0;1,0;0,0;Longo da via;Bom;Não existe;Perfeito estado;Seca;Perfeito estado;Não existe;R-5a;60 km/h;Única;Faixa contínua;;
202225820,0;2022-10-31;;1;FINALIZADA;IMBIRIBEIRA;AV MARECHAL MASCARENHAS DE MORAES;570,0;RUA ARQUITETO FERNANDO ALMEIDA;EM FRENTE AO ARAMZEM CORAL;IMBIRIBEIRA;286,0;SUBURBIO;COLISÃO COM CICLISTA;0,0;1,0;0,0;1,0;0,0;0,0;0,0;0,0;0,0;1,0;0,0;Longo da via;Chuvoso;Sem defeito;Perfeito estado;Molhada;Perfeito estado;Faixa de retenção;R-6a;;Única;Faixa seccionada;;
202225821,0;2022-10-31;;1;FINALIZADA;BOA VIAGEM;AV BOA VIAGEM;;;PROX AO PARQUE DONA LINDU;BOA VIAGEM;1,0;;ATROPELAMENTO DE PESSOA;1,0;0,0;0,0;0,0;1,0;0,0;0,0;0,0;0,0;1,0;0,0;Longo da via;Bom;Sem defeito;Perfeito estado;Seca;Perfeito estado;Faixa de pedestre;R-19;60 km/h;Única;Não existe;;
202225823,0;2022-10-31;;1;FINALIZADA;BOA VISTA;RUA MARQUES AMORIM;234,0;RUA VISCONDE DE GOIANA;EM FRENTE A LOJA DONA MENINA;BOA VISTA;;CIDADE;COLISÃO LATERAL;1,0;1,0;0,0;0,0;0,0;0,0;0,0;0,0;0,0;1,0;0,0;Cruzamento;Bom;Não existe;Perfeito estado;Seca;Perfeito estado;Faixa de pedestre;"Placas ""Pare""";;Única;Não existe;;
202225824,0;2022-10-31;;1;FINALIZADA;GRAÇAS;AV RUI BARBOSA;550,0;RUA ESMERALDINO BANDEIRA;SUPERMERCADO RECIBOM;GRAÇAS;;;COLISÃO LATERAL;1,0;1,0;0,0;0,0;0,0;0,0;0,0;0,0;0,0;1,0;0,0;Longo da via;Bom;Sem defeito;Perfeito estado;Seca;Perfeito estado;Agente;Outras;;Única;Faixa;;
202225831,0;2022-10-31;;1;FINALIZADA;GRAÇAS;RUA JOAQUIM NABUCO;398,0;;AO LADO GALERIA DERBY CENTER I;GRAÇAS;71,0;SUBURBIO;COLISÃO TRASEIRA;0,0;1,0;0,0;0,0;0,0;0,0;0,0;0,0;0,0;1,0;0,0;Longo da via;Bom;Sem defeito;Perfeito estado;Seca;Perfeito estado;Não existe;R-6a;60 km/h;Única;Não existe;;
202225843,0;2022-10-31;;2;FINALIZADA;JARDIM SÃO PAULO;RUA LEANDRO BARRETO;50 B;;EM FRENTE A ARENA UM;JARDIM SÃO PAULO;;SUBURBIO;COLISÃO TRASEIRA;1,0;0,0;0,0;0,0;0,0;0,0;0,0;1,0;0,0;0,0;0,0;Longo da via;Bom;Não existe;Não existente;Seca;Perfeito estado;Não existe;Não há placas;40 km/h;Dupla;Não existe;;
202225845,0;2022-10-31;;2;FINALIZADA;PAISSANDU;RUA PAISSANDU;738,0;;EM FRENTE AO HOSPITAL HAPVIDA;PAISSANDU;;SUBURBIO;COLISÃO TRASEIRA;1,0;0,0;0,0;0,0;0,0;0,0;1,0;0,0;0,0;0,0;0,0;;Bom;Sem defeito;Perfeito estado;Seca;Perfeito estado;Não existe;Outras;60 km/h;Dupla;Canteiro central;;
202225849,0;2022-10-31;;1;FINALIZADA;IMBIRIBEIRA;AV MARECHAL MASCARENHAS DE MORAES;6211,0;;E/F A JUSTIÇA FEDERAL S/T JABOATAO;IMBIRIBEIRA;;SUBURBIO;COLISÃO FRONTAL;1,0;1,0;0,0;0,0;0,0;0,0;0,0;0,0;0,0;1,0;0,0;Longo da via;Bom;Não existe;Perfeito estado;Seca;Perfeito estado;Não existe;R-5a;60 km/h;Única;Faixa seccionada;;
202225871,0;2022-10-31;;1;FINALIZADA;JORDÃO;AV MARIA IRENE;255,0;;PROX AO SUPERMERCADO ATACAREJO JORDÃO;JORDÃO;;;QUEDA;0,0;1,0;0,0;0,0;0,0;0,0;0,0;0,0;0,0;2,0;0,0;Longo da via;Bom;Sem defeito;Perfeito estado;Seca;Perfeito estado;Faixa de pedestre;R-6a;;Dupla;Não existe;;
202225882,0;2022-10-31;;1;FINALIZADA;BARRO;RUA PERY;2533,0;;;BARRO;615,0;;COLISÃO LATERAL;1,0;1,0;0,0;0,0;0,0;0,0;0,0;0,0;0,0;1,0;0,0;;;;;;;;;;;;;
202225911,0;2022-11-01;;1;FINALIZADA;TORRE;RUA JOSE BONIFACIO;359,0;RUA CLOVIS BEVILAQUA;PROX AO JOÃO DA CARNE DE SOL;TORRE;;CIDADE;COLISÃO LATERAL;1,0;1,0;0,0;0,0;0,0;0,0;0,0;0,0;0,0;1,0;0,0;Longo da via;Bom;Não existe;Perfeito estado;Seca;Perfeito estado;Não existe;Outras;;Única;Faixa seccionada;;
202225916,0;2022-11-01;;1;FINALIZADA;BARRO;AV DR JOSE RUFINO;2125,0;;PRÓX. À SORVETERIA DO BARRO / EDIFÍCIO ALAMEDA PARQUE;BARRO;213,0;SUBURBIO;COLISÃO FRONTAL;1,0;2,0;0,0;0,0;0,0;0,0;0,0;0,0;0,0;2,0;0,0;Longo da via;Bom;Sem defeito;Perfeito estado;Seca;Perfeito estado;Faixa de pedestre;R-6a;30 km/h;Dupla;Faixa contínua;;
202225918,0;2022-11-01;;1;FINALIZADA;PINA;AV HERCULANO BANDEIRA;65,0;;EM FRENTE À DIPLOMATA;PINA;;SUBURBIO;COLISÃO LATERAL;1,0;1,0;0,0;0,0;0,0;0,0;0,0;0,0;0,0;1,0;0,0;Longo da via;Bom;Não existe;Perfeito estado;Seca;Perfeito estado;;R-25c;;Única;Não existe;;
202225931,0;2022-11-01;;2;FINALIZADA;AREIAS;AV RECIFE;;;EM FRENTE AO HOSPITAL EDUARDO CAMPOS;AREIAS;;;;1,0;0,0;0,0;0,0;0,0;0,0;1,0;0,0;0,0;0,0;0,0;Longo da via;Bom;Não existe;Perfeito estado;Seca;Perfeito estado;Não existe;Outras;;Dupla;Faixa contínua;;
202225938,0;2022-11-01;;1;FINALIZADA;SANTO AMARO;RUA FREI CASSIMIRO;919A;RUA TREZE DE MAIO;AO LADO DA MODESTO BORRACHARIA;SANTO AMARO;;SUBURBIO;COLISÃO TRANSVERSAL;1,0;1,0;0,0;0,0;0,0;0,0;0,0;0,0;0,0;1,0;0,0;Longo da via;Bom;Não existe;Incompleta;Seca;Perfeito estado;Faixa de retenção;Não há placas;;Dupla;Faixa contínua;;
202225941,0;2022-11-01;;1;CANCELADA;BOA VIAGEM;AV BOA VIAGEM;5164,0;;EM FRENTE AO EDIFICIO JARDIM TRANSATLANTICO;BOA VIAGEM;;;COLISÃO TRASEIRA;1,0;1,0;0,0;0,0;0,0;0,0;0,0;0,0;0,0;1,0;0,0;;;;;;;;;;;;;
202225956,0;2022-11-01;;1;FINALIZADA;PINA;PTE VICE PRESIDENTE JOSE ALENCAR;;;SENTIDO BOA VIAGEM;PINA;;;COLISÃO COM CICLISTA;1,0;0,0;0,0;1,0;0,0;0,0;0,0;0,0;0,0;1,0;0,0;Ponte;Bom;Não existe;Perfeito estado;Seca;Perfeito estado;Não existe;Não há placas;60 km/h;Única;Faixa seccionada;;
202225959,0;2022-11-01;;1;FINALIZADA;MADALENA;RUA JOSE OSORIO;401,0;;PRÓXIMO AO RM EXPRESS;MADALENA;;SUBURBIO;COLISÃO LATERAL;0,0;2,0;0,0;0,0;0,0;0,0;0,0;0,0;0,0;1,0;0,0;Longo da via;Bom;Não existe;Perfeito estado;Seca;Perfeito estado;Não existe;Outras;;Única;Faixa seccionada;;
202225977,0;2022-11-01;;1;FINALIZADA;SANTO AMARO;AV PREFEITO ARTUR LIMA CAVALCANTI;;;PROXIMO AO RESIDENCIAL DA MARINHA;SANTO AMARO;;SUBURBIO;ATROPELAMENTO DE PESSOA;1,0;0,0;0,0;0,0;1,0;0,0;0,0;0,0;0,0;1,0;0,0;Longo da via;Bom;Não existe;Perfeito estado;Seca;Mal iluminada;Não existe;Não há placas;40 km/h;Única;Faixa seccionada;;
202225982,0;2022-11-02;;2;FINALIZADA;BOA VIAGEM;AV ENGENHEIRO DOMINGOS FERREIRA;;RUA JOSE MARIA DE MIRANDA;EM FRENTE AO BAR DO PAULINHO;BOA VIAGEM;;;COLISÃO LATERAL;2,0;0,0;0,0;0,0;0,0;0,0;0,0;0,0;0,0;0,0;0,0;;;;;;;;;;;;;
202226000,0;2022-11-02;;1;FINALIZADA;TORRÕES;AV CAXANGA;916,0;;EM FRENTE A VELANCIA TECIDOS PROFISSIONAIS;TORRÕES;;;COLISÃO LATERAL;1,0;1,0;0,0;0,0;0,0;0,0;0,0;0,0;0,0;1,0;0,0;Longo da via;Bom;Não existe;Perfeito estado;Seca;Perfeito estado;Não existe;Não há placas;60 km/h;Única;Faixa seccionada;;
202226018,0;2022-11-02;;1;FINALIZADA;BOA VIAGEM;VIADUTO TANCREDO NEVES;100,0;;DESCIDA DO VIADUTO,  PROX AO ATACADÃO,  HB20 RUK 1H55 // QYW 7G86 CG 160;BOA VIAGEM;;CIDADE;COLISÃO LATERAL;1,0;1,0;0,0;0,0;0,0;0,0;0,0;0,0;0,0;1,0;0,0;Longo da via;Bom;Não existe;Perfeito estado;Seca;Perfeito estado;Não existe;Não há placas;;Única;Faixa seccionada;;
202226019,0;2022-11-02;;1;CANCELADA;BOA VIAGEM;RUA JACK AYRES;62,0;RUA FRANCISCO DA CUNHA;REFERENCIA EDIFICIO PLAZA LAFAYETTE -  KIL 1151 - TITAN CG 150 // ETIOS PDD 7393;BOA VIAGEM;;;COLISÃO FRONTAL;1,0;1,0;0,0;0,0;0,0;0,0;0,0;0,0;0,0;1,0;0,0;;;;;;;;;;;;;
202226027,0;2022-11-02;;1;FINALIZADA;SAN MARTIN;AV GENERAL SAN MARTIN;801,0;RUA PEREIRA DE MORAES;E/F AO EDF SANTA BARBARA   PROX ACADEMIA GYM FIT;SAN MARTIN;;;COLISÃO LATERAL;2,0;1,0;0,0;0,0;0,0;0,0;0,0;0,0;0,0;1,0;0,0;Esquina;Bom;Não existe;Não existente;Seca;Mal conservada;Não existe;Não há placas;40 km/h;Dupla;Não existe;;
202226039,0;2022-11-02;;2;FINALIZADA;SANTO AMARO;AV CRUZ CABUGA;;;NA FRENTE DO HOSPITAL DO CANCER;SANTO AMARO;;;COLISÃO TRASEIRA;2,0;0,0;0,0;0,0;0,0;0,0;0,0;0,0;0,0;0,0;0,0;;;;;;;;;;;;;
202226045,0;2022-11-02;;1;CANCELADA;TEJIPIÓ;AV DR JOSE RUFINO;3131,0;;E/F AO 4BCOM BATALHAO DE COMUNICAÇOES;TEJIPIÓ;;;COLISÃO FRONTAL;2,0;0,0;0,0;0,0;0,0;0,0;0,0;0,0;0,0;1,0;0,0;;;;;;;;;;;;;
202226046,0;2022-11-02;;1;FINALIZADA;PINA;RUA CARNEIRO PESSOA;56,0;RUA BARREIROS;PROXIMO AO BAIANO ALTO PEÇAS E SERVIÇOS;PINA;;CIDADE;COLISÃO FRONTAL;1,0;1,0;0,0;0,0;0,0;0,0;0,0;0,0;0,0;1,0;0,0;Cruzamento;Bom;Não existe;Não existente;Seca;Perfeito estado;Não existe;Não há placas;30 km/h;Dupla;Não existe;;
202226052,0;2022-11-02;;2;FINALIZADA;VÁRZEA;AV PROFESSOR ARTUR DE SA;;;EM FRENTE AO CEMITERIO DA VARZEA;VÁRZEA;;;CHOQUE;1,0;0,0;0,0;0,0;0,0;0,0;0,0;0,0;0,0;0,0;0,0;;;;;;;;;;;;;
202226056,0;2022-11-02;;1;FINALIZADA;SANTO AMARO;RUA MAMEDE SIMOES;;RUA DA UNIAO;RUA DOS BARES;SANTO AMARO;;SUBURBIO;COLISÃO FRONTAL;0,0;2,0;0,0;0,0;0,0;0,0;0,0;0,0;0,0;1,0;0,0;Cruzamento;Bom;Não existe;Perfeito estado;Seca;Perfeito estado;Não existe;Placas Pare;;Única;Não existe;;
202226061,0;2022-11-02;;1;CANCELADA;SAN MARTIN;AV GENERAL SAN MARTIN;1575,0;;EM FRENTE A CAVALARIA;SAN MARTIN;;;COLISÃO LATERAL;1,0;1,0;0,0;0,0;0,0;0,0;0,0;0,0;0,0;1,0;0,0;;;;;;;;;;;;;
202226083,0;2022-11-03;;1;FINALIZADA;TORRÕES;AV ENGENHEIRO ABDIAS DE CARVALHO;;;EM FRENTE A UPA;TORRÕES;;CIDADE;QUEDA;0,0;1,0;0,0;0,0;0,0;0,0;0,0;0,0;0,0;1,0;0,0;;;;;;;;;;;;;
202226101,0;2022-11-03;;1;FINALIZADA;AREIAS;AV DR JOSE RUFINO;642,0;;EM FRENTE A IGREJA MATRIZ DE SANTA LUZIA;AREIAS;491,0;SUBURBIO;COLISÃO TRASEIRA;0,0;2,0;0,0;0,0;0,0;0,0;0,0;0,0;0,0;1,0;0,0;Longo da via;Bom;Sem defeito;Perfeito estado;Seca;Perfeito estado;Faixa de pedestre;Outras;;Dupla;Faixa seccionada;;
202226109,0;2022-11-03;;1;FINALIZADA;DOIS IRMÃOS;RUA DOIS IRMAOS;600,0;;PROX AO HOTEL SENZALA;DOIS IRMÃOS;416,0;CIDADE;COLISÃO LATERAL;1,0;1,0;0,0;0,0;0,0;0,0;0,0;0,0;0,0;1,0;0,0;Longo da via;Bom;Sem defeito;Perfeito estado;Seca;Perfeito estado;Faixa de retenção;Placas Pare;60 km/h;Dupla;Faixa contínua;;
202226121,0;2022-11-03;;1;FINALIZADA;BOA VISTA;RUA DOM BOSCO;;AV CONDE DA BOA VISTA;E/F A EMLURB;BOA VISTA;;SUBURBIO;COLISÃO LATERAL;1,0;1,0;0,0;0,0;0,0;0,0;0,0;0,0;0,0;2,0;0,0;Cruzamento;Bom;Sem defeito;Perfeito estado;Seca;Perfeito estado;Faixa de retenção;Outras;;Dupla;Canteiro central;;
202226133,0;2022-11-03;;1;FINALIZADA;BEBERIBE;AV BEBERIBE;1469,0;RUA SETE PECADOS;EM FRENTE AO BARRACÃO;BEBERIBE;;;COLISÃO TRANSVERSAL;0,0;2,0;0,0;0,0;0,0;0,0;0,0;0,0;0,0;4,0;0,0;Cruzamento;Bom;Não existe;;Seca;Perfeito estado;Não existe;Não há placas;;Dupla;Não existe;;
202226162,0;2022-11-03;;1;FINALIZADA;BOA VIAGEM;AVENIDA CELSO FURTADO (VIA MANGUE);;;SENTIDO PINA -  ANTES DA LOMBADA ELETRONICA;BOA VIAGEM;;CIDADE;COLISÃO LATERAL;0,0;2,0;0,0;0,0;0,0;0,0;0,0;0,0;0,0;2,0;0,0;Longo da via;Bom;Não existe;Perfeito estado;Seca;Perfeito estado;Não existe;Não há placas;;Dupla;Blocos;;
202226163,0;2022-11-03;;2;FINALIZADA;BOA VIAGEM;RUA JOAO CARDOSO AIRES;438,0;RUA SA E SOUZA;;BOA VIAGEM;;CIDADE;COLISÃO TRASEIRA;1,0;0,0;1,0;0,0;0,0;0,0;0,0;0,0;0,0;0,0;0,0;Longo da via;Bom;Sem defeito;Perfeito estado;Seca;Perfeito estado;Não existe;Não há placas;30 km/h;Única;Faixa contínua;;
202226164,0;2022-11-03;;3;FINALIZADA;BOA VISTA;RUA DO PRINCIPE;736,0;RUA NUNES MACHADO;PROX. A CATOLICA;BOA VISTA;;CIDADE;COLISÃO LATERAL;0,0;1,0;0,0;0,0;0,0;1,0;0,0;0,0;0,0;0,0;1,0;Longo da via;Bom;Não existe;Perfeito estado;Seca;Perfeito estado;Faixa de pedestre;R-6a;;Única;Faixa seccionada;;
202226168,0;2022-11-04;;2;FINALIZADA;VASCO DA GAMA;AV NORTE MIGUEL ARRAES DE ALENCAR;945,0;RUA VASCO DA GAMA;PRÓXIMO A PIZZARIA PASSIRA;VASCO DA GAMA;66,0;SUBURBIO;COLISÃO TRANSVERSAL;2,0;0,0;0,0;0,0;0,0;0,0;0,0;0,0;0,0;0,0;0,0;Cruzamento;Bom;Sem defeito;Perfeito estado;Seca;Perfeito estado;Faixa de pedestre;Outras;;Dupla;Faixa contínua;Faixa seccionada;