Protocolo;data;hora;natureza;situacao;bairro;endereco;numero;detalhe_endereco_acidente;complemento;bairro_cruzamento;num_semaforo;sentido_via;tipo;auto;moto;ciclom;ciclista;pedestre;onibus;caminhao;viatura;outros;vitimas;vitimasfatais;acidente_verificado;tempo_clima;situacao_semaforo;sinalizacao;condicao_via;conservacao_via;ponto_controle;situacao_placa;velocidade_max_via;mao_direcao;divisao_via1;divisao_via2;divisao_via3
202226179,0;2022-11-04;;2;FINALIZADA;CASA FORTE;EST DAS UBAIAS;105,0;;EM FRENTE AO EDIFÍCIO AKHINOS;CASA FORTE;;SUBURBIO;COLISÃO LATERAL;2,0;0,0;0,0;0,0;0,0;0,0;0,0;0,0;0,0;0,0;0,0;Longo da via;Bom;Não existe;Incompleta;Seca;Perfeito estado;Não existe;Não há placas;;Dupla;;;
202226186,0;2022-11-04;;1;FINALIZADA;IMBIRIBEIRA;RUA ITACARI;301,0;RUA ITAJAI;VERIFICAR ACIDENTE COM VÍTIMIA- SEM MAIS INFORMAÇÕES NO MOMENTO;IMBIRIBEIRA;;;COLISÃO COM CICLISTA;1,0;0,0;0,0;1,0;0,0;0,0;0,0;0,0;0,0;1,0;0,0;Longo da via;Bom;Não existe;Não existente;Seca;Mal conservada;Faixa de pedestre;Placas Pare;40 km/h;Única;Não existe;;
202226187,0;2022-11-04;;1;DUPLICIDADE;IMBIRIBEIRA;RUA JAMAICA;162,0;;INOVE PVC;IMBIRIBEIRA;;;COLISÃO COM CICLISTA;1,0;0,0;0,0;1,0;0,0;0,0;0,0;0,0;0,0;1,0;0,0;;;;;;;;;;;;;
202226210,0;2022-11-04;;1;FINALIZADA;BOA VISTA;AV GUARARAPES;250,0;;PRÓX. AOS CORREIOS;BOA VISTA;14,0;;ATROPELAMENTO DE PESSOA;0,0;0,0;0,0;0,0;1,0;1,0;0,0;0,0;0,0;1,0;0,0;Longo da via;Bom;Sem defeito;Perfeito estado;Seca;Perfeito estado;Faixa de pedestre;Outras;;Dupla;Faixa seccionada;Canteiro central;
202226222,0;2022-11-04;;2;FINALIZADA;ARRUDA;AV BEBERIBE;1584,0;RUA SAO BENTO;EM FRENTE A LOJA  PÉ COM CHINELO  SOB O SEMÁFORO 064;ARRUDA;64,0;;;1,0;0,0;0,0;0,0;0,0;1,0;0,0;0,0;0,0;0,0;0,0;Longo da via;Bom;Sem defeito;Perfeito estado;Seca;Perfeito estado;Faixa de pedestre;Outras;;Dupla;Faixa contínua;;
202226250,0;2022-11-04;;1;FINALIZADA;VÁRZEA;AV AFONSO OLINDENSE;5671,0;;EM A PADARIA CAXANGÁ;VÁRZEA;638,0;CIDADE;COLISÃO FRONTAL;1,0;0,0;1,0;0,0;0,0;0,0;0,0;0,0;0,0;1,0;0,0;Longo da via;Bom;Sem defeito;Perfeito estado;Seca;Perfeito estado;Faixa de pedestre;Outras;;Dupla;Faixa contínua;;
202226281,0;2022-11-05;;1;FINALIZADA;AFOGADOS;RUA VINTE E UM DE ABRIL;794,0;;EM FRENTE AO CLUBE FERROVIARIO;AFOGADOS;;CIDADE;COLISÃO FRONTAL;1,0;1,0;0,0;0,0;0,0;0,0;1,0;0,0;0,0;1,0;0,0;Esquina;Bom;Não existe;Incompleta;Seca;Perfeito estado;Não existe;Placas Pare;;Dupla;Não existe;;
202226298,0;2022-11-05;;1;FINALIZADA;SÃO JOSÉ;AV SUL;52,0;;PROX AO POSTO BR;SÃO JOSÉ;;CIDADE;QUEDA;0,0;1,0;0,0;0,0;0,0;0,0;0,0;0,0;0,0;2,0;0,0;Longo da via;Bom;Não existe;Perfeito estado;Seca;Perfeito estado;Não existe;Outras;50 km/h;Dupla;Não existe;;
202226346,0;2022-11-05;;1;FINALIZADA;IBURA;RUA EXP FRANCISCO VITORIANO;122,0;;BORRACHARIA DO PRETO;IBURA;;CIDADE;COLISÃO LATERAL;1,0;1,0;0,0;0,0;0,0;0,0;0,0;0,0;0,0;1,0;0,0;Longo da via;Bom;Não existe;Ilegível;Seca;Perfeito estado;Não existe;Não há placas;;Dupla;Faixa seccionada;;
202226347,0;2022-11-05;;2;FINALIZADA;VÁRZEA;RUA GENERAL POLIDORO;;RUA AGRICOLANDIA;PRÓXIMO A PADARIA CIDADE UNIVERSITARIA;VÁRZEA;;;COLISÃO LATERAL;2,0;0,0;0,0;0,0;0,0;0,0;0,0;0,0;0,0;0,0;0,0;;;;;;;;;;;;;
202226349,0;2022-11-06;;1;FINALIZADA;MADALENA;RUA JOSE OSORIO;270,0;EST DOS REMEDIOS;PROX. EXTRAFARMA;MADALENA;50,0;SUBURBIO;COLISÃO TRANSVERSAL;2,0;0,0;0,0;0,0;0,0;0,0;0,0;0,0;0,0;1,0;0,0;Cruzamento;Bom;Sem defeito;Perfeito estado;Seca;Perfeito estado;Não existe;Não há placas;60 km/h;Única;Faixa seccionada;;
202226350,0;2022-11-06;;2;CANCELADA;JAQUEIRA;AV RUI BARBOSA;;;PROX. AO HOSPITAL MARIA LUCINDA;JAQUEIRA;;;COLISÃO FRONTAL;0,0;0,0;0,0;0,0;0,0;0,0;0,0;0,0;0,0;0,0;0,0;;;;;;;;;;;;;
202226360,0;2022-11-06;;1;CANCELADA;ARRUDA;AV BEBERIBE;;RUA SAO BENTO;PRÓX. À CASA DE SHOWS BATE-PAPO.;ARRUDA;64,0;;COLISÃO LATERAL;1,0;1,0;0,0;0,0;0,0;0,0;0,0;0,0;0,0;2,0;0,0;;;;;;;;;;;;;
202226361,0;2022-11-06;;1;CANCELADA;TOTÓ;RUA ONZE DE AGOSTO;571,0;;EM FRENTE À COMPESA;TOTÓ;;;CHOQUE;1,0;0,0;0,0;0,0;0,0;0,0;0,0;0,0;0,0;1,0;0,0;;;;;;;;;;;;;
202226416,0;2022-11-06;;2;FINALIZADA;AFOGADOS;RUA SAO MIGUEL;;RUA QUITERIO INACIO DE MELLO;SEMÁFORO DE Nº 333;AFOGADOS;333,0;SUBURBIO;COLISÃO TRANSVERSAL;2,0;0,0;0,0;0,0;0,0;0,0;0,0;0,0;0,0;0,0;0,0;Cruzamento;Bom;Sem defeito;Perfeito estado;Seca;Perfeito estado;Faixa de pedestre;Outras;;Dupla;Faixa contínua;;
202226433,0;2022-11-07;;1;FINALIZADA;TORRE;RUA REAL DA TORRE;802,0;RUA GALVAO RAPOSO;EM FRENTE AO GUIA MATERIAL DE CONSTRUÇÃO;TORRE;255,0;;COLISÃO LATERAL;1,0;1,0;0,0;0,0;0,0;0,0;0,0;0,0;0,0;1,0;0,0;Cruzamento;Bom;Sem defeito;Perfeito estado;Seca;Perfeito estado;Faixa de pedestre;Outras;;Única;Faixa seccionada;;
202226441,0;2022-11-07;;1;FINALIZADA;AFOGADOS;RUA COSME VIANA;225,0;;LADO OPOSTO AO Nº 225, EM FRENTE À TUPAN;AFOGADOS;;SUBURBIO;COLISÃO LATERAL;1,0;1,0;0,0;0,0;0,0;0,0;0,0;0,0;0,0;1,0;0,0;Longo da via;Bom;Não existe;Perfeito estado;Seca;Perfeito estado;Não existe;Não há placas;;Única;Faixa seccionada;;
202226456,0;2022-11-07;;1;FINALIZADA;SANTO AMARO;RUA ODORICO MENDES;;AV GOVERNADOR AGAMENON MAGALHAES;ACIDENTE;SANTO AMARO;49,0;CIDADE;COLISÃO LATERAL;0,0;2,0;0,0;0,0;0,0;0,0;0,0;0,0;0,0;2,0;0,0;Cruzamento;Bom;Sem defeito;Perfeito estado;Seca;Perfeito estado;Agente;Outras;60 km/h;Dupla;Faixa seccionada;Blocos;
202226458,0;2022-11-07;;1;FINALIZADA;CASA AMARELA;LGO DOM LUIZ;;AV NORTE MIGUEL ARRAES DE ALENCAR;;CASA AMARELA;;SUBURBIO;ATROPELAMENTO DE PESSOA;0,0;1,0;0,0;0,0;1,0;0,0;0,0;0,0;0,0;1,0;0,0;Longo da via;Bom;Sem defeito;Perfeito estado;Seca;Perfeito estado;Faixa de retenção;Outras;60 km/h;Dupla;Canteiro central;;
202226461,0;2022-11-07;;1;FINALIZADA;BOA VIAGEM;AV BOA VIAGEM;3962,0;RUA RIBEIRO DE BRITO;EM FRENTE AO EDIFÍCIO QUEEN MARY;BOA VIAGEM;;CIDADE;COLISÃO LATERAL;3,0;0,0;0,0;0,0;0,0;0,0;0,0;0,0;0,0;1,0;0,0;;Bom;Não existe;Perfeito estado;Seca;Perfeito estado;Faixa de pedestre;Não há placas;;Única;Faixa seccionada;;
202226463,0;2022-11-07;;1;CANCELADA;BEBERIBE;AV BEBERIBE;487,0;;;BEBERIBE;;;COLISÃO LATERAL;1,0;1,0;0,0;0,0;0,0;0,0;0,0;0,0;0,0;1,0;0,0;;;;;;;;;;;;;
202226475,0;2022-11-07;;1;FINALIZADA;BOA VIAGEM;RUA ERNESTO DE PAULA SANTOS;;;RUA VISCONDE DE JEQUITINHONHA;BOA VIAGEM;304,0;CIDADE;COLISÃO COM CICLISTA;0,0;0,0;0,0;1,0;0,0;1,0;0,0;0,0;0,0;1,0;0,0;Longo da via;Bom;Sem defeito;Perfeito estado;Seca;Perfeito estado;Não existe;Não há placas;30 km/h;Única;Faixa seccionada;;
202226501,0;2022-11-08;;1;FINALIZADA;GRAÇAS;AV DR MALAQUIAS;;;;GRAÇAS;;;COLISÃO LATERAL;0,0;0,0;0,0;0,0;0,0;0,0;0,0;0,0;0,0;1,0;0,0;Longo da via;Bom;Não existe;Perfeito estado;Seca;Perfeito estado;Não existe;Não há placas;40 km/h;Única;Não existe;;
202226514,0;2022-11-08;;1;FINALIZADA;AREIAS;AV RECIFE;;;ACIDENTE 1  COLISÃO TRASEIRA,;AREIAS;;SUBURBIO;COLISÃO TRASEIRA;7,0;0,0;0,0;0,0;0,0;0,0;0,0;1,0;0,0;1,0;0,0;Longo da via;Bom;Não existe;Perfeito estado;Seca;Perfeito estado;Não existe;Outras;60 km/h;Única;Faixa seccionada;;
202226518,0;2022-11-08;;1;FINALIZADA;IMBIRIBEIRA;RUA ARQUITETO LUIZ NUNES;673,0;;EM FRENTE A ESCOLA PINHEIROS;IMBIRIBEIRA;;;COLISÃO TRANSVERSAL;1,0;1,0;0,0;0,0;0,0;0,0;0,0;0,0;0,0;1,0;0,0;Longo da via;Bom;Não existe;Perfeito estado;Seca;Perfeito estado;Faixa de pedestre;Outras;40 km/h;Dupla;Faixa contínua;;
202226523,0;2022-11-08;;1;FINALIZADA;BOA VIAGEM;AV DES JOSE NEVES;103,0;;;BOA VIAGEM;;;COLISÃO LATERAL;0,0;1,0;0,0;0,0;0,0;0,0;0,0;0,0;0,0;1,0;0,0;Longo da via;Bom;Não existe;Perfeito estado;Seca;Perfeito estado;Não existe;Não há placas;;Única;Faixa seccionada;;
202226597,0;2022-11-09;;1;FINALIZADA;SANTO AMARO;RUA DOS PALMARES;;;COMANDO DA GUARDA MUNICIPAL DO RECIFE;SANTO AMARO;;;COLISÃO COM CICLISTA;2,0;0,0;0,0;1,0;0,0;0,0;0,0;0,0;0,0;1,0;0,0;Longo da via;Bom;Não existe;Perfeito estado;Seca;Perfeito estado;Não existe;Outras;40 km/h;;Faixa seccionada;;
202226600,0;2022-11-09;;1;FINALIZADA;NOVA DESCOBERTA;RUA NOVA DESCOBERTA;1051,0;;EM FRENTE A ECOESTAÇÃO;NOVA DESCOBERTA;;;COLISÃO LATERAL;1,0;1,0;0,0;0,0;0,0;0,0;0,0;0,0;0,0;2,0;0,0;Longo da via;Bom;Não existe;Incompleta;Seca;Perfeito estado;Não existe;R-6a;;Dupla;Faixa seccionada;;
202226604,0;2022-11-09;;2;FINALIZADA;BOA VISTA;RUA PADRE INGLES;366,0;;EM FRENTE A UNIBRA;BOA VISTA;;CIDADE;COLISÃO FRONTAL;2,0;0,0;0,0;0,0;0,0;0,0;0,0;0,0;0,0;0,0;0,0;Longo da via;Bom;Não existe;Perfeito estado;Seca;Perfeito estado;Não existe;Outras;;Dupla;Não existe;;
202226605,0;2022-11-09;;1;FINALIZADA;JORDÃO;AV MARIA IRENE;500,0;;PROX A BASE AEREA MILITAR;JORDÃO;;;COLISÃO LATERAL;1,0;1,0;0,0;0,0;0,0;0,0;0,0;0,0;0,0;1,0;0,0;Longo da via;Bom;Não existe;Não existente;Seca;Perfeito estado;Não existe;Não há placas;;Dupla;Não existe;;
202226636,0;2022-11-09;;1;CANCELADA;ENGENHO DO MEIO;AV MARIO ALVARES PEREIRA DE LYRA;;;CRUZAMNETO COM A RUA AMBROSIO MACHADO;ENGENHO DO MEIO;;;COLISÃO TRASEIRA;2,0;0,0;0,0;0,0;0,0;0,0;0,0;0,0;0,0;1,0;0,0;;;;;;;;;;;;;
202226638,0;2022-11-09;;1;FINALIZADA;BOA VISTA;RUA DA AURORA;;;CRUZAMENTO COM AV. CONDE DA BOA VISTA;BOA VISTA;162,0;;COLISÃO LATERAL;1,0;1,0;0,0;0,0;0,0;0,0;0,0;0,0;0,0;1,0;0,0;Cruzamento;Bom;Sem defeito;Perfeito estado;Seca;Perfeito estado;Faixa de pedestre;Outras;;Única;Faixa contínua;Faixa seccionada;
202226650,0;2022-11-10;;1;FINALIZADA;MADALENA;RUA BENFICA;411,0;;EM FRENTE AO OFTALMAX;MADALENA;590,0;;COLISÃO LATERAL;1,0;1,0;0,0;0,0;0,0;0,0;0,0;0,0;0,0;1,0;0,0;Cruzamento;Bom;Sem defeito;Perfeito estado;Seca;Perfeito estado;Faixa de pedestre;R-6c;40 km/h;Dupla;Faixa contínua;Faixa seccionada;Canteiro central
202226653,0;2022-11-10;;1;FINALIZADA;PRADO;AV ENGENHEIRO ABDIAS DE CARVALHO;;;SOB O SEMÁFORO 327;PRADO;;CIDADE;COLISÃO TRANSVERSAL;0,0;1,0;0,0;0,0;0,0;0,0;1,0;0,0;0,0;2,0;0,0;Longo da via;Bom;Sem defeito;Perfeito estado;Seca;Perfeito estado;Faixa de retenção;R-6a;;Dupla;Canteiro central;;
202226656,0;2022-11-10;;1;FINALIZADA;TORRÕES;AV ENGENHEIRO ABDIAS DE CARVALHO;9,0;;PROX A UPA,  EM FRENTE A GALERIA ACRIMODAS;TORRÕES;;;COLISÃO TRASEIRA;0,0;1,0;0,0;0,0;0,0;1,0;0,0;0,0;0,0;1,0;0,0;Longo da via;Bom;Sem defeito;Perfeito estado;Seca;Perfeito estado;Outros;R-6a;;Dupla;Canteiro central;;
202226676,0;2022-11-10;;2;FINALIZADA;IMBIRIBEIRA;AV MARECHAL MASCARENHAS DE MORAES;;;EM FRENTE A FERRO +;IMBIRIBEIRA;;;;1,0;0,0;0,0;0,0;0,0;0,0;1,0;0,0;0,0;0,0;0,0;Longo da via;Bom;Não existe;Perfeito estado;Seca;Perfeito estado;Não existe;Outras;;Dupla;Canteiro central;;
202226682,0;2022-11-10;;1;FINALIZADA;JIQUIÁ;RUA SAO MIGUEL;1676,0;;QUANDO SE DEPAROU COM UM SINISTRO ENVOLVENDO DOIS VEÍCULOS;JIQUIÁ;;SUBURBIO;COLISÃO TRASEIRA;1,0;1,0;0,0;0,0;0,0;0,0;0,0;0,0;0,0;1,0;0,0;Longo da via;Bom;Não existe;Perfeito estado;Seca;Perfeito estado;Não existe;Não há placas;60 km/h;Dupla;Faixa contínua;;
202226699,0;2022-11-10;;1;CANCELADA;ILHA DO RETIRO;AV ENGENHEIRO ABDIAS DE CARVALHO;441,0;;HABIBS;ILHA DO RETIRO;;;COLISÃO TRASEIRA;1,0;1,0;0,0;0,0;0,0;0,0;0,0;0,0;0,0;1,0;0,0;;;;;;;;;;;;;
202226722,0;2022-11-10;;1;FINALIZADA;SÃO JOSÉ;AV ENGENHEIRO JOSE ESTELITA;;;ACIDENTE 1 ABALROAMENTO LONGITUDINAL;SÃO JOSÉ;;SUBURBIO;;1,0;0,0;0,0;0,0;0,0;0,0;0,0;0,0;0,0;1,0;0,0;Longo da via;Bom;Não existe;Perfeito estado;Seca;Perfeito estado;Não existe;Outras;;Única;Faixa seccionada;;
202226725,0;2022-11-10;;1;FINALIZADA;CAMPO GRANDE;RUA VISCONDE DE CAIRU;188,0;RUA ODORICO MENDES;PROXIMO AO COLEGIO JESUS CRUCIFICADO;CAMPO GRANDE;;;COLISÃO LATERAL;1,0;1,0;0,0;0,0;0,0;0,0;0,0;0,0;0,0;1,0;0,0;Longo da via;Bom;Não existe;Perfeito estado;Seca;Perfeito estado;Não existe;Placas Pare;40 km/h;Dupla;Faixa seccionada;;
202226739,0;2022-11-10;;1;FINALIZADA;CAXANGÁ;AV CAXANGA;;;EM FRENTE INTEGRAÇÃO DA CAXANGA;CAXANGÁ;;;ATROPELAMENTO DE PESSOA;0,0;1,0;0,0;0,0;1,0;0,0;0,0;0,0;0,0;1,0;0,0;Longo da via;Bom;Sem defeito;Perfeito estado;Seca;Perfeito estado;Faixa de pedestre;Outras;40 km/h;Dupla;Canteiro central;;
202226744,0;2022-11-10;;1;FINALIZADA;AREIAS;RUA IPOJUCA;124,0;;PROX AO INSS DE AREIAS;AREIAS;;;COLISÃO FRONTAL;1,0;1,0;0,0;0,0;0,0;0,0;0,0;0,0;0,0;1,0;0,0;;;;;;;;;;;;;
202226755,0;2022-11-10;;2;FINALIZADA;SÃO JOSÉ;RUA IMPERIAL;;TRV DO RAPOSO;SOB O SEMÁFORO 510;SÃO JOSÉ;510,0;SUBURBIO;COLISÃO TRANSVERSAL;2,0;0,0;0,0;0,0;0,0;0,0;0,0;0,0;0,0;0,0;0,0;Cruzamento;Chuvoso;Intermitente;Incompleta;Molhada;Mal iluminada;Não existe;Não há placas;60 km/h;Única;Não existe;;
202226756,0;2022-11-10;;1;FINALIZADA;BOA VISTA;AV CONDE DA BOA VISTA;;RUA DA AURORA;;BOA VISTA;;;COLISÃO TRANSVERSAL;1,0;0,0;0,0;0,0;0,0;1,0;0,0;0,0;0,0;1,0;0,0;Cruzamento;Bom;Sem defeito;Perfeito estado;Seca;Perfeito estado;Faixa de pedestre;Não há placas;;Dupla;Faixa contínua;;
202226757,0;2022-11-10;;1;FINALIZADA;COQUEIRAL;RUA PAPA JOAO VINTE E TRES;;RUA FALCAO DE LACERDA;SOB O PONTILHÃO, AO LADO DA ESTAÇÃO;COQUEIRAL;;;COLISÃO FRONTAL;0,0;1,0;0,0;0,0;0,0;1,0;0,0;0,0;0,0;1,0;0,0;Longo da via;Bom;Não existe;Não existente;Seca;;Não existe;;;;;;
202226773,0;2022-11-11;;2;FINALIZADA;PINA;AVENIDA CELSO FURTADO (VIA MANGUE);;;PROX A LOMBADA ELETRONICA, SENTIDO BOA VIAGEM;PINA;;;CHOQUE;0,0;0,0;0,0;0,0;0,0;0,0;0,0;1,0;0,0;0,0;0,0;Longo da via;Chuvoso;Não existe;Perfeito estado;Molhada;Perfeito estado;;R-19;;Dupla;Canteiro central;;
202226782,0;2022-11-11;;1;FINALIZADA;VÁRZEA;RUA VALE DO SIRIJI;S/N;RUA JOSE ANTONIO DA COSTA FILHO;PROX AO COLEGIO MARIA DA CONCEIÇÃO;VÁRZEA;;;COLISÃO TRASEIRA;2,0;1,0;0,0;0,0;0,0;0,0;0,0;0,0;0,0;1,0;0,0;Longo da via;Chuvoso;Não existe;Perfeito estado;Molhada;Perfeito estado;Não existe;Não há placas;;Dupla;Não existe;;
202226787,0;2022-11-11;;2;FINALIZADA;IBURA;LAD DA COHAB;;AV DOIS RIOS;;IBURA;;;COLISÃO TRASEIRA;1,0;0,0;0,0;0,0;0,0;0,0;0,0;0,0;0,0;0,0;0,0;Cruzamento;Chuvoso;Não existe;Perfeito estado;Molhada;Mal conservada;Agente;R-4a;;Dupla;Faixa contínua;;
202226811,0;2022-11-11;;1;FINALIZADA;SANTO AMARO;RUA AURORA;1035,0;;REDE GLOBO;SANTO AMARO;;;COLISÃO LATERAL;1,0;1,0;0,0;0,0;0,0;0,0;0,0;0,0;0,0;1,0;0,0;Longo da via;Bom;Não existe;Perfeito estado;Seca;Perfeito estado;Faixa de pedestre;Não há placas;;Dupla;Canteiro central;;
202226812,0;2022-11-11;;1;FINALIZADA;ILHA DO LEITE;AV GOVERNADOR AGAMENON MAGALHAES;;;EM FRENTE AO HOSPITAL PORTUGUES;ILHA DO LEITE;;;COLISÃO TRASEIRA;2,0;0,0;0,0;0,0;0,0;0,0;0,0;0,0;0,0;1,0;0,0;;;;;;;;;;;;;
202226827,0;2022-11-11;;1;FINALIZADA;TORRÕES;AV ENGENHEIRO ABDIAS DE CARVALHO;1325,0;RUA DELMIRO GOUVEIA;EM FRENTE A VITORIA MARMORE/ SENTIDO CIDADE;TORRÕES;375,0;CIDADE;COLISÃO LATERAL;1,0;1,0;0,0;0,0;0,0;0,0;0,0;0,0;0,0;1,0;0,0;Cruzamento;Bom;Sem defeito;Perfeito estado;Seca;Perfeito estado;;Outras;;Dupla;Não existe;;
202226832,0;2022-11-11;;1;FINALIZADA;DOIS UNIDOS;AV HILDEBRANDO DE VASCONCELOS;2692,0;;PROXIMO A QURADA DE DOIS UNIDOS;DOIS UNIDOS;;SUBURBIO;COLISÃO TRASEIRA;1,0;1,0;0,0;0,0;0,0;0,0;0,0;0,0;0,0;1,0;0,0;Longo da via;Bom;Não existe;Não existente;Seca;Perfeito estado;Não existe;Não há placas;;Dupla;Não existe;;
202226857,0;2022-11-11;;1;FINALIZADA;IPUTINGA;RUA EMILIANO BRAGA;425,0;;ENTRADA DA INTEGRAÇÃO CDU;IPUTINGA;;;COLISÃO LATERAL;2,0;0,0;0,0;0,0;0,0;0,0;0,0;0,0;0,0;1,0;0,0;;;;;;;;;;;;;
202226862,0;2022-11-11;;1;FINALIZADA;ESPINHEIRO;RUA DA HORA;;RUA AMELIA;EM FRENTE AO BANCO DO BRASIL;ESPINHEIRO;;;COLISÃO COM CICLISTA;0,0;1,0;0,0;1,0;0,0;0,0;0,0;0,0;0,0;2,0;0,0;Cruzamento;Bom;Sem defeito;Perfeito estado;Seca;Perfeito estado;Faixa de pedestre;Outras;40 km/h;Única;Faixa contínua;Faixa seccionada;
202226865,0;2022-11-11;;1;FINALIZADA;JORDÃO;AV MARIA IRENE;1038,0;;NA PARADA DE ONIBUS;JORDÃO;;SUBURBIO;CHOQUE;1,0;1,0;0,0;0,0;0,0;0,0;0,0;0,0;0,0;2,0;0,0;Longo da via;Bom;Não existe;Perfeito estado;Seca;Perfeito estado;Não existe;Não há placas;;Dupla;Faixa contínua;;
202226884,0;2022-11-12;;1;FINALIZADA;APIPUCOS;RUA DE APIPUCOS;23,0;;CONDOMINIO HILSON MACEDO;APIPUCOS;;CIDADE;COLISÃO TRASEIRA;1,0;0,0;0,0;0,0;0,0;0,0;1,0;0,0;0,0;1,0;0,0;Longo da via;Chuvoso;Não existe;Perfeito estado;Molhada;Perfeito estado;Não existe;Não há placas;;Dupla;Faixa contínua;;
202226885,0;2022-11-12;;2;FINALIZADA;MADALENA;RUA JOAO IVO DA SILVA;232,0;RUA RICARDO SALAZAR;;MADALENA;;SUBURBIO;TOMBAMENTO;1,0;0,0;0,0;0,0;0,0;0,0;0,0;0,0;0,0;0,0;0,0;;;;;;;;;;;;;
202226900,0;2022-11-12;;1;FINALIZADA;VÁRZEA;AV CAXANGA;4617,0;RUA GENERAL POLIDORO;EM FRENTE A ITALIANA, SENT. RECIFE;VÁRZEA;231,0;CIDADE;COLISÃO LATERAL;1,0;1,0;0,0;0,0;0,0;0,0;0,0;0,0;0,0;1,0;0,0;Cruzamento;Bom;Sem defeito;Perfeito estado;Seca;Perfeito estado;Faixa de pedestre;R-32;60 km/h;Dupla;Faixa contínua;Faixa seccionada;
202226905,0;2022-11-12;;1;FINALIZADA;IMBIRIBEIRA;AV MARECHAL MASCARENHAS DE MORAES;4080,0;;EM FRENTE AO ATACADO DOS PRESENTES;IMBIRIBEIRA;310,0;SUBURBIO;COLISÃO LATERAL;1,0;1,0;0,0;0,0;0,0;0,0;0,0;0,0;0,0;2,0;0,0;Longo da via;Bom;Sem defeito;Perfeito estado;Seca;Perfeito estado;;;60 km/h;;Faixa seccionada;Canteiro central;
202226914,0;2022-11-12;;1;FINALIZADA;MANGUEIRA;AV DR JOSE RUFINO;;;E/F AFOGADOS ALUMINIOS  VT 21 NO LOCAL;MANGUEIRA;;;COLISÃO FRONTAL;1,0;1,0;0,0;0,0;0,0;0,0;0,0;0,0;0,0;1,0;0,0;;;;;;;;;;;;;
202226915,0;2022-11-12;;1;FINALIZADA;SAN MARTIN;AV GENERAL SAN MARTIN;2195,0;RUA DR GOMES PORTO;PROXIMO A PRAÇA DE SAN MARTIN;SAN MARTIN;;;COLISÃO TRANSVERSAL;1,0;1,0;0,0;0,0;0,0;0,0;0,0;0,0;0,0;1,0;0,0;Longo da via;Bom;Não existe;Incompleta;Seca;Perfeito estado;Faixa de pedestre;;;Dupla;Não existe;;
202226928,0;2022-11-12;;2;FINALIZADA;DERBY;AV GOVERNADOR AGAMENON MAGALHAES;;AV RUI BARBOSA;LADO OPOSTO AO COLEGIO AMERICANO BATISTA;DERBY;37,0;;COLISÃO LATERAL;1,0;0,0;0,0;0,0;0,0;0,0;0,0;1,0;0,0;0,0;0,0;Cruzamento;Chuvoso;Sem defeito;Perfeito estado;Molhada;Perfeito estado;Faixa de pedestre;Placas Pare;;Dupla;Canal;;
202226935,0;2022-11-12;;1;FINALIZADA;CAXANGÁ;AV CAXANGA;;;EM FRENTE AO CAXANGÁ GOLF CLUBE;CAXANGÁ;;CIDADE;ATROPELAMENTO DE PESSOA;1,0;0,0;0,0;0,0;1,0;0,0;0,0;0,0;0,0;1,0;0,0;Longo da via;Chuvoso;Não existe;Perfeito estado;Molhada;Perfeito estado;Não existe;Não há placas;60 km/h;Dupla;Faixa contínua;Faixa seccionada;Canteiro central
202226937,0;2022-11-12;;2;CANCELADA;BOA VIAGEM;RUA BARAO DE SOUZA LEAO;400,0;;AO LADO DO HOSPITAL MEDICAL CENTER ( HOSPITAL ALFA);BOA VIAGEM;;;;0,0;0,0;0,0;0,0;0,0;0,0;0,0;0,0;0,0;0,0;0,0;;;;;;;;;;;;;
202226968,0;2022-11-13;;1;FINALIZADA;PARNAMIRIM;RUA DR JOAO SANTOS FILHO;;;AO LADO DO GUAIAMUM GIGANTE/ PROXIMO AO SHOPPING PLAZA;PARNAMIRIM;;;COLISÃO COM CICLISTA;1,0;0,0;0,0;1,0;0,0;0,0;0,0;0,0;0,0;1,0;0,0;Esquina;Bom;Não existe;Perfeito estado;Seca;Perfeito estado;Não existe;R-6a;;Única;Não existe;;
202226985,0;2022-11-13;;1;FINALIZADA;PRADO;RUA ARMANDO SORIANO;103,0;;COM  A RUA GOMES TABORDA;PRADO;558,0;SUBURBIO;COLISÃO COM CICLISTA;1,0;0,0;0,0;1,0;0,0;0,0;0,0;0,0;0,0;1,0;0,0;Longo da via;Bom;Não existe;Não existente;Seca;Perfeito estado;Não existe;Outras;;Dupla;Não existe;;
202226986,0;2022-11-13;;1;FINALIZADA;AFOGADOS;RUA SAO MIGUEL;1347,0;;RESTAURANTE BODE DO NO;AFOGADOS;;SUBURBIO;COLISÃO TRANSVERSAL;1,0;1,0;0,0;0,0;0,0;0,0;0,0;0,0;0,0;2,0;0,0;Longo da via;Bom;Sem defeito;Perfeito estado;Seca;Perfeito estado;Não existe;Não há placas;;Dupla;Faixa contínua;;