Protocolo;data;hora;natureza;situacao;bairro;endereco;numero;detalhe_endereco_acidente;complemento;bairro_cruzamento;num_semaforo;sentido_via;tipo;auto;moto;ciclom;ciclista;pedestre;onibus;caminhao;viatura;outros;vitimas;vitimasfatais;acidente_verificado;tempo_clima;situacao_semaforo;sinalizacao;condicao_via;conservacao_via;ponto_controle;situacao_placa;velocidade_max_via;mao_direcao;divisao_via1;divisao_via2;divisao_via3
202227725,0;2022-11-21;;2;FINALIZADA;ÁGUA FRIA;AV BEBERIBE;;;EM FRENTE A O MERCADO DE AGUA FRIA;ÁGUA FRIA;;;CHOQUE;1,0;1,0;0,0;0,0;0,0;0,0;0,0;0,0;0,0;0,0;0,0;Cruzamento;Bom;Sem defeito;Perfeito estado;Seca;Perfeito estado;Faixa de pedestre;Não há placas;;Dupla;Faixa seccionada;;
202227727,0;2022-11-21;;1;FINALIZADA;ARRUDA;AV PROFESSOR JOSE DOS ANJOS;;RUA FARIAS NEVES;RUA  DESENHISTA EULINO SANTOS;ARRUDA;;SUBURBIO;CHOQUE;1,0;0,0;0,0;0,0;0,0;0,0;0,0;0,0;0,0;1,0;0,0;Cruzamento;Bom;Não existe;Perfeito estado;Seca;Perfeito estado;Faixa de pedestre;Outras;;Única;Não existe;;
202227733,0;2022-11-22;;1;FINALIZADA;TAMARINEIRA;RUA CONEGO BARATA;;AV CONS ROSA E SILVA;PROX. DA FERREIRA COSTA;TAMARINEIRA;61,0;SUBURBIO;CHOQUE;1,0;0,0;0,0;0,0;0,0;0,0;0,0;0,0;0,0;2,0;0,0;Cruzamento;Bom;Sem defeito;Perfeito estado;Seca;Perfeito estado;Faixa de pedestre;R-6a;;Dupla;Canteiro central;;
202227762,0;2022-11-22;;1;FINALIZADA;BOMBA DO HEMETÉRIO;RUA BOMBA DO HEMETERIO;400,0;RUA GUANAMBI;EM FRENTE A FUNERARIA CANAÃ;BOMBA DO HEMETÉRIO;;CIDADE;COLISÃO FRONTAL;1,0;1,0;0,0;0,0;0,0;0,0;0,0;0,0;0,0;1,0;0,0;Esquina;Chuvoso;Não existe;Incompleta;Molhada;Perfeito estado;Não existe;Outras;;Dupla;Não existe;;
202227766,0;2022-11-22;;1;FINALIZADA;PINA;AV ANTONIO DE GOES;500,0;;EM FRENTE AO DETROIT CAR;PINA;;;ATROPELAMENTO DE PESSOA;1,0;1,0;0,0;0,0;1,0;0,0;0,0;0,0;0,0;1,0;0,0;Longo da via;Chuvoso;Não existe;Perfeito estado;Molhada;Perfeito estado;Não existe;Não há placas;60 km/h;Única;Canteiro central;;
202227767,0;2022-11-22;;1;FINALIZADA;IMBIRIBEIRA;AV MARECHAL MASCARENHAS DE MORAES;1482,0;RUA MURICILANDIA;EM FRENTE A GOOD YEAR;IMBIRIBEIRA;287,0;CIDADE;QUEDA;0,0;1,0;0,0;0,0;0,0;0,0;0,0;0,0;0,0;2,0;0,0;Longo da via;Chuvoso;Sem defeito;Perfeito estado;Molhada;Perfeito estado;Faixa de retenção;Placas Pare;60 km/h;Dupla;Canteiro central;;
202227773,0;2022-11-22;;1;FINALIZADA;AFOGADOS;RUA SAO MIGUEL;865,0;;EM FRENTE AO 14º BATALHÃO LOGÍSTICO;AFOGADOS;423,0;SUBURBIO;COLISÃO TRASEIRA;1,0;1,0;0,0;0,0;0,0;0,0;0,0;0,0;0,0;1,0;0,0;Longo da via;Chuvoso;Sem defeito;Perfeito estado;Molhada;Perfeito estado;Faixa de pedestre;Não há placas;60 km/h;Dupla;Faixa contínua;;
202227776,0;2022-11-22;;1;FINALIZADA;SANTO AMARO;AV DR JAYME DA FONTE;67,0;;CAMPO DE FUTEBOL / NA RUA DA COMPESA;SANTO AMARO;;CIDADE;COLISÃO COM CICLISTA;1,0;0,0;0,0;1,0;0,0;0,0;0,0;0,0;0,0;1,0;0,0;Longo da via;Bom;Sem defeito;Perfeito estado;Seca;Perfeito estado;Não existe;Não há placas;;;Não existe;;
202227783,0;2022-11-22;;1;FINALIZADA;BOA VIAGEM;AV ENGENHEIRO DOMINGOS FERREIRA;3704,0;RUA JACK AYRES;QUASE EM FRENTE A ESCOLA DE GASTRONOMIA E CONFEITARIA;BOA VIAGEM;;SUBURBIO;COLISÃO TRANSVERSAL;1,0;1,0;0,0;0,0;0,0;0,0;0,0;0,0;0,0;1,0;0,0;Cruzamento;Bom;Não existe;Perfeito estado;Seca;Perfeito estado;Não existe;Outras;60 km/h;Única;Faixa seccionada;;
202227805,0;2022-11-22;;1;FINALIZADA;IMBIRIBEIRA;AV MARECHAL MASCARENHAS DE MORAES;4240,0;;VENEZA DIESEL;IMBIRIBEIRA;;CIDADE;ATROPELAMENTO DE PESSOA;1,0;0,0;0,0;0,0;1,0;0,0;0,0;0,0;0,0;1,0;0,0;Longo da via;Chuvoso;Não existe;Perfeito estado;Molhada;Mal iluminada;Não existe;Não há placas;60 km/h;Dupla;;;
202227810,0;2022-11-22;;1;FINALIZADA;IMBIRIBEIRA;RUA DEZ DE JULHO;211,0;;INTEGRAÇÃO DO AEROPORTO;IMBIRIBEIRA;;SUBURBIO;ATROPELAMENTO DE PESSOA;0,0;0,0;0,0;0,0;1,0;0,0;0,0;0,0;0,0;1,0;0,0;Não informado;Chuvoso;Não existe;Perfeito estado;Seca;Perfeito estado;Faixa de pedestre;Não há placas;;Única;Não existe;;
202227812,0;2022-11-22;;1;FINALIZADA;BOA VISTA;AV CRUZ CABUGA;;;FACULDADE DE DIREITO;BOA VISTA;31,0;;COLISÃO FRONTAL;1,0;1,0;0,0;0,0;0,0;0,0;0,0;0,0;0,0;1,0;0,0;Cruzamento;Chuvoso;Sem defeito;Perfeito estado;Molhada;Perfeito estado;;R-6a;40 km/h;Dupla;Canteiro central;Blocos;
202227832,0;2022-11-23;;1;CANCELADA;APIPUCOS;RUA DOIS IRMAOS;1196,0;;PROX. AO QUARTEL, SENT. DOIS IRMAOS APOS O CANAL;APIPUCOS;;;COLISÃO LATERAL;1,0;1,0;0,0;0,0;0,0;0,0;0,0;0,0;0,0;1,0;0,0;;;;;;;;;;;;;
202227867,0;2022-11-23;;1;FINALIZADA;IBURA;AV DOIS RIOS;250,0;;SENA SAÚDE CONSULTÓRIOS;IBURA;;;COLISÃO LATERAL;1,0;1,0;0,0;0,0;0,0;0,0;0,0;0,0;0,0;1,0;0,0;;;;;;;;;;;;;
202227871,0;2022-11-23;;2;FINALIZADA;AFOGADOS;RUA SAO MIGUEL;132,0;RUA PEDRO CABRAL DE OLIVEIRA;EM FRENTE AO CARTORIO;AFOGADOS;;CIDADE;;1,0;0,0;0,0;0,0;0,0;0,0;1,0;0,0;0,0;0,0;0,0;Cruzamento;Bom;Não existe;Perfeito estado;Seca;Perfeito estado;Outros;Outras;;Dupla;Não existe;;
202227878,0;2022-11-23;;1;FINALIZADA;IPUTINGA;AV MAURICIO DE NASSAU;134,0;RUA ENGENHEIRO MOACYR PARAHYBA;APOS A CLINICA FUNDAÇAÕ  ALTINO VENTURA S/T BR;IPUTINGA;;SUBURBIO;COLISÃO FRONTAL;1,0;1,0;0,0;0,0;0,0;0,0;0,0;0,0;0,0;1,0;0,0;Cruzamento;Bom;Não existe;Não existente;Seca;Perfeito estado;Não existe;Não há placas;;Dupla;Faixa contínua;;
202227891,0;2022-11-23;;1;FINALIZADA;CASA AMARELA;EST DO ENCANAMENTO;1284,0;RUA JADER DE ANDRADE;E/F A CASA DE FESTA ESTRIPULIA;CASA AMARELA;;;COLISÃO FRONTAL;1,0;1,0;0,0;0,0;0,0;0,0;0,0;0,0;0,0;2,0;0,0;Cruzamento;Bom;Não existe;Perfeito estado;Seca;Perfeito estado;Não existe;Placas Pare;;Única;Faixa seccionada;;
202227909,0;2022-11-23;;3;FINALIZADA;CORDEIRO;AV GENERAL SAN MARTIN;;;EM FRENTE AOS CORREIOS;CORDEIRO;403,0;SUBURBIO;QUEDA;0,0;0,0;0,0;0,0;1,0;1,0;0,0;0,0;0,0;0,0;1,0;Longo da via;Bom;Desligado;Perfeito estado;Seca;Perfeito estado;Faixa de pedestre;R-6a;;Dupla;Faixa contínua;;
202227922,0;2022-11-24;;1;FINALIZADA;IPSEP;RUA PINTOR LULA CARDOSO AYRES;S/N;;EM FRENTE A FACTOR COMERCIO, PROX AO SAL E BRASA,;IPSEP;;;COLISÃO FRONTAL;3,0;0,0;0,0;0,0;0,0;0,0;0,0;0,0;0,0;1,0;0,0;;;;;;;;;;;;;
202227924,0;2022-11-24;;2;FINALIZADA;MADALENA;AV VISCONDE DE ALBUQUERQUE;668,0;;EM FRENTE AO HOSPITAL DE ÁVILA;MADALENA;;;COLISÃO LATERAL;2,0;0,0;0,0;0,0;0,0;0,0;0,0;0,0;0,0;0,0;0,0;;;;;;;;;;;;;
202227926,0;2022-11-24;;1;FINALIZADA;HIPÓDROMO;RUA PRUDENTE DE MORAES;124,0;;ULTRA GÁS;HIPÓDROMO;;;COLISÃO LATERAL;1,0;1,0;0,0;0,0;0,0;0,0;0,0;0,0;0,0;1,0;0,0;Cruzamento;Bom;Não existe;Perfeito estado;Seca;Perfeito estado;Faixa de pedestre;Placas Pare;;Dupla;Faixa seccionada;;
202227941,0;2022-11-24;;1;FINALIZADA;IPSEP;RUA PINTOR LULA CARDOSO AYRES;595,0;;EM FRENTE A FATO COMERCIO, PROX AO SAL E BRASA E AO TENIS CLUBE;IPSEP;;;COLISÃO FRONTAL;3,0;0,0;0,0;0,0;0,0;0,0;0,0;0,0;0,0;1,0;0,0;Longo da via;Bom;Não existe;Não existente;Seca;Perfeito estado;Não existe;Não há placas;30 km/h;Única;Não existe;;
202227971,0;2022-11-24;;1;FINALIZADA;GRAÇAS;RUA SOUZA DE ANDRADE;241,0;RUA ANTONIO NOVAIS;POR TRAS DO COLEGIO SAO LUIZ;GRAÇAS;;;COLISÃO FRONTAL;1,0;1,0;0,0;0,0;0,0;0,0;0,0;0,0;0,0;2,0;0,0;Cruzamento;Bom;Não existe;Perfeito estado;Seca;Perfeito estado;Não existe;Placas Pare;;Dupla;Não existe;;
202227975,0;2022-11-24;;2;FINALIZADA;SANTO AMARO;AV GOVERNADOR AGAMENON MAGALHAES;118 A;;SOBRE O VIADUTO DA JOÃO DE BARROS;SANTO AMARO;;SUBURBIO;COLISÃO TRASEIRA;1,0;1,0;0,0;0,0;0,0;0,0;0,0;0,0;0,0;0,0;0,0;;Bom;Não existe;Perfeito estado;Seca;Perfeito estado;Não existe;Não há placas;60 km/h;Dupla;Canteiro central;;
202227980,0;2022-11-24;;1;FINALIZADA;MADALENA;AV CAXANGA;521,0;;EM FRENTE AO COMPAZ MIGUEL ARRAES;MADALENA;489,0;CIDADE;ATROPELAMENTO DE PESSOA;0,0;1,0;0,0;0,0;1,0;0,0;0,0;0,0;0,0;2,0;0,0;Longo da via;Bom;Sem defeito;Incompleta;Seca;Mal conservada;Faixa de pedestre;R-6a;60 km/h;Dupla;Faixa contínua;Faixa seccionada;Canteiro central
202227984,0;2022-11-24;;1;FINALIZADA;CASA FORTE;AV DEZESSETE DE AGOSTO;99,0;;AO LADO DO BRADESCO;CASA FORTE;;CIDADE;COLISÃO FRONTAL;1,0;1,0;0,0;0,0;0,0;0,0;0,0;0,0;0,0;1,0;0,0;Longo da via;Bom;Não existe;Perfeito estado;Seca;Perfeito estado;Não existe;R-6a;60 km/h;Dupla;Faixa seccionada;;
202227987,0;2022-11-24;;1;FINALIZADA;BOA VISTA;AV GOVERNADOR AGAMENON MAGALHAES;;;APOS O BOMPREÇO DA BENFICA  NO GIRADOURO DO BRADESCO SEGUROS  VT 29 NO LOCAL;BOA VISTA;;;COLISÃO LATERAL;1,0;1,0;0,0;0,0;0,0;0,0;0,0;0,0;0,0;1,0;0,0;Longo da via;Bom;Não existe;Perfeito estado;Seca;Perfeito estado;Não existe;R-6a;60 km/h;Dupla;Canteiro central;;
202227988,0;2022-11-24;;1;CANCELADA;ÁGUA FRIA;EST VELHA DE AGUA FRIA;;AV PROFESSOR JOSE DOS ANJOS;ACIDENTE 1 ENVOVENDO DUAS MOTOS;ÁGUA FRIA;;SUBURBIO;COLISÃO LATERAL;0,0;2,0;0,0;0,0;0,0;0,0;0,0;0,0;0,0;2,0;0,0;;;;;;;;;;;;;
202227992,0;2022-11-24;;1;FINALIZADA;AFOGADOS;RUA SAO MIGUEL;;RUA VEREADOR FRANCISCO DE PAULA SANTANA CHICO DA MANOLA;EM FRENTE AO ARMAZEM CORAL;AFOGADOS;;CIDADE;COLISÃO LATERAL;1,0;1,0;0,0;0,0;0,0;0,0;0,0;0,0;0,0;1,0;0,0;Longo da via;Bom;Não existe;Não existente;Seca;Perfeito estado;Não existe;Não há placas;60 km/h;Dupla;Não existe;;
202227995,0;2022-11-24;;1;FINALIZADA;IPUTINGA;AV MARIO ALVARES PEREIRA DE LYRA;139,0;;PROX AO SEMÁFORO 134;IPUTINGA;;;QUEDA;0,0;1,0;0,0;0,0;0,0;0,0;0,0;0,0;0,0;1,0;0,0;;;;;;;;;;;;;
202227996,0;2022-11-24;;1;FINALIZADA;SÃO JOSÉ;CAIS DO APOLO;594,0;;EM FRENTE AO TRIBUNAL REGIONAL FEDERAL;SÃO JOSÉ;;;COLISÃO LATERAL;0,0;2,0;0,0;0,0;0,0;0,0;0,0;0,0;0,0;1,0;0,0;Longo da via;Bom;Não existe;Perfeito estado;Seca;Perfeito estado;;;;Dupla;Canteiro central;;
202228008,0;2022-11-24;;1;FINALIZADA;JORDÃO;AV MARIA IRENE;875,0;;POSTO DE GASOLINA TOTAL;JORDÃO;;;COLISÃO FRONTAL;0,0;2,0;0,0;0,0;0,0;0,0;0,0;0,0;0,0;3,0;0,0;Longo da via;Bom;Sem defeito;Perfeito estado;Seca;Perfeito estado;Faixa de pedestre;;;Dupla;Faixa contínua;;
202228009,0;2022-11-24;;1;FINALIZADA;CORDEIRO;RUA EDUARDO FONSECA;121,0;;;CORDEIRO;;;COLISÃO FRONTAL;1,0;1,0;0,0;0,0;0,0;0,0;0,0;0,0;0,0;1,0;0,0;Cruzamento;Chuvoso;Não existe;Perfeito estado;Seca;Perfeito estado;Não existe;R-6a;;Única;Faixa seccionada;;
202228010,0;2022-11-25;;2;CANCELADA;BOA VIAGEM;RUA DES JOAO PAES;657,0;;EDF ILHA DE GUADALUPE;BOA VIAGEM;;;COLISÃO TRASEIRA;2,0;0,0;0,0;0,0;0,0;0,0;0,0;0,0;0,0;0,0;0,0;;;;;;;;;;;;;
202228055,0;2022-11-25;;1;FINALIZADA;BONGI;EST DO BONGI;365,0;;EM FRENTE AO TOYOTA EMPILHADEIRA;BONGI;;CIDADE;COLISÃO LATERAL;1,0;1,0;0,0;0,0;0,0;0,0;0,0;0,0;0,0;1,0;0,0;Longo da via;Bom;Não existe;Incompleta;Seca;Perfeito estado;Não existe;Não há placas;;Dupla;Não existe;;
202228057,0;2022-11-25;;1;FINALIZADA;BOA VIAGEM;AVENIDA CELSO FURTADO (VIA MANGUE);215,0;;ANTES DO COLEGIO GGE / POR TRÁS DO SUPERMECARDO BIG BOMPREÇO;BOA VIAGEM;;SUBURBIO / PIEDADE;COLISÃO TRASEIRA;2,0;0,0;0,0;0,0;0,0;0,0;0,0;0,0;0,0;2,0;0,0;Ponte;Bom;Não existe;Perfeito estado;Seca;Perfeito estado;Não existe;Outras;50 km/h;Dupla;Canal;;
202228069,0;2022-11-25;;1;FINALIZADA;CASA AMARELA;RUA PADRE LEMOS;743,0;;EM FRENTE AO POSTO DE GASOLINA BR;CASA AMARELA;;;COLISÃO LATERAL;1,0;1,0;0,0;0,0;0,0;0,0;0,0;0,0;0,0;1,0;0,0;Longo da via;Bom;Não existe;Não existente;Seca;Perfeito estado;Não existe;Não há placas;;Dupla;Não existe;;
202228075,0;2022-11-25;;1;FINALIZADA;SAN MARTIN;AV GENERAL SAN MARTIN;2337,0;;NO GIRADOURO DE SAN MARTIN;SAN MARTIN;;SUBURBIO;ATROPELAMENTO DE PESSOA;1,0;0,0;0,0;0,0;1,0;0,0;0,0;0,0;0,0;1,0;0,0;Rotatória;Bom;Não existe;Perfeito estado;Seca;Perfeito estado;Não existe;Não há placas;;Única;Não existe;;
202228076,0;2022-11-25;;1;FINALIZADA;CAXANGÁ;AV CAXANGA;;;E/F AO ESPAÇO CIDADANIA  VT 13 NO LOCAL  S/T CID;CAXANGÁ;;;COLISÃO TRASEIRA;1,0;1,0;0,0;0,0;0,0;0,0;0,0;0,0;0,0;1,0;0,0;Longo da via;Bom;Não existe;Incompleta;Seca;Perfeito estado;Não existe;Não há placas;;Dupla;Canteiro central;;
202228085,0;2022-11-25;;1;FINALIZADA;CAMPO GRANDE;RUA ODORICO MENDES;882,0;;AO LADO DO INSTITUTO DE CRIMINASLISTICA IC;CAMPO GRANDE;;;COLISÃO LATERAL;0,0;1,0;0,0;0,0;0,0;0,0;0,0;1,0;0,0;1,0;0,0;Cruzamento;Bom;Sem defeito;Perfeito estado;Seca;Perfeito estado;Não existe;Outras;40 km/h;Dupla;Blocos;;
202228102,0;2022-11-26;;1;FINALIZADA;BOA VIAGEM;RUA VISCONDE DE JEQUITINHONHA;;RUA PROFESSOR MARIO CASTRO;SEMAFORO 158;BOA VIAGEM;;;COLISÃO FRONTAL;1,0;1,0;0,0;0,0;0,0;0,0;0,0;0,0;0,0;1,0;0,0;Cruzamento;Bom;Sem defeito;Perfeito estado;Seca;Perfeito estado;Faixa de pedestre;Não há placas;;Única;Faixa seccionada;;
202228120,0;2022-11-26;;1;FINALIZADA;SANTO AMARO;RUA DOS PALMARES;;RUA DO POMBAL;PROX. A CLINICA WALDEMAR DE OLIVEIRA;SANTO AMARO;;;COLISÃO LATERAL;1,0;1,0;0,0;0,0;0,0;0,0;0,0;0,0;0,0;1,0;0,0;Cruzamento;Bom;Não existe;Perfeito estado;Seca;Perfeito estado;;Não há placas;;Dupla;Faixa seccionada;Canteiro central;
202228130,0;2022-11-26;;1;FINALIZADA;SAN MARTIN;RUA VINTE E UM DE ABRIL;3470,0;;PROX AO MERCADINHO COMPRE MAIS;SAN MARTIN;;SUBURBIO;ATROPELAMENTO DE PESSOA;1,0;0,0;0,0;0,0;1,0;0,0;0,0;0,0;0,0;1,0;0,0;Longo da via;Bom;Não existe;Não existente;Seca;Perfeito estado;Não existe;Não há placas;40 km/h;Dupla;Faixa seccionada;;
202228135,0;2022-11-26;;1;FINALIZADA;BOA VIAGEM;RUA VISCONDE DE JEQUITINHONHA;;RUA PROFESSOR MARIO CASTRO;NO SEMAFORO 158;BOA VIAGEM;;;COLISÃO LATERAL;1,0;1,0;0,0;0,0;0,0;0,0;0,0;0,0;0,0;1,0;0,0;;;;;;;;;;;;;
202228155,0;2022-11-26;;2;CANCELADA;CORDEIRO;RUA N S DA SAUDE;252,0;;EXPOSIÇÕES DE ANIMAIS, DROGASIL;CORDEIRO;;;COLISÃO FRONTAL;2,0;0,0;0,0;0,0;0,0;0,0;0,0;0,0;0,0;0,0;0,0;;;;;;;;;;;;;
202228164,0;2022-11-26;;1;FINALIZADA;SAN MARTIN;AV GENERAL SAN MARTIN;1648 B;;PIZZARIA PASSIRA;SAN MARTIN;;;COLISÃO FRONTAL;1,0;1,0;0,0;0,0;0,0;0,0;0,0;0,0;0,0;1,0;0,0;Cruzamento;Bom;Não existe;Perfeito estado;Seca;Perfeito estado;Não existe;Não há placas;;Dupla;Faixa contínua;;
202228171,0;2022-11-27;;1;FINALIZADA;BOA VIAGEM;AV BOA VIAGEM;2724,0;;EM FRENTE A PADARIA BOA VIAGEM;BOA VIAGEM;;CIDADE;ATROPELAMENTO DE PESSOA;1,0;0,0;0,0;0,0;1,0;0,0;0,0;0,0;0,0;1,0;0,0;Longo da via;Bom;Não existe;Perfeito estado;Seca;Perfeito estado;Não existe;Não há placas;;Única;Faixa seccionada;;
202228190,0;2022-11-27;;1;FINALIZADA;TORRE;RUA CLOVIS BEVILAQUA;50,0;RUA AGUAS BELAS;APOS AO RESTAURANTE IPON;TORRE;;;QUEDA;0,0;1,0;0,0;0,0;0,0;0,0;0,0;0,0;0,0;1,0;0,0;Cruzamento;Bom;Não existe;Perfeito estado;Seca;Perfeito estado;Outros;Outras;;Dupla;Não existe;;
202228212,0;2022-11-27;;1;CANCELADA;DERBY;RUA JENER DE SOUZA;;;EM FRENTE AO QUARTEL DO DERBY;DERBY;;;COLISÃO LATERAL;1,0;1,0;0,0;0,0;0,0;0,0;0,0;0,0;0,0;1,0;0,0;;;;;;;;;;;;;
202228215,0;2022-11-27;;2;FINALIZADA;AREIAS;RUA IPOJUCA;918,0;;PROXIMOA ESCOLA DOZE DE OUTUBRO;AREIAS;;;CHOQUE;0,0;0,0;0,0;0,0;0,0;0,0;0,0;0,0;0,0;0,0;0,0;;;;;;;;;;;;;
202228217,0;2022-11-27;;1;FINALIZADA;SANTO ANTÔNIO;AV GUARARAPES;;AV DANTAS BARRETO;AV DANTAS BARRETO;SANTO ANTÔNIO;15,0;;COLISÃO LATERAL;1,0;0,0;0,0;0,0;0,0;1,0;0,0;0,0;0,0;1,0;0,0;Cruzamento;Bom;Sem defeito;Perfeito estado;Seca;Perfeito estado;Não existe;Não há placas;;Dupla;;;
202228237,0;2022-11-27;;1;FINALIZADA;PARNAMIRIM;RUA VIRGINIA LORETO;188,0;;PROX RESTAURANTE GUAIAMUM GIGANTE;PARNAMIRIM;;;COLISÃO LATERAL;1,0;1,0;0,0;0,0;0,0;0,0;0,0;0,0;0,0;1,0;0,0;Cruzamento;Bom;Não existe;Perfeito estado;Seca;Perfeito estado;Não existe;R-6a;;Única;Faixa seccionada;;
202228260,0;2022-11-28;;1;FINALIZADA;CAMPO GRANDE;RUA ODORICO MENDES;S/N;RUA VISCONDE DE CAIRU;PROX AO0 COLEGIO JESUS CRUCIFICADO;CAMPO GRANDE;;;COLISÃO LATERAL;1,0;1,0;0,0;0,0;0,0;0,0;0,0;0,0;0,0;1,0;0,0;;;;;;;;;;;;;
202228279,0;2022-11-28;;1;FINALIZADA;ENCRUZILHADA;AV BEBERIBE;433,0;;PROXIMO AO BANCO DO BRASIL;ENCRUZILHADA;;;COLISÃO LATERAL;1,0;1,0;0,0;0,0;0,0;0,0;0,0;0,0;0,0;1,0;0,0;Cruzamento;Bom;Não existe;Perfeito estado;Seca;Perfeito estado;Não existe;Não há placas;;Dupla;Faixa contínua;;
202228281,0;2022-11-28;;1;FINALIZADA;MADALENA;RUA JOSE OSORIO;522,0;;PROX A VISTORIA DO DETRAN DA MADALENA;MADALENA;;SUBURBIO;COLISÃO FRONTAL;1,0;1,0;0,0;0,0;0,0;0,0;0,0;0,0;0,0;1,0;0,0;Cruzamento;Bom;Não existe;Incompleta;Seca;Mal conservada;Não existe;R-6a;40 km/h;Dupla;Faixa contínua;Faixa seccionada;
202228284,0;2022-11-28;;1;FINALIZADA;SAN MARTIN;AV GENERAL SAN MARTIN;;;EM FRENTE AO NOVO ATACAREJO;SAN MARTIN;;;COLISÃO LATERAL;1,0;1,0;0,0;0,0;0,0;0,0;0,0;0,0;0,0;1,0;0,0;Outros;Bom;Sem defeito;Perfeito estado;Seca;Perfeito estado;Outros;R-5a;;Dupla;Não existe;;
202228289,0;2022-11-28;;1;FINALIZADA;VASCO DA GAMA;RUA VASCO DA GAMA;667,0;;EM FRENTE AO SUPERMERCADO PERNAMBUCANO;VASCO DA GAMA;;SUBURBIO;COLISÃO FRONTAL;0,0;2,0;0,0;0,0;0,0;0,0;0,0;0,0;0,0;1,0;0,0;Longo da via;Bom;Não existe;Perfeito estado;Seca;Perfeito estado;Não existe;R-6a;30 km/h;Dupla;Faixa seccionada;;
202228311,0;2022-11-28;;1;FINALIZADA;CASA FORTE;AV DEZESSETE DE AGOSTO;;;EM FRENTE A PRAÇA DE CASA FORTE;CASA FORTE;;SUBURBIO;COLISÃO FRONTAL;2,0;0,0;0,0;0,0;0,0;0,0;0,0;0,0;0,0;2,0;0,0;Longo da via;Bom;Não existe;Perfeito estado;Seca;Perfeito estado;Não existe;Não há placas;;Dupla;Faixa contínua;;
202228313,0;2022-11-28;;2;FINALIZADA;CASA AMARELA;AV NORTE MIGUEL ARRAES DE ALENCAR;4913,0;;;CASA AMARELA;;SUBURBIO;COLISÃO TRASEIRA;2,0;0,0;0,0;0,0;0,0;0,0;0,0;0,0;0,0;0,0;0,0;Longo da via;Bom;Não existe;Perfeito estado;Seca;Perfeito estado;Não existe;Não há placas;;Dupla;Faixa seccionada;;
202228316,0;2022-11-28;;1;FINALIZADA;APIPUCOS;RUA DE APIPUCOS;261,0;;AÇUDE DE APIPUCOS;APIPUCOS;;;COLISÃO TRASEIRA;1,0;1,0;0,0;0,0;0,0;0,0;0,0;0,0;0,0;2,0;0,0;Longo da via;Bom;Não existe;Perfeito estado;Seca;Perfeito estado;Não existe;Não há placas;;Dupla;Faixa contínua;;
202228335,0;2022-11-29;;1;FINALIZADA;IPUTINGA;AV CAXANGA;;;EM FRENTE AO GOLF CLUB SENT. CIDADE;IPUTINGA;;;COLISÃO TRASEIRA;1,0;1,0;0,0;0,0;0,0;0,0;0,0;0,0;0,0;1,0;0,0;;;;;;;;;;;;;
202228337,0;2022-11-29;;1;FINALIZADA;VÁRZEA;RUA ACADEMICO HELIO RAMOS;238,0;;PROX. AO RESTAURANTE CEU DA BOCA;VÁRZEA;;;COLISÃO LATERAL;1,0;1,0;0,0;0,0;0,0;0,0;0,0;0,0;0,0;1,0;0,0;;;;;;;;;;;;;
202228343,0;2022-11-29;;1;FINALIZADA;ESPINHEIRO;RUA CONS PORTELA;1716,0;AV JOAO DE BARROS;POR TRÁS DO BANCO ITAÚ;ESPINHEIRO;;;COLISÃO TRASEIRA;1,0;1,0;0,0;0,0;0,0;0,0;0,0;0,0;0,0;1,0;0,0;;;;;;;;;;;;;
202228351,0;2022-11-29;;1;FINALIZADA;ESPINHEIRO;RUA CONS PORTELA;;AV JOAO DE BARROS;AV JOÃO DE BARROS;ESPINHEIRO;;;COLISÃO LATERAL;1,0;2,0;0,0;0,0;0,0;0,0;0,0;0,0;0,0;2,0;0,0;;;;;;;;;;;;;
202228356,0;2022-11-29;;1;FINALIZADA;SANTO AMARO;RUA DOS PALMARES;;;EM FRENTE A POLICLINICA VALDEMAR DE OLIVEIRA;SANTO AMARO;;;COLISÃO LATERAL;1,0;1,0;0,0;0,0;0,0;0,0;0,0;0,0;0,0;1,0;0,0;;;;;;;;;;;;;
202228373,0;2022-11-29;;1;FINALIZADA;PINA;AV ANTONIO DE GOES;742,0;;EM FRENTE AO EMPRESARIAL JOPIN;PINA;;;COLISÃO TRASEIRA;1,0;1,0;0,0;0,0;0,0;0,0;0,0;0,0;0,0;1,0;0,0;;;;;;;;;;;;;
202228376,0;2022-11-29;;1;FINALIZADA;CORDEIRO;AV CAXANGA;1777,0;;RANCHO ALEGRE PRODUTOS AGROPECUÁRIO;CORDEIRO;;;ATROPELAMENTO DE PESSOA;0,0;1,0;0,0;0,0;1,0;0,0;0,0;0,0;0,0;1,0;0,0;;;;;;;;;;;;;
202228387,0;2022-11-29;;1;FINALIZADA;IPUTINGA;EST DO BARBALHO;;;E/F  AUTO ESCOLA CEFOC PROX AO DETRAN;IPUTINGA;;;COLISÃO FRONTAL;0,0;0,0;1,0;0,0;0,0;1,0;0,0;0,0;0,0;1,0;0,0;;;;;;;;;;;;;
202228390,0;2022-11-29;;1;FINALIZADA;IPSEP;AV RECIFE;;;E/F AO SUPERMERCADO ECONOMICO;IPSEP;;CIDADE;COLISÃO FRONTAL;0,0;2,0;0,0;0,0;0,0;0,0;0,0;0,0;0,0;2,0;0,0;;;;;;;;;;;;;