Protocolo;data;hora;natureza;situacao;bairro;endereco;numero;detalhe_endereco_acidente;complemento;bairro_cruzamento;num_semaforo;sentido_via;tipo;auto;moto;ciclom;ciclista;pedestre;onibus;caminhao;viatura;outros;vitimas;vitimasfatais;acidente_verificado;tempo_clima;situacao_semaforo;sinalizacao;condicao_via;conservacao_via;ponto_controle;situacao_placa;velocidade_max_via;mao_direcao;divisao_via1;divisao_via2;divisao_via3
202230202,0;2022-12-16;;1;FINALIZADA;MADALENA;RUA MENEZES DRUMOND;271,0;;NA FRENTE DO EDIFICIO PRINCE;MADALENA;;;COLISÃO FRONTAL;1,0;1,0;0,0;0,0;0,0;0,0;0,0;0,0;0,0;1,0;0,0;Cruzamento;Bom;Não existe;Perfeito estado;Seca;Perfeito estado;Faixa de pedestre;"Placas ""Pare""";;Dupla;Não existe;;
202230212,0;2022-12-16;;1;CANCELADA;PARNAMIRIM;RUA TITO ROSAS;375,0;;MC DONALDS;PARNAMIRIM;;;COLISÃO FRONTAL;0,0;2,0;0,0;0,0;0,0;0,0;0,0;0,0;0,0;2,0;0,0;;;;;;;;;;;;;
202230216,0;2022-12-16;;1;FINALIZADA;BOA VIAGEM;AV ENGENHEIRO DOMINGOS FERREIRA;;;AO LADO DO CARREFOUR;BOA VIAGEM;;;COLISÃO FRONTAL;1,0;1,0;0,0;0,0;0,0;0,0;0,0;0,0;0,0;1,0;0,0;Longo da via;Bom;Não existe;Perfeito estado;Seca;Perfeito estado;Não existe;Não há placas;60 km/h;Dupla;Canteiro central;;
202230222,0;2022-12-16;;2;FINALIZADA;BOA VISTA;RUA HENRIQUE DIAS;208,0;;HOTEL DAS FRONTEIRAS;BOA VISTA;;CIDADE;CHOQUE;1,0;0,0;0,0;0,0;0,0;0,0;1,0;0,0;0,0;0,0;0,0;Longo da via;Bom;Não existe;Perfeito estado;Seca;Perfeito estado;Não existe;R-6a;;Única;Faixa seccionada;;
202230247,0;2022-12-17;;1;FINALIZADA;ÁGUA FRIA;AV BEBERIBE;;;EM FRENTE AO MERCADO DE AGUA FRIA;ÁGUA FRIA;;;COLISÃO TRANSVERSAL;0,0;2,0;0,0;0,0;0,0;0,0;0,0;0,0;0,0;2,0;0,0;Longo da via;Bom;Não existe;Ilegível;Seca;Mal conservada;Não existe;"Placas ""Pare""";30 km/h;Dupla;Outros;;
202230253,0;2022-12-17;;1;FINALIZADA;AFOGADOS;RUA VINTE E UM DE ABRIL;220,0;;PRÓX. À MASTERBOI;AFOGADOS;;;COLISÃO COM CICLISTA;1,0;0,0;0,0;1,0;0,0;0,0;0,0;0,0;0,0;1,0;0,0;Longo da via;Bom;Sem defeito;Perfeito estado;Seca;Perfeito estado;Faixa de pedestre;Não há placas;;Única;Não existe;;
202230254,0;2022-12-17;;1;FINALIZADA;CASA AMARELA;RUA DA HARMONIA;599,0;;APÓS O MARTELINHO DE OURO / PRÓX. À AD CLINIC;CASA AMARELA;;;COLISÃO FRONTAL;1,0;1,0;0,0;0,0;0,0;0,0;0,0;0,0;0,0;1,0;0,0;Cruzamento;Bom;Não existe;Perfeito estado;Seca;Perfeito estado;Não existe;Outras;30 km/h;Dupla;Faixa seccionada;;
202230274,0;2022-12-17;;1;FINALIZADA;DERBY;AV GOVERNADOR AGAMENON MAGALHAES;211,0;;EM FRENTE A PRAÇA DO DERBY, EM FRENTE A CLINICA ALTERNATIVA / SENTIDO OLINDA;DERBY;;;QUEDA;0,0;1,0;0,0;0,0;0,0;0,0;0,0;0,0;0,0;2,0;0,0;Longo da via;Bom;Não existe;Perfeito estado;Seca;Mal conservada;Não existe;Outras;60 km/h;Única;Faixa seccionada;;
202230280,0;2022-12-17;;1;FINALIZADA;SÃO JOSÉ;RUA IMPERIAL;1217,0;RUA BOM SUCESSO;COLISAO SOBE  O VIADUTO PAPA JOAO PAULO II (VIA DUTO JOANA BEZERA);SÃO JOSÉ;;SUBURBIO;COLISÃO FRONTAL;1,0;1,0;0,0;0,0;0,0;0,0;0,0;0,0;0,0;1,0;0,0;Cruzamento;Bom;Não existe;Incompleta;Seca;Perfeito estado;Não existe;R-6a;60 km/h;Única;Faixa seccionada;;
202230289,0;2022-12-17;;1;FINALIZADA;SAN MARTIN;RUA COMENDADOR JOSE VITA;;RUA MOSSORO;PROX AO BAR SAN BOTEQUIM;SAN MARTIN;;;COLISÃO LATERAL;1,0;1,0;0,0;0,0;0,0;0,0;0,0;0,0;0,0;1,0;0,0;Cruzamento;Bom;Não existe;Não existente;Seca;Perfeito estado;Não existe;Não há placas;30 km/h;Dupla;Não existe;;
202230290,0;2022-12-17;;2;FINALIZADA;ÁGUA FRIA;RUA DR PEREIRA DA SILVA;88,0;;NA RUA DO ITALIANO BEBEIDAS;ÁGUA FRIA;;;COLISÃO TRASEIRA;1,0;0,0;0,0;0,0;0,0;0,0;1,0;0,0;0,0;0,0;0,0;;;;;;;;;;;;;
202230322,0;2022-12-17;;1;FINALIZADA;VASCO DA GAMA;RUA VASCO DA GAMA;1895,0;;NA SUBIDA DO VASCO DA GAMA PROXIMO A  NOVA DESCOBERTA;VASCO DA GAMA;;;COLISÃO FRONTAL;1,0;1,0;0,0;0,0;0,0;0,0;0,0;0,0;0,0;2,0;0,0;;;;;;;;;;;;;
202230326,0;2022-12-18;;1;FINALIZADA;SÃO JOSÉ;RUA IMPERIAL;;;SEMAFORO 511;SÃO JOSÉ;511,0;SUBURBIO;;1,0;1,0;0,0;0,0;0,0;0,0;0,0;0,0;0,0;1,0;0,0;Cruzamento;Bom;Sem defeito;Perfeito estado;Seca;Perfeito estado;Faixa de pedestre;Não há placas;;Única;Faixa seccionada;;
202230340,0;2022-12-18;;1;FINALIZADA;BOA VIAGEM;RUA DES JOAO PAES;66,0;;EM FRENTE AO MASCOTE PET CENTER;BOA VIAGEM;;;COLISÃO LATERAL;1,0;1,0;0,0;0,0;0,0;0,0;0,0;0,0;0,0;1,0;0,0;Cruzamento;Bom;Não existe;Perfeito estado;Seca;Perfeito estado;Faixa de pedestre;"Placas ""Pare""";;Única;Não existe;;
202230391,0;2022-12-18;;1;FINALIZADA;MADALENA;RUA DEMOCRITO DE SOUZA FILHO;477,0;;NA FRENTE DO EDIFICIO BOSQUE DE BOULOGNE;MADALENA;;;COLISÃO LATERAL;1,0;1,0;0,0;0,0;0,0;0,0;0,0;0,0;0,0;1,0;0,0;Cruzamento;Bom;Não existe;Perfeito estado;Seca;Perfeito estado;Não existe;Não há placas;30 km/h;Única;Não existe;;
202230421,0;2022-12-19;;1;FINALIZADA;SANTO AMARO;AV GOVERNADOR AGAMENON MAGALHAES;2615,0;;APOS O CIRCULO MILITAR, NA SUBIDA DO VIADUTO SENT. OLINDA;SANTO AMARO;;SUBURBIO;COLISÃO TRASEIRA;1,0;1,0;0,0;0,0;0,0;0,0;0,0;0,0;0,0;2,0;0,0;Longo da via;Bom;Não existe;Perfeito estado;Seca;Perfeito estado;Não existe;Não há placas;60 km/h;Dupla;Faixa contínua;;
202230426,0;2022-12-19;;1;FINALIZADA;SANTO ANTÔNIO;RUA IMPERADOR PEDRO SEGUNDO;446,0;RUA PRIMEIRO DE MARCO;ESQUINA COM A PRIMEIDO DE MARÇO;SANTO ANTÔNIO;18,0;CIDADE;QUEDA;0,0;1,0;0,0;0,0;0,0;0,0;0,0;0,0;0,0;1,0;0,0;Cruzamento;Bom;Sem defeito;Perfeito estado;Oleosa;Perfeito estado;Faixa de pedestre;Não há placas;40 km/h;Única;Faixa seccionada;;
202230428,0;2022-12-19;;2;FINALIZADA;MADALENA;AV VISCONDE DE ALBUQUERQUE;137,0;;EM FRENTE AO Nº 137;MADALENA;;CIDADE;COLISÃO TRASEIRA;0,0;0,0;0,0;0,0;0,0;1,0;0,0;1,0;0,0;0,0;0,0;Longo da via;Bom;Não existe;Perfeito estado;Seca;Perfeito estado;Não existe;Outras;;Única;Faixa seccionada;;
202230429,0;2022-12-19;;1;FINALIZADA;TORRE;RUA JOSE BONIFACIO;1210,0;RUA MARCOS ANDRE;EM FRENTE AO CARREFOUR;TORRE;487,0;SUBURBIO;COLISÃO LATERAL;1,0;1,0;0,0;0,0;0,0;0,0;0,0;0,0;0,0;1,0;0,0;Longo da via;Bom;Sem defeito;Perfeito estado;Seca;Perfeito estado;Não existe;R-6a;;Dupla;Faixa seccionada;Canteiro central;
202230431,0;2022-12-19;;1;FINALIZADA;CASA AMARELA;RUA CONS NABUCO;271,0;RUA ANTONIO DE CASTRO;PRÓXIMO AO BOMPREÇO;CASA AMARELA;;CIDADE;COLISÃO LATERAL;1,0;1,0;0,0;0,0;0,0;0,0;0,0;0,0;0,0;2,0;0,0;Longo da via;Bom;Não existe;Perfeito estado;Seca;Perfeito estado;;R-6a;;Dupla;Não existe;;
202230441,0;2022-12-19;;1;FINALIZADA;CASA AMARELA;AV NORTE MIGUEL ARRAES DE ALENCAR;5623,0;;LADO OPOSTO AO NÚMERO 5623 PRÓXIMO A ASSOCIAÇÃO DAS COSTUREIRAS DE CASA AMARAELA;CASA AMARELA;;CIDADE;COLISÃO LATERAL;1,0;1,0;0,0;0,0;0,0;0,0;0,0;0,0;0,0;1,0;0,0;Longo da via;Bom;Não existe;Perfeito estado;Seca;Perfeito estado;Não existe;Não há placas;;Dupla;Canteiro central;;
202230448,0;2022-11-30;;1;FINALIZADA;DERBY;AV GOVERNADOR AGAMENON MAGALHAES;;;SOB O SEMÁFORO;DERBY;75,0;OLINDA;COLISÃO TRASEIRA;0,0;2,0;0,0;0,0;0,0;0,0;0,0;0,0;0,0;1,0;0,0;Longo da via;Chuvoso;Sem defeito;Perfeito estado;Molhada;Perfeito estado;Agente;;60 km/h;Única;Faixa contínua;Faixa seccionada;
202230453,0;2022-12-02;;1;FINALIZADA;BOA VIAGEM;AVENIDA CELSO FURTADO (VIA MANGUE);165,0;;DESCIDA DO VIADUTO,  19 BPM;BOA VIAGEM;;CIDADE;ATROPELAMENTO DE PESSOA;1,0;0,0;0,0;0,0;2,0;0,0;0,0;0,0;0,0;2,0;0,0;Viaduto;Bom;Não existe;Perfeito estado;Seca;Perfeito estado;Não existe;Não há placas;;Única;Não existe;;
202230454,0;2022-12-03;;1;FINALIZADA;AFOGADOS;RUA SANTOS ARAUJO;;;PADRE CÍCERO AUTOPEÇAS;AFOGADOS;;CIDADE;COLISÃO LATERAL;0,0;1,0;0,0;0,0;0,0;0,0;0,0;0,0;0,0;1,0;0,0;Longo da via;Bom;Sem defeito;Perfeito estado;Seca;Perfeito estado;Agente;Outras;;Única;Faixa seccionada;;
202230462,0;2022-12-19;;1;FINALIZADA;CORDEIRO;RUA GOMES TABORDA;869,0;RUA FREI TEOFILO DE VIRGOLETTA;PROX DESMOTO PEÇAS E ASSESSÓRIO;CORDEIRO;;CIDADE;COLISÃO LATERAL;0,0;1,0;0,0;0,0;0,0;0,0;0,0;0,0;1,0;1,0;0,0;Esquina;Bom;Não existe;Não existente;Seca;Mal conservada;Não existe;Não há placas;;Dupla;Não existe;;
202230465,0;2022-12-19;;1;CANCELADA;PRADO;RUA CARLOS GOMES;932,0;;PROX AO POSTO DE SAUDE ROMERO MARQUES;PRADO;;;COLISÃO LATERAL;1,0;1,0;0,0;0,0;0,0;0,0;0,0;0,0;0,0;1,0;0,0;;;;;;;;;;;;;
202230467,0;2022-12-19;;1;FINALIZADA;ILHA DO LEITE;AV LINS PETIT;161,0;;NA FRENTE DO HOSPITAL HGMI;ILHA DO LEITE;;SUBURBIO;COLISÃO LATERAL;1,0;1,0;0,0;0,0;0,0;0,0;0,0;0,0;0,0;1,0;0,0;Longo da via;Bom;Não existe;Não existente;Seca;Perfeito estado;Não existe;Outras;40 km/h;Única;Não existe;;
202230469,0;2022-12-19;;2;FINALIZADA;IPUTINGA;AV MAURICIO DE NASSAU;156,0;AV PROFESSOR JOAQUIM CAVALCANTI;;IPUTINGA;;CIDADE;;1,0;0,0;0,0;0,0;0,0;0,0;1,0;0,0;0,0;0,0;0,0;Outros;Bom;Não existe;Perfeito estado;Seca;Perfeito estado;Não existe;Outras;;Dupla;;;
202230471,0;2022-12-19;;2;FINALIZADA;TORRE;RUA REAL DA TORRE;1275,0;RUA CONDE DE IRAJA;AO LADO DO EXTRA;TORRE;106,0;SUBURBIO;COLISÃO FRONTAL;1,0;1,0;0,0;0,0;0,0;0,0;0,0;1,0;0,0;0,0;0,0;Longo da via;Bom;Sem defeito;Perfeito estado;Seca;Perfeito estado;Faixa de pedestre;;;Única;;;
202230503,0;2022-12-19;;1;FINALIZADA;ILHA JOANA BEZERRA;AV BEIRA RIO;;;PRÓXIMO AO FORUM / ACADEMIA DA CIDADE;ILHA JOANA BEZERRA;;SUBURBIO;COLISÃO LATERAL;1,0;1,0;0,0;0,0;0,0;0,0;0,0;0,0;0,0;1,0;0,0;Longo da via;Bom;Não existe;Perfeito estado;Seca;Perfeito estado;Não existe;R-6a;;Dupla;Faixa contínua;;
202230505,0;2022-12-19;;2;FINALIZADA;BOA VIAGEM;RUA DR GASPAR REGUEIRA COSTA;36,0;;"RUA ""E 3"", PRÓXIMO A LOJA C&A / ESTACIONAMENTO DO SHOPPING RECIFE";BOA VIAGEM;;;COLISÃO LATERAL;2,0;0,0;0,0;0,0;0,0;0,0;0,0;0,0;0,0;0,0;0,0;;;;;;;;;;;;;
202230514,0;2022-12-19;;1;FINALIZADA;SAN MARTIN;AV CONSUL VILARES FRAGOSO;;RUA OUREM;COM A RUA ORÉM;SAN MARTIN;;CIDADE;COLISÃO LATERAL;1,0;1,0;0,0;0,0;0,0;0,0;0,0;0,0;0,0;2,0;0,0;Esquina;Bom;Não existe;Perfeito estado;Seca;Perfeito estado;Não existe;Não há placas;;Dupla;Não existe;;
202230517,0;2022-12-19;;1;FINALIZADA;CAMPO GRANDE;RUA ODORICO MENDES;206,0;RUA VISCONDE DE CAIRU;COM A RUA VISCONDE DE CAIRÚ, APOIS O CLUBE DAS PAZ;CAMPO GRANDE;;;COLISÃO LATERAL;1,0;1,0;0,0;0,0;0,0;0,0;0,0;0,0;0,0;2,0;0,0;Cruzamento;Bom;Não existe;Perfeito estado;Seca;Perfeito estado;Não existe;R-1;;Dupla;Não existe;;
202230520,0;2022-12-20;;2;CANCELADA;BOA VIAGEM;AV ENGENHEIRO DOMINGOS FERREIRA;844,0;;EM FRENTE A CARRILHO VEÍCULOS;BOA VIAGEM;;;CHOQUE;1,0;0,0;0,0;0,0;0,0;0,0;0,0;0,0;0,0;0,0;0,0;;;;;;;;;;;;;
202230535,0;2022-12-20;;1;FINALIZADA;JARDIM SÃO PAULO;RUA OSORIO BORBA;338,0;AV SAO PAULO;ENFRENTE AO MERCADINHO RENDE MAIS;JARDIM SÃO PAULO;;CIDADE;ATROPELAMENTO DE PESSOA;1,0;0,0;0,0;0,0;1,0;0,0;0,0;0,0;0,0;1,0;0,0;Cruzamento;Bom;Não existe;Incompleta;Seca;Perfeito estado;Não existe;R-6c;30 km/h;Única;Não existe;;
202230542,0;2022-12-20;;1;FINALIZADA;SAN MARTIN;AV ENGENHEIRO ABDIAS DE CARVALHO;;;PROXIMO AO COMPAZ DA ABDIAS DE CARVALHO;SAN MARTIN;668,0;CIDADE;COLISÃO LATERAL;1,0;1,0;0,0;0,0;0,0;0,0;0,0;0,0;0,0;2,0;0,0;Longo da via;Bom;Sem defeito;Perfeito estado;Seca;Perfeito estado;Não existe;Não há placas;60 km/h;Dupla;Faixa contínua;Canteiro central;
202230573,0;2022-12-20;;1;FINALIZADA;CAXANGÁ;AV CAXANGA;;;UNISSAU / HABITACIONAL MARCOS FREIRE;CAXANGÁ;45,0;SUBURBIO;COLISÃO LATERAL;0,0;1,0;0,0;0,0;0,0;0,0;1,0;0,0;0,0;1,0;0,0;Longo da via;Bom;Sem defeito;Ilegível;Seca;Perfeito estado;;Não há placas;;Dupla;Canteiro central;;
202230580,0;2022-12-20;;1;FINALIZADA;CASA AMARELA;RUA CONS PERETTI;115,0;RUA OSCAR DE BARROS;PRÓX. AO DISTRITO SANITÁRIO III;CASA AMARELA;;SUBURBIO;COLISÃO LATERAL;1,0;0,0;0,0;0,0;0,0;0,0;1,0;0,0;0,0;1,0;0,0;Cruzamento;Bom;Não existe;Perfeito estado;Seca;Perfeito estado;Faixa de pedestre;"Placas ""Pare""";;Única;Faixa contínua;;
202230584,0;2022-12-20;;2;FINALIZADA;COELHOS;RUA DOS COELHOS;186,0;;EM FRENTE AO Nº 186;COELHOS;;SUBURBIO;;2,0;0,0;0,0;0,0;0,0;0,0;0,0;0,0;0,0;0,0;0,0;Longo da via;Bom;Não existe;Perfeito estado;Seca;Perfeito estado;Não existe;Não há placas;;Única;Não existe;;
202230586,0;2022-12-20;;1;FINALIZADA;AREIAS;AV DR JOSE RUFINO;;;EM FRENTE A ESCOLA PRESIDENTE HUMBERTO CASTELO BRANCO;AREIAS;156,0;CIDADE;COLISÃO LATERAL;1,0;1,0;0,0;0,0;0,0;0,0;0,0;0,0;0,0;1,0;0,0;Longo da via;Bom;Sem defeito;Perfeito estado;Seca;Perfeito estado;Faixa de pedestre;Não há placas;40 km/h;Dupla;Faixa contínua;;
202230588,0;2022-12-20;;1;FINALIZADA;BOA VIAGEM;RUA BRUNO VELOSO;;;EM FRENTE ACADEMIA BODY TECH/ NA ENTRADA DO SHOPPING RECIFE;BOA VIAGEM;;SUBURBIO;ATROPELAMENTO DE PESSOA;1,0;0,0;0,0;0,0;1,0;0,0;0,0;0,0;0,0;1,0;0,0;Longo da via;Bom;Não existe;Perfeito estado;Seca;Perfeito estado;Faixa de pedestre;R-6a;;Única;Não existe;;
202230593,0;2022-12-16;;1;FINALIZADA;SANTO AMARO;AV CRUZ CABUGA;212,0;;;SANTO AMARO;523,0;SUBURBIO;ATROPELAMENTO DE PESSOA;1,0;0,0;0,0;0,0;1,0;0,0;0,0;0,0;0,0;1,0;0,0;Longo da via;Bom;Sem defeito;Perfeito estado;Seca;Perfeito estado;Faixa de pedestre;Não há placas;40 km/h;Dupla;;;
202230602,0;2022-12-20;;2;FINALIZADA;CASA AMARELA;RUA BELA VISTA;;RUA ENGENHEIRO DOMBER;EM FRENTE AO Nº 212;CASA AMARELA;;SUBURBIO;COLISÃO TRANSVERSAL;1,0;0,0;0,0;0,0;0,0;1,0;0,0;0,0;0,0;0,0;0,0;Cruzamento;Bom;Não existe;Incompleta;Seca;Perfeito estado;Não existe;Não há placas;;Dupla;Faixa seccionada;;
202230606,0;2022-12-20;;1;FINALIZADA;SÃO JOSÉ;RUA SANTA RITA;;;PROX A TORRE DE GEMEAS;SÃO JOSÉ;76,0;CIDADE;QUEDA;0,0;1,0;0,0;0,0;0,0;0,0;0,0;0,0;0,0;1,0;0,0;Longo da via;Bom;Sem defeito;Perfeito estado;Seca;Perfeito estado;Não existe;;;Dupla;Faixa seccionada;;
202230621,0;2022-12-20;;1;FINALIZADA;ESTÂNCIA;AV ESTANCIA;;RUA MORAIS E SILVA;PROX A ESTAÇAO SANTA LUZIA;ESTÂNCIA;;;COLISÃO LATERAL;1,0;1,0;0,0;0,0;0,0;0,0;0,0;0,0;0,0;1,0;0,0;;;;;;;;;;;;;
202230622,0;2022-12-20;;1;FINALIZADA;SANCHO;RUA DO SANCHO;255,0;RUA APRIGIO GUIMARAES;AO LADO DA IGREJA SALÃO DO REINO DAS TESTEMUNHA DE JEOVA;SANCHO;;;COLISÃO TRASEIRA;2,0;0,0;0,0;0,0;0,0;0,0;0,0;0,0;0,0;1,0;0,0;Longo da via;Bom;Não existe;Não existente;Seca;Perfeito estado;Não existe;Não há placas;;Dupla;Não existe;;
202230629,0;2022-12-20;;2;CANCELADA;PORTO DA MADEIRA;RUA NOVA ESPERANCA;99,0;RUA DR TRINDADE HENRIQUE;(RUA VILA NOVA ESPERANÇA) PRÓXIMO AO SEST SENAT;PORTO DA MADEIRA;;;COLISÃO FRONTAL;0,0;0,0;0,0;0,0;0,0;0,0;0,0;0,0;0,0;0,0;0,0;;;;;;;;;;;;;
202230630,0;2022-12-20;;1;FINALIZADA;VASCO DA GAMA;RUA VASCO DA GAMA;4095,0;;SUBIDA DO VISGUEIRO;VASCO DA GAMA;;;ATROPELAMENTO DE PESSOA;0,0;0,0;0,0;0,0;1,0;1,0;0,0;0,0;0,0;1,0;0,0;Longo da via;Bom;Não existe;Não existente;Seca;Perfeito estado;Não existe;Não há placas;;Dupla;Não existe;;
202230637,0;2022-12-21;;1;FINALIZADA;PRADO;AV ENGENHEIRO ABDIAS DE CARVALHO;1079,0;RUA JOAO IVO DA SILVA;PRÓXIMO AO HABIBBS;PRADO;132,0;SUBURBIO;COLISÃO FRONTAL;0,0;1,0;0,0;0,0;0,0;0,0;1,0;0,0;0,0;1,0;0,0;Cruzamento;Bom;Sem defeito;Perfeito estado;Seca;Perfeito estado;Faixa de pedestre;Não há placas;;Dupla;Faixa contínua;Canteiro central;
202230660,0;2022-12-21;;1;FINALIZADA;CAMPO GRANDE;EST DE BELEM;1470,0;RUA TENENTE FORTUNA;;CAMPO GRANDE;;;COLISÃO TRANSVERSAL;1,0;1,0;0,0;0,0;0,0;0,0;0,0;0,0;0,0;1,0;0,0;;;;;;;;;;;;;
202230662,0;2022-12-21;;1;FINALIZADA;IPUTINGA;RUA RIBEIRO PESSOA;;AV CAXANGA;AO LADO DA UPA;IPUTINGA;281,0;CIDADE;COLISÃO FRONTAL;2,0;1,0;0,0;0,0;0,0;0,0;0,0;0,0;0,0;1,0;0,0;Cruzamento;Bom;Sem defeito;Perfeito estado;Seca;Perfeito estado;Agente;Outras;60 km/h;Única;Não existe;;
202230671,0;2022-12-21;;1;FINALIZADA;CORDEIRO;RUA SOUZA BANDEIRA;54,0;;PROX A FARMACIA DROGASIL;CORDEIRO;;CIDADE;COLISÃO COM CICLISTA;1,0;0,0;0,0;1,0;0,0;0,0;0,0;0,0;0,0;1,0;0,0;Longo da via;Bom;Não existe;Perfeito estado;Seca;Perfeito estado;Não existe;Outras;;Única;Faixa seccionada;;
202230690,0;2022-12-21;;1;FINALIZADA;SAN MARTIN;AV JOAO CABRAL DE MELO NETO;416,0;;NA PONTE APÓS A ROTATORIA SENTIDO AV. RECIFE;SAN MARTIN;;CIDADE;ATROPELAMENTO DE PESSOA;1,0;0,0;0,0;0,0;1,0;0,0;0,0;0,0;0,0;1,0;0,0;Ponte;Bom;Não existe;Não existente;Seca;Perfeito estado;Não existe;Não há placas;;Dupla;Canteiro central;;
202230693,0;2022-12-21;;1;FINALIZADA;TORRE;RUA JOSE BONIFACIO;1315,0;;ESTACIONAMENTO DO CARREFOUR;TORRE;;;COLISÃO FRONTAL;1,0;1,0;0,0;0,0;0,0;0,0;0,0;0,0;0,0;1,0;0,0;Outros;Bom;;Perfeito estado;Seca;Perfeito estado;Não existe;Não há placas;;Única;Faixa seccionada;;
202230696,0;2022-12-21;;1;FINALIZADA;ESPINHEIRO;RUA MARQUES DO PARANA;;RUA ALFREDO DE CARVALHO;PROXIMO A SIMONE BARROS E AO MARTELINHO DE OURO;ESPINHEIRO;;CIDADE;COLISÃO LATERAL;1,0;1,0;0,0;0,0;0,0;0,0;0,0;0,0;0,0;1,0;0,0;Cruzamento;Bom;Não existe;Perfeito estado;Seca;Perfeito estado;Faixa de retenção;"Placas ""Pare""";30 km/h;Única;Não existe;;
202230703,0;2022-12-21;;1;FINALIZADA;BARRO;AV DR JOSE RUFINO;1640,0;;EM FRENTE A ENTRADA DE JARDIM UCHOA;BARRO;557,0;CIDADE;COLISÃO LATERAL;1,0;1,0;0,0;0,0;0,0;0,0;0,0;0,0;0,0;2,0;0,0;Esquina;Bom;Sem defeito;Incompleta;Seca;Mal conservada;Faixa de pedestre;Não há placas;;Dupla;Não existe;;
202230755,0;2022-12-22;;1;FINALIZADA;CASA AMARELA;AV NORTE MIGUEL ARRAES DE ALENCAR;6607,0;RUA BONITO DE SANTA FE;PROX. A MATERNIDADE BARROS LIMA, SENT. CIDADE;CASA AMARELA;256,0;CIDADE;COLISÃO COM CICLISTA;0,0;0,0;0,0;1,0;0,0;1,0;0,0;0,0;0,0;1,0;0,0;Longo da via;Nublado;Sem defeito;Perfeito estado;Seca;;;Outras;;Única;Canteiro central;;
202230761,0;2022-12-22;;1;FINALIZADA;IPSEP;RUA MANOEL BEKMANN;88,0;RUA ALEXANDRE ALMEIDA;PROX. A PRAÇA DO IPSEP;IPSEP;;;COLISÃO FRONTAL;1,0;1,0;0,0;0,0;0,0;0,0;0,0;0,0;0,0;1,0;0,0;Longo da via;Bom;Não existe;Não existente;Seca;;Não existe;Não há placas;;Dupla;Não existe;;
202230764,0;2022-12-22;;1;FINALIZADA;ILHA DO LEITE;RUA FRANCISCO ALVES;212,0;;PROX. AO HOSPITAL ESPERANÇA;ILHA DO LEITE;;CIDADE;COLISÃO LATERAL;1,0;1,0;0,0;0,0;0,0;0,0;0,0;0,0;0,0;1,0;0,0;Longo da via;Bom;Não existe;Perfeito estado;Seca;Perfeito estado;Não existe;Não há placas;40 km/h;Dupla;Faixa contínua;;
202230767,0;2022-12-22;;1;FINALIZADA;DERBY;PRC DO DERBY;;AV GOVERNADOR AGAMENON MAGALHAES;PRÓX. AO BRADESCO;DERBY;;;COLISÃO LATERAL;0,0;1,0;0,0;0,0;0,0;1,0;0,0;0,0;0,0;1,0;0,0;Cruzamento;Bom;Sem defeito;Perfeito estado;Seca;Perfeito estado;Agente;Outras;60 km/h;Única;Faixa seccionada;;
202230774,0;2022-12-22;;1;FINALIZADA;BAIRRO DO RECIFE;RUA DA AURORA;;RUA PRINCESA IZABEL;EM FRENTE A DELEGACIA DA POLÍCIA CIVIL.;BAIRRO DO RECIFE;;;COLISÃO FRONTAL;1,0;1,0;0,0;0,0;0,0;0,0;0,0;0,0;0,0;1,0;0,0;Cruzamento;Bom;Sem defeito;Perfeito estado;Seca;Perfeito estado;Faixa de retenção;Não há placas;;Única;Não existe;;
202230806,0;2022-12-22;;1;FINALIZADA;CAMPO GRANDE;EST DE BELEM;692,0;;EM FRENTE AO RESTAURANTE PASSIRA;CAMPO GRANDE;504,0;;COLISÃO FRONTAL;1,0;1,0;0,0;0,0;0,0;0,0;0,0;0,0;0,0;1,0;0,0;Cruzamento;Bom;Sem defeito;Perfeito estado;Seca;Perfeito estado;;R-6a;;Dupla;Faixa contínua;;
202230813,0;2022-12-22;;1;FINALIZADA;AREIAS;RUA IPOJUCA;273,0;;AO LADO DA ESCOLA MUNICIPAL DE AREIAS;AREIAS;;;COLISÃO FRONTAL;1,0;1,0;0,0;0,0;0,0;0,0;0,0;0,0;0,0;1,0;0,0;Cruzamento;Bom;Não existe;Incompleta;Seca;Mal conservada;Não existe;"Placas ""Pare""";30 km/h;Dupla;Não existe;;
202230832,0;2022-12-22;;1;FINALIZADA;BOA VIAGEM;RUA ANTONIO FALCAO;735,0;;EM FRENTE A PARQUE DO TRIGO DELICATESSEN;BOA VIAGEM;;;COLISÃO LATERAL;1,0;1,0;0,0;0,0;0,0;0,0;0,0;0,0;0,0;1,0;0,0;Cruzamento;Bom;Não existe;Perfeito estado;Seca;Perfeito estado;Não existe;R-6a;;Única;Faixa seccionada;;